qid,status,latency_s,memory_delta_bytes,network_delta_bytes,disk_delta_bytes
10001,ok,10.222,5016436736,3152028336,3030056960
10003,ok,26.036,16647122944,10292222002,4737093632
10015,ok,66.764,13428494336,3614113398,3204726784
10031,ok,7.519,5606875136,1055744019,1008668672
10035,ok,41.045,11243274240,11707033805,4008849408
10058,ok,5.119,8135036928,1082437110,3963166720
10068,ok,0.516,495869952,115381,519700480
10071,ok,3.418,5665701888,179097869,2945679360
10073,ok,31.638,5074546688,1042130685,4928696320
10074,ok,15.032,11985936384,1787985971,567566336
10075,ok,21.237,7299469312,3404275792,3203383296
10076,ok,59.631,11302924288,7756262286,3611910144
1008,ok,8.133,8936427520,1073741824.0,1851289600
10083,ok,14.824,20160737280,1706939985,562253824
10087,ok,15.431,7229435904,3403583086,3202850816
10088,ok,3.218,4427579392,892669468,3962933248
10091,ok,16.631,9779326976,4922145707,4937433088
10094,ok,3.918,4527198208,853379,4379799552
10109,ok,25.939,5390663680,3381518447,3027623936
10110,ok,2.72,3225133056,681847,3166965760
10119,ok,39.445,8536436736,11621250303,3750150144
10122,ok,29.538,13683281920,7072010511,2951012352
10125,ok,5.92,9929289728,722166827,3839356928
10128,ok,76.561,16694861824,7710946516,3866742784
10137,ok,3.518,5713690624,181303819,2945576960
10155,ok,17.732,11636826112,7753823315,3607973888
10158,ok,6.52,12923191296,967394057,3018612736
10170,ok,30.739,19888709632,13173943480,4411809792
10172,ok,6.42,9578909696,2444690148,2726785024
10173,ok,5.22,8022048768,1081727771,3956461568
10182,ok,10.927,11104698368,1286837108,4014682112
10187,ok,2.117,3771035648,95160949,462200832
10189,ok,2.918,3246739456,1069247,3168002048
1019,ok,13.463,9851916288,1739461754.879963,1544704000
10199,ok,2.82,3291521024,517897,3166978048
10206,ok,6.021,9273114624,1102817652,3965902848
10208,ok,13.526,8917770240,7372063909,3810983936
10211,ok,26.542,17465483264,10358550864,4763381760
10216,ok,6.12,9246552064,1105281285,3962945536
10218,ok,24.131,8539107328,3393322822,3151851520
1022,ok,14.688,6991896576,1621350154.2400303,5156397056
10225,ok,6.019,9183637504,1105713006,3964076032
10229,ok,10.025,7413485568,267951997,2915549184
10234,ok,1.917,2538221568,620079975,562188288
10237,ok,129.311,10451632128,4275474597,4030353408
10242,ok,23.136,8458231808,3424016172,3202883584
10243,ok,3.72,6219538432,490982820,3965882368
10257,ok,1.216,2049064960,649874344,513302528
10259,ok,6.02,9279451136,1103548708,3963363328
10260,ok,25.834,5332566016,3380913432,3029491712
10262,ok,157.517,9060118528,1512275144,6941552640
10274,ok,5.623,12042170368,1765794700,4419850240
10294,ok,17.332,8478646272,4094387853,3859947520
10300,ok,5.121,7916937216,1084187573,3964080128
10309,ok,0.816,1566146560,250001077,252755968
10315,ok,13.024,8929099776,7373159607,3811061760
10316,ok,9.724,9716613120,4896397384,4007739392
10319,ok,30.138,7518740480,1468674822,6470930432
10322,ok,15.529,7363096576,3403509227,3203452928
10330,ok,3.318,5699973120,342607135,3862556672
10334,ok,17.729,11625541632,7753831981,3607650304
10335,ok,2.519,3358806016,31785021,2947559424
10340,ok,21.734,13936377856,9911428644,5042733056
10342,ok,74.574,19679903744,14232286519,3727814656
10348,ok,9.525,20805390336,2128896369,562225152
1035,ok,26.036,8505868288,4402341478.399994,3750010880
10350,ok,4.319,5324709888,893449431,3914854400
10358,ok,26.237,16610570240,10292052167,4735561728
10361,ok,18.128,11648536576,7754968053,3607724032
10363,ok,1.216,2070593536,649522687,513589248
10367,ok,9.121,22510891008,1839453369,566157312
10368,ok,2.417,4568051712,643046601,452984832
10371,ok,19.929,10453135360,5008599241,4937789440
10375,ok,2.717,3253395456,672566,3160657920
10391,ok,13.027,8988917760,7372397082,3811110912
10399,ok,3.817,4606267392,1621342,4363661312
10406,ok,16.629,9709322240,4923193045,4937400320
10407,ok,2.019,3876855808,884094375,582082560
10412,ok,4.12,6943199232,305540712,2945462272
10419,ok,9.223,13914345472,2345638518,3733114880
10439,ok,23.738,8569765888,3394406826,3155431424
10446,ok,4.119,6931558400,304256737,2945499136
10450,ok,0.715,1216331776,597599723,561590272
10458,ok,9.922,12668547072,1944105995,560635904
10484,ok,29.44,23148646400,12748762450,3699695616
10499,ok,30.037,18382700544,12753342819,3693428736
10501,ok,3.217,5602365440,180726646,2945417216
10506,ok,13.727,6199549952,2681826180,2497314816
10521,ok,3.817,8062820352,893682466,3390169088
10526,ok,2.617,3271790592,712436,3166822400
10532,ok,9.421,9240924160,3323370878,2657677312
10533,ok,69.064,10244071424,2204235748,3968864256
10538,ok,33.109,2789478400,3198380,2678861824
1054,ok,12.118,5797916672,2147483648.0000076,1148403712
10543,ok,25.934,5424078848,3383012948,3027816448
10548,ok,10.546,9351094272,2206136144,3963117568
10549,ok,6.12,9290883072,1102988268,3956981760
10555,ok,5.12,4750356480,1652940,4363235328
10556,ok,17.728,11596816384,7754983939,3613417472
10563,ok,26.135,14574518272,10583822828,4937801728
10569,ok,13.126,8930680832,7373648235,3810758656
10572,ok,10.024,19928059904,2893794814,6660878336
10587,ok,14.347,22127521792,1899505381,432820224
10601,ok,46.029,6161977344,1088441417,3844542464
10603,ok,15.128,8336322560,4482050868,3995455488
10606,ok,21.431,13923766272,9911435915,4937269248
10610,ok,16.229,8974884864,7966190186,3811741696
10614,ok,5.219,8118272000,1085466050,3963244544
10618,ok,7.423,11646541824,849908966,443506688
10619,ok,9.122,20997734400,1756787800,562520064
10639,ok,13.425,9848348672,4541339407,4116025344
10644,ok,4.319,5328867328,893751296,3914821632
10645,ok,1.616,3157553152,828600741,561811456
10646,ok,8.121,19899060224,1575806298,564801536
10653,ok,15.327,7358566400,3403603517,3202342912
10655,ok,6.021,8996110336,1101106140,3963682816
10664,ok,41.246,11040284672,11706354885,3998949376
10667,ok,7.922,10631757824,1437760384,457519104
10678,ok,3.316,3835203584,796459,3713400832
10682,ok,2.717,4919975936,702322788,429809664
10688,ok,6.119,8768655360,1630290252,3470393344
10695,ok,9.321,9514647552,3322513562,2657931264
10696,ok,2.517,3409084416,30407840,2945478656
10705,ok,6.119,9077960704,1100958139,3963248640
10711,ok,1.817,3864195072,869989408,584732672
10719,ok,4.32,7921012736,1079611514,4767154176
10720,ok,3.818,4597583872,874688,4363350016
10722,ok,26.035,16613752832,10292649446,4737830912
10731,ok,5.921,11708596224,1359740698,513191936
10738,ok,17.727,11760766976,7755071430,3613446144
10742,ok,3.818,4615716864,842800,4363120640
10754,ok,8.524,3767824384,676741117,601604096
10755,ok,5.218,8035340288,1083346422,3962777600
10756,ok,88.851,14849114112,2211434144,5562298368
10759,ok,12.697,8006705152,1084544986,3966521344
10760,ok,0.518,483733504,119978,519585792
10765,ok,5.12,8020172800,1085743336,3962949632
10783,ok,16.63,9723699200,4921858731,4938440704
10795,ok,15.336,7304015872,3403572375,3202445312
10796,ok,66.17,11850477568,2303230512,2006994944
10803,ok,10.007,8894054400,1629595997,3470475264
10804,ok,74.369,12009684992,23409323611,3341778944
10808,ok,102.595,10672291840,9119942972,13213282304
10817,ok,2.817,3290226688,821217,3167322112
10818,ok,2.717,5403897856,734575383,425754624
10820,ok,1.415,1381642240,422428,1308696576
10821,ok,3.321,5713526784,181324448,2945536000
10828,ok,114.505,28524982272,4542200977,3262083072
10829,ok,21.434,13955112960,9912022730,4940935168
10833,ok,71.674,19776536576,15961397421,3992985600
10848,ok,2.016,2552451072,657772720,563892224
1085,ok,21.802,12783063040,3650722201.5999756,3988369408
10861,ok,25.933,16650194944,10293466550,4737646592
10866,ok,6.02,9247985664,1106062335,3963318272
10867,ok,52.027,13043826688,3409049654,3060752384
10872,ok,4.521,5723467776,183132266,2946162688
10881,ok,88.466,37297373184,23244526020,10116071424
10893,ok,6.12,8668540928,1629805315,3470147584
10895,ok,1.917,2311897088,993765618,513454080
10906,ok,10.423,15164690432,1779168183,472641536
10907,ok,9.422,9556951040,3323265167,2657865728
10912,ok,6.019,8753606656,1628059519,3469737984
10914,ok,5.118,8105705472,1080807037,3963584512
10916,ok,64.653,10964844544,11707285327,4009480192
10948,ok,57.345,4732461056,1229859024,3477270528
10954,ok,60.976,8626384896,7967934770,3813023744
10962,ok,66.194,6220656640,1418605186,3853950976
10966,ok,45.333,8778764288,3424849188,3203735552
10989,ok,24.933,8722464768,2740355877,2520936448
10990,ok,41.343,11064094720,11708243716,4007649280
10991,ok,17.833,11687452672,7755811380,3607633920
10992,ok,17.83,11694456832,7754878475,3610464256
10993,ok,40.949,11150221312,11707914560,4005363712
11007,ok,2.82,3296714752,744924,3173826560
11016,ok,40.748,11073716224,11298314802,4008501248
11018,ok,5.32,8200708096,711321010,4431970304
11024,ok,11.027,22628601856,2212956514,562524160
11028,ok,14.728,5383602176,3894833000,3812360192
11038,ok,21.331,13843480576,9911558841,4937388032
11039,ok,60.158,11771424768,14157829830,4009476096
11046,ok,19.631,8718626816,3243207256,3038851072
11052,ok,107.303,12772933632,9317553641,13323399168
11063,ok,29.236,3706707968,672871400,6608035840
11069,ok,5.12,8013357056,1080604846,3963097088
11074,ok,18.93,13613395968,10046378808,4846505984
11082,ok,15.328,7357366272,3403370813,3202572288
11087,ok,39.546,8514560000,11625923206,3744964608
11095,ok,2.719,3761262592,3235928616,3202523136
11097,ok,25.834,16681529344,10292737478,4734521344
11100,ok,3.318,5655490560,185416204,2945585152
11103,ok,8.923,12379410432,1850377922,563269632
11112,ok,2.818,5443170304,733967135,429780992
11115,ok,2.818,3322507264,816135,3167010816
11123,ok,2.818,3898220544,3258762349,3225149440
11125,ok,22.534,14042775552,10015939884,4937764864
11144,ok,23.134,13257646080,10895844384,3699134464
11145,ok,207.858,10768519168,9020058362,13256044544
11146,ok,61.76,15798476800,15509235628,3917692928
11154,ok,23.232,8403800064,3424244048,3205918720
11155,ok,3.22,3287838720,681382,3166851072
11156,ok,6.324,8882651136,1629761121,3470082048
11157,ok,6.121,9117184000,1104233746,3963084800
11160,ok,6.923,6392225792,1086615209,3841703936
11163,ok,26.736,14584664064,10648058104,4969529344
11170,ok,6.92,9061707776,1114128930,4349071360
11172,ok,213.985,16308936704,8951773597,14614331392
11173,ok,174.309,11003297792,8756321178,13008404480
11182,ok,61.837,9071640576,904482265,3853242368
11193,ok,55.745,23158378496,12705586467,3703816192
11198,ok,3.219,4396199936,891154414,3963109376
11215,ok,39.645,8586489856,11622742322,3750264832
11216,ok,29.837,11504365568,7755544784,3608842240
11227,ok,36.842,10292838400,3418643289,2724368384
11235,ok,3.524,3805212672,817036,3719815168
11236,ok,21.333,13927944192,9910920587,4937314304
1126,ok,39.168,28769492992,8697308774.400017,6163062784
11265,ok,13.128,8986742784,7372937127,3810791424
11266,ok,25.239,9661399040,4142295619,3863072768
11279,ok,2.718,2851012608,1462527242,568369152
11287,ok,3.618,4451954688,3893061295,3860254720
11289,ok,3.319,5641007104,185177153,2945683456
1130,ok,17.532,13430874112,6227702579.200005,3538206720
11310,ok,6.021,12144676864,1566034078,3390652416
11315,ok,11.269,11152723968,2296220368,3985899520
1132,ok,3.847,5033988096,322122547.1999817,604823552
11322,ok,21.332,14001446912,9911282951,4940550144
11325,ok,7.022,10637406208,1133945569,3984601088
11330,ok,68.673,21288165376,18406702113,3181023232
11331,ok,6.222,9203220480,1103644577,3963224064
11333,ok,62.928,4096053248,895710183,3967680512
11334,ok,29.063,5526822912,188934741,2947944448
11339,ok,8.726,20125347840,1575871460,562520064
11341,ok,8.125,12597272576,2230979600,567128064
11345,ok,2.32,2561232896,658647,2509250560
11355,ok,2.821,2590732288,1021242505,537063424
11358,ok,5.622,4856606720,1226396124,3469705216
11364,ok,3.323,5668487168,184385571,2946211840
11368,ok,96.095,21545979904,17409461982,4373123072
11396,ok,30.14,24847028224,13134890357,4412530688
11399,ok,21.332,7276556288,2702428044,2493607936
11417,ok,22.032,13964099584,9976672222,4969750528
11420,ok,202.47,10260922368,8869654903,13313499136
1143,ok,9.351,9956442112,3865470566.4000244,2661879808
11437,ok,26.038,16632467456,10293903559,4736643072
11439,ok,16.031,4214382592,386104482,4032638976
11446,ok,26.139,13318397952,11932578199,3706556416
11455,ok,2.823,3851309056,3235765897,3202166784
11457,ok,5.124,7780806656,1357326016,4927746048
11464,ok,1.119,2071347200,649664204,513445888
11467,ok,26.233,14574350336,10583382190,4937670656
11469,ok,24.234,13986680832,9830548589,4129390592
11470,ok,4.02,7916994560,840568237,3336192000
11471,ok,13.127,9024012288,7372645809,3811229696
11474,ok,161.14,11418316800,8709820553,13013508096
11479,ok,17.931,8830369792,7966433070,3812171776
11482,ok,51.322,3262513152,4158911,3169423360
11487,ok,63.552,6118858752,494638048,3967971328
11499,ok,5.127,3294994432,848249970,564289536
11512,ok,12.424,4627648512,1979198,4365582336
11518,ok,4.422,5347254272,893036558,3914756096
11519,ok,4.524,5327802368,893758144,3914878976
11540,ok,63.82,8980197376,1103401285,3968163840
11541,ok,20.129,8726593536,1631830729,3471060992
11542,ok,39.445,8499482624,11622562043,3740372992
11543,ok,5.383,6403133440,856309545,3963092992
11547,ok,25.839,13532520448,11931039024,3699326976
11555,ok,44.681,5054107648,3165419313,2263990272
11556,ok,218.077,10590420992,8721586316,12994990080
11557,ok,5.527,7761494016,2383814493,2577932288
11559,ok,3.321,5661515776,185154939,2945511424
11565,ok,6.025,10254348288,788869741,3850383360
11567,ok,23.135,8409743360,3422971426,3202637824
11582,ok,9.723,14432948224,2950912273,5562638336
11584,ok,5.222,8120287232,1081205345,3963146240
11598,ok,25.935,5438779392,3382785001,3027730432
11608,ok,9.325,20277739520,1708672260,562626560
11614,ok,34.647,5670715392,175109712,6589820928
11628,ok,6.823,6083039232,1085469849,3839377408
11631,ok,24.339,9674788864,3441082795,3225772032
11638,ok,26.74,9721069568,3461013278,3226296320
11649,ok,1.116,2084687872,649654587,513302528
11661,ok,23.133,8510906368,3424068306,3203891200
11677,ok,4.631,5971206144,566285341,4927283200
11696,ok,114.109,16186384384,49327980368,4253229056
11700,ok,416.256,10854612992,8720176671,13303484416
11703,ok,106.4,8554184704,9037928805,13315149824
11717,ok,355.134,11283234816,2877680623,9633173504
11719,ok,44.348,11825446912,11801867316,3536809984
11726,ok,6.12,8679632896,1630341459,3470188544
11729,ok,25.938,5433397248,3381655782,3030503424
11740,ok,21.431,13982511104,9912508273,4937867264
11742,ok,202.748,10087743488,9076424662,13352022016
11744,ok,1.521,2351550464,404302318,564953088
11753,ok,102.894,8838373376,8718638003,13302411264
11764,ok,63.432,14864146432,12089843499,3803062272
11769,ok,18.269,5873975296,1420690580,3842904064
11775,ok,69.878,4115402752,900373464,3965296640
11777,ok,53.011,8443510784,3401567387,3162370048
11778,ok,52.46,3306221568,4268683,3176419328
11787,ok,2.13,2902114304,198247440,802471936
11796,ok,32.839,9647538176,3276809906,3033407488
11798,ok,2.418,4788191232,1014209281,657481728
11800,ok,15.428,7311814656,3403505573,3203276800
11804,ok,14.327,8995127296,7375521962,3811020800
11807,ok,32.946,8517304320,2739553028,2517843968
11810,ok,35.146,3239858176,3591135,3173883904
11821,ok,8.923,18473234432,1673628149,585748480
11822,ok,15.13,7214481408,6533743292,3739398144
11825,ok,21.336,17207767040,10338905707,5255548928
11829,ok,4.318,7309168640,1759341545,4681269248
11830,ok,23.733,8548466688,3394578398,3152470016
11831,ok,5.121,7929606144,1084723510,3962994688
11838,ok,32.843,20896288768,14948888909,5092851712
11840,ok,3.317,5626687488,183835362,2945576960
11844,ok,36.946,7884845056,524422832,6607798272
11855,ok,8.813,2598387712,1487166783,455565312
11869,ok,68.373,9154392064,2206285621,3968720896
11878,ok,58.95,11303321600,7755651556,3611844608
11881,ok,73.115,13781028864,3610172866,3202224128
11883,ok,54.528,17545314304,3292008012,5468110848
11888,ok,2.719,2931265536,655812,2923839488
11889,ok,25.839,16669921280,10292234529,4737712128
11895,ok,17.931,11692429312,7754842572,3612950528
11898,ok,97.589,21488427008,20726668446,3716706304
11911,ok,7.323,8859402240,1792882358,3469774848
11912,ok,10.925,18394701824,2111067324,4767227904
11919,ok,8.527,4756451328,3334585784,3811221504
11927,ok,17.929,11764277248,7754070756,3607740416
11928,ok,4.018,4586250240,917067,4372205568
11943,ok,23.734,8564330496,3422801472,3203014656
11944,ok,0.616,679149568,356429,581734400
11949,ok,26.033,14561046528,10584069551,4943835136
11952,ok,21.332,13946912768,9911787151,4940734464
11959,ok,4.318,5941534720,453456156,4927414272
11964,ok,44.93,2913452032,1961414,2778980352
11968,ok,49.225,5380718592,3383073935,3030994944
11974,ok,10.029,15544659968,1964961016,580993024
11977,ok,3.318,4394668032,892600237,3962978304
11979,ok,44.555,11867586560,11797815441,3540811776
11982,ok,4.02,6505414656,905044387,4817653760
11999,ok,2.017,4663140352,920545871,564453376
1201,ok,47.087,12457578496,9448928051.199982,5734129664
12019,ok,39.344,8804225024,11622174959,3740069888
12023,ok,64.63,8772530176,3871489428,4009418752
12035,ok,67.55,9507233792,4304080511,4060975104
12046,ok,63.796,5172740096,487026138,3920355328
12048,ok,15.34,20786577408,1902821624,577257472
12050,ok,11.561,4970954752,931377224,564277248
12054,ok,82.766,11072954368,20011558553,2139344896
1206,ok,9.051,7161315328,3650722201.600006,3369971712
12077,ok,62.926,14890610688,1049894417,3848826880
12083,ok,115.122,10404851712,8646936087,12984684544
12096,ok,3.519,4283207680,892338449,3963265024
12097,ok,3.519,5765586944,183994595,2945486848
121,ok,29.588,12213272576,4790335569.920002,1801125888
12102,ok,51.72,3294609408,3977049,3172139008
12107,ok,61.055,8828239872,13107270657,3741065216
12110,ok,61.766,15952388096,15511231962,3920625664
12111,ok,16.229,8984317952,7966372150,3812802560
12118,ok,6.422,8940822528,903994255,4751843328
12120,ok,11.524,9620013056,4896173824,3954688000
12125,ok,41.247,11036774400,11708048095,4006035456
12135,ok,23.939,8766455808,3403629339,3151949824
12137,ok,3.32,4238016512,892730068,3962920960
12142,ok,13.126,8872017920,7372299035,3811917824
12150,ok,9.427,5879730176,1190014870,2790838272
12156,ok,6.121,9278652416,1099727782,3963252736
12158,ok,27.939,8783540224,3870943858,4006260736
12159,ok,47.826,14065954816,9913650697,4944236544
12160,ok,9.424,21902938112,1854563505,562434048
12161,ok,32.544,28200620032,11394132084,4970274816
12175,ok,11.127,22767697920,2217115708,562135040
12181,ok,30.14,18051121152,11738319064,4986118144
12183,ok,4.722,6432202752,1156348601,4879237120
12184,ok,17.732,11690733568,7753654377,3608674304
12190,ok,4.023,4609708032,859119,4367134720
12195,ok,7.622,10670968832,974232271,3799195648
12196,ok,5.22,10287362048,1132425686,3390189568
12212,ok,21.33,13865656320,9909045841,4937535488
12232,ok,2.919,1189597184,399286449,374878208
12237,ok,6.119,9194491904,1105336563,3963133952
12243,ok,6.12,9254785024,1099200674,3966533632
12245,ok,6.122,9010421760,1102834436,3963092992
12251,ok,6.22,11967782912,1178912517,3452399616
12256,ok,10.524,22406418432,1829549659,565583872
12269,ok,53.033,9661505536,3432659390,3178262528
1227,ok,9.328,6680588288,3092376453.120001,1487421440
12280,ok,48.622,10937675776,4842164125,4505513984
12285,ok,33.744,27124654080,11461517840,4704555008
12293,ok,148.817,9554092032,8660736859,12963241984
12297,ok,70.736,11951566848,4029257976,3862757376
12298,ok,89.39,17819283456,2841733018,5554049024
12305,ok,26.519,5561401344,178298404,2948997120
12313,ok,4.218,6610747392,413256516,4766437376
12340,ok,64.39,7946059776,1083255327,3965181952
12343,ok,22.816,6194900992,490896360,3963285504
12345,ok,4.32,5826301952,395673990,3914731520
12346,ok,39.554,8348848128,11620685395,3746746368
1237,ok,66.219,22133694464,11070278205.439997,16183508992
12370,ok,88.987,19781767168,15737411073,3720134656
12380,ok,9.12,9557884928,2412240068,4951027712
12381,ok,15.425,7513108480,3401796464,3205832704
12384,ok,7.322,15256379392,2274279219,5592616960
12388,ok,76.966,16309657600,3213546975,4753436672
12398,ok,30.323,8853078016,1632429636,3473883136
12402,ok,16.43,9749512192,4922999949,4937736192
12406,ok,102.19,10854211584,8762114972,13314670592
12422,ok,56.86,25620160512,15383455534,4892721152
12424,ok,211.16,8835981312,8946028647,13315063808
12425,ok,252.009,7416242176,18038476378,13045374976
12429,ok,22.035,14002970624,9976379249,4962930688
12431,ok,3.517,4710453248,4201167964,4166270976
12444,ok,1.515,1881464832,942095615,461135872
12457,ok,6.221,9087582208,1099520217,3964411904
12462,ok,12.025,17188724736,4178932997,5546151936
12465,ok,37.145,12014850048,7184915855,1991528448
12467,ok,21.935,13972008960,9976854326,4972216320
12473,ok,2.915,3123343360,738209,3009900544
12477,ok,3.117,4113178624,60209160,3145773056
12483,ok,1.917,2580291584,622398843,562237440
12508,ok,39.347,8558358528,11622875375,3744776192
12511,ok,24.502,8671129600,3948790691,3202613248
12518,ok,26.139,5463158784,3382787686,3031453696
12526,ok,5.22,8887455744,1138422675,488992768
12530,ok,2.82,3294658560,687734,3166892032
12533,ok,6.32,10447790080,789517730,3911847936
12538,ok,9.524,20655575040,2144076984,562429952
12545,ok,4.217,5903687680,453325967,4927295488
12563,ok,25.863,13882908672,10657794256,3923681280
12565,ok,1.515,3467993088,687302421,455938048
12569,ok,10.758,10801774592,2207538653,3963244544
12575,ok,39.447,8707051520,11621114425,3745804288
12585,ok,10.625,22868058112,1977308180,568131584
12589,ok,1.318,1837215744,342166488,459956224
12593,ok,25.238,9849593856,4138351404,3860951040
12595,ok,1.617,3028590592,661401314,461144064
12603,ok,51.455,27256643584,13110998955,3744276480
12610,ok,25.934,16665907200,10293933863,4734312448
12613,ok,23.042,8496492544,3424337438,3212365824
12636,ok,25.737,13498949632,11941672715,3702059008
12641,ok,3.917,7062122496,761219675,4643000320
12643,ok,39.544,8559468544,11621428114,3741151232
12646,ok,39.446,8812920832,11622428062,3740618752
12647,ok,5.118,8020418560,1062255152,4014915584
12661,ok,26.033,16629964800,10291984233,4734271488
12664,ok,4.019,4614520832,882022,4362969088
12667,ok,3.317,4367319040,912108241,3975503872
12670,ok,58.564,9232310272,14072504880,3751260160
12680,ok,27.332,16951513088,10654627097,4969816064
12689,ok,4.018,2291683328,1355854220,451375104
12694,ok,5.217,8135794688,1082706889,3963498496
12711,ok,3.317,5730791424,177464432,2948517888
12716,ok,3.415,3916546048,793989,3719438336
12735,ok,25.933,16672555008,10294459196,4734955520
12744,ok,9.321,22307364864,1857227035,562077696
1276,ok,9.402,9188741120,0,1020403712
12760,ok,41.243,11105501184,11707933105,4001968128
12764,ok,13.026,8935714816,7373211079,3811635200
12770,ok,3.316,5688987648,183303538,2945490944
12787,ok,1.016,1856638976,506430504,408084480
12790,ok,25.739,13432889344,11943299666,3701133312
12805,ok,4.719,7400992768,585067825,3839537152
12827,ok,6.62,9356742656,801161834,3141738496
12829,ok,4.516,7139803136,1040590855,4804833280
12839,ok,59.76,17156980736,13687696025,3470897152
12846,ok,2.716,3722534912,3187729978,3150524416
12849,ok,40.144,5985587200,3461441112,3028361216
12855,ok,4.717,7449141248,586595867,3839578112
12860,ok,5.218,7959863296,1084018373,3963092992
12872,ok,1.115,2045034496,649591151,513503232
12873,ok,26.336,14471999488,10583850547,4933754880
12877,ok,17.528,8562290688,4119487309,3860258816
12878,ok,31.539,9622482944,3433217809,3178127360
12889,ok,52.531,7652159488,3464821196,3207073792
12891,ok,50.531,9072066560,2076910999,3965194240
12909,ok,13.026,8940187648,7372961244,3810775040
12912,ok,5.719,12072124416,1766172924,4420259840
12915,ok,12.625,13499076608,6066801967,4734377984
12940,ok,54.942,11257274368,9418908619,3821051904
12941,ok,13.025,8964091904,7372775947,3813793792
12948,ok,9.425,8924155904,2073324843,3964116992
12950,ok,32.024,2090192896,1535950,1968029696
12951,ok,56.278,8429903872,1633547804,3474497536
12959,ok,67.339,8365867008,11623644969,3741102080
12960,ok,64.343,6756397056,639870932,3974172672
12975,ok,33.314,11283357696,5318422824,5050408960
12982,ok,57.534,3936038912,16836540,3644751872
12991,ok,43.329,8968392704,7374879341,3812413440
13009,ok,10.126,8658817024,4459044004,4840353792
13012,ok,38.926,6031003648,2404473846,2344968192
13026,ok,60.836,13167763456,10882151534,3710382080
1303,ok,11.007,7292735488,1073741824.0,1221279744
13050,ok,120.394,9834221568,1404024717,9369890816
13055,ok,3.116,3259731968,703070,3166986240
13062,ok,4.019,4982079488,841584954,3855958016
13063,ok,6.923,6277824512,1086666287,3839623168
13074,ok,5.923,4843057152,1226008922,3470016512
13080,ok,13.125,8991752192,7372893827,3814408192
13092,ok,13.928,13975449600,1247654388,4015935488
13093,ok,17.729,11675746304,7754866882,3608162304
13097,ok,2.82,3528704000,3087442306,3050151936
13110,ok,29.841,20759515136,13904184355,5095211008
13114,ok,103.497,10491940864,8768136636,13264822272
13123,ok,26.34,14594314240,10585927236,4938162176
13127,ok,61.738,8437915648,11623709000,3743834112
13131,ok,38.149,9205813248,3325601108,2663202816
13132,ok,25.943,5449265152,3382855524,3027533824
13133,ok,103.386,9330089984,8721677902,13289025536
13135,ok,9.723,13935939584,5637146806,4970127360
13142,ok,102.199,8641015808,8720173625,13285212160
1315,ok,49.162,12180598784,9126805504.0,5205405696
13162,ok,2.918,3314180096,720796,3219070976
13172,ok,141.144,5389713408,524898854,6463905792
13187,ok,1.221,2074832896,650927079,514334720
13196,ok,37.245,22422740992,15331036225,4914049024
13199,ok,13.234,8981598208,7373227213,3810996224
13210,ok,32.944,13659111424,9912904264,4938895360
13213,ok,80.055,13729120256,9979021560,4973649920
13216,ok,32.542,4592177152,2420811238,1979420672
13228,ok,8.621,11517022208,1683297752,563453952
13229,ok,34.836,11494211584,6458815115,1679216640
13230,ok,3.518,4170690560,14837420,3842105344
13231,ok,98.705,24486191104,4473761085,4096131072
13237,ok,13.325,4655095808,3237478340,3154657280
13250,ok,9.323,9114415104,3323370585,2657357824
13257,ok,55.558,25133203456,15374135182,4941332480
13264,ok,27.834,10371272704,10116584655,3739181056
13268,ok,1.516,2414882816,673618500,536854528
1327,ok,26.428,16588414976,9019431321.600006,3867459584
13276,ok,3.517,3845750784,699088,3719467008
13282,ok,4.115,4606042112,814250,4366733312
13291,ok,1.416,2688126976,145848250,274411520
13292,ok,23.336,13212667904,10884612928,3702177792
133,ok,29.763,12688814080,17396819558.4,5041979392
13307,ok,7.422,12566351872,1559249522,517439488
13308,ok,4.418,6084509696,1062411323,4826935296
13313,ok,60.87,12257755136,3572552260,3204882432
13317,ok,39.643,8566472704,11622370396,3740512256
13321,ok,23.134,8692297728,3424183221,3202555904
13341,ok,9.922,12260151296,1941540594,563388416
13352,ok,17.627,11647578112,7755076756,3604660224
13360,ok,7.719,15017828352,1251752985,3676512256
13364,ok,9.721,11669147648,5674093933,4969078784
1338,ok,2.905,5924753408,0,1476317184
13380,ok,13.123,8953548800,7373242365,3810832384
13382,ok,382.31,11104911360,8775759639,13275664384
13402,ok,13.129,8991805440,7373356571,3811274752
13404,ok,8.223,12707966976,1801946261,561188864
13406,ok,13.025,8946507776,7373118259,3811295232
13417,ok,6.22,8743563264,1630215984,3469783040
13423,ok,9.821,7567265792,267938679,2914299904
13438,ok,62.265,16056958976,15262348118,3875442688
1344,ok,22.825,11081441280,6227702579.199982,1410531328
13452,ok,107.998,11009183744,9133297760,13326606336
13458,ok,59.74,4955045888,127660173,3680743424
1346,ok,13.201,15933452288,3221225472.0,3117461504
13465,ok,35.536,18502041600,2165672032,4768489472
13479,ok,7.52,8804462592,1890250225,4467556352
13483,ok,60.438,6473490432,185343416,3706720256
13485,ok,28.404,8067145728,1087634293,3957415936
13486,ok,4.424,4607721472,967431,4363165696
13490,ok,2.82,5336018944,734032541,430374912
13493,ok,559.443,9859358720,4604798805,4470718464
13497,ok,27.442,21104398336,9948819757,3651252224
13498,ok,6.221,9157419008,1099775303,3962945536
13499,ok,10.226,22582124544,1953339707,562593792
13503,ok,3.417,5654765568,182021585,2945470464
13509,ok,2.919,5383155712,729663358,430092288
13516,ok,4.418,6801940480,750152013,351408128
13519,ok,281.206,12611006464,8971049141,13324619776
13540,ok,5.219,8193769472,1082504210,3963457536
13541,ok,13.125,8875769856,7372025529,3811307520
13544,ok,9.123,20714156032,1883817139,568467456
13546,ok,21.63,13948198912,9912435939,4938223616
13575,ok,3.416,5627039744,182877079,2948743168
13580,ok,5.018,6058127360,918738971,4718342144
13586,ok,39.448,8585240576,11622496618,3740504064
13587,ok,5.122,4684017664,1020246,4363165696
13591,ok,8.92,13365219328,5640608215,4840460288
13592,ok,78.627,13680930816,9914116754,4939452416
13593,ok,8.656,3955265536,13722560,3642368000
13597,ok,61.239,6779944960,11605361885,3750694912
13612,ok,34.338,12187463680,1768622700,4427595776
13614,ok,22.335,14054707200,10015997802,4940550144
13615,ok,2.518,4643876864,673475020,430460928
13626,ok,3.215,3954839552,12996935,3642339328
13627,ok,9.322,20376248320,1707194651,562524160
13631,ok,1.215,2078027776,650298120,513298432
13640,ok,15.324,7276519424,3403541090,3202146304
13646,ok,214.07,14441504768,8878265820,14262571008
13655,ok,7.82,14786498560,1260304954,3676000256
13673,ok,2.016,3812126720,94726515,462245888
13674,ok,21.332,14845779968,10694517705,4750614528
13678,ok,20.128,15595458560,8174695092,3650142208
13712,ok,104.095,6172770304,9304180422,13028978688
13716,ok,78.371,9801715712,4922923902,4945350656
13719,ok,11.14,20292292608,1575956720,562368512
13722,ok,214.091,10485772288,9319215012,13335265280
13728,ok,1.619,4039393280,715302942,438116352
13753,ok,1.615,3292733440,828514491,561545216
13772,ok,18.829,13701156864,10046926753,4841676800
13787,ok,3.918,5053472768,1000210052,4675088384
13790,ok,3.017,3950813184,12776337,3642556416
13795,ok,306.136,7308533760,9025237296,13312831488
13805,ok,10.225,4976553984,3152223716,3027140608
13808,ok,66.201,5745180672,1419732052,3851821056
13813,ok,31.213,9995644928,1791347573,5724418048
13814,ok,74.774,7136333824,766514023,4647993344
13826,ok,39.319,8876228608,1312241763,6804115456
13827,ok,2.617,1057886208,396869671,373637120
13837,ok,8.996,6913503232,795128090,460943360
13838,ok,79.365,13737619456,9914801783,4945358848
13839,ok,9.938,2260049920,621500671,563605504
13854,ok,60.427,8436695040,11622887773,3743391744
1386,ok,10.708,13476405248,4294967296.0,3682947072
13868,ok,41.023,12034682880,3917051417,3880284160
13877,ok,23.738,8467394560,3393960043,3154771968
13880,ok,56.972,25618665472,15389654014,4892135424
13893,ok,21.435,13973041152,9911812680,4940111872
13899,ok,23.335,13553963008,10898329977,3703263232
13902,ok,3.424,5625298944,184126672,2945540096
13912,ok,2.918,3275902976,664243,3167399936
13917,ok,62.162,16229429248,15281324999,3866267648
13920,ok,26.436,17046102016,10358204857,4766097408
13922,ok,17.331,11617214464,9986335031,4893163520
13925,ok,66.343,15804092416,8980122794,4085927936
13932,ok,52.427,11292741632,11708673542,4011372544
13933,ok,2.918,3818270720,3235748097,3202322432
13935,ok,2.923,3240067072,592826,3166994432
13940,ok,5.018,7437869056,584191376,4926218240
13949,ok,9.421,9277509632,3322830772,2657370112
1396,ok,10.18,9291104256,2147483648.0,3033837568
13968,ok,16.633,9789669376,4922640922,4937289728
13976,ok,5.718,12167528448,1766201589,4419940352
13995,ok,70.055,4585717760,3256401,4369801216
14018,ok,11.002,6999085056,875877714,437407744
14034,ok,55.028,8685846528,11623198527,3749179392
14043,ok,60.462,12433694720,3562131053,3204706304
14044,ok,63.57,11936194560,3663772549,3204169728
14051,ok,49.327,5482057728,155700537,2951200768
14063,ok,63.229,11060162560,4186664912,3891601408
14066,ok,7.024,6507696128,1084323725,3839381504
14075,ok,13.107,4203106304,918534395,675856384
14076,ok,308.404,12919930880,8755508015,13010735104
14093,ok,1.919,3796463616,672560626,407990272
14098,ok,51.861,14748516352,12088865620,3806248960
14099,ok,18.63,13984477184,10046765302,4840579072
14114,ok,3.517,5580914688,180525058,2939965440
14119,ok,9.725,20856188928,2132248055,562753536
14123,ok,8.821,17167867904,2667950922,5548449792
14129,ok,39.547,8571285504,11622698119,3741143040
1413,ok,20.876,15332257792,5808943267.840006,2995920896
14132,ok,12.926,8976519168,7373027612,3815354368
1414,ok,130.701,18098634752,9609989324.800005,15251845120
14155,ok,5.221,4785319936,365490,4363202560
14160,ok,2.718,3396354048,3031707729,3027218432
14167,ok,6.322,8612286464,1628973018,3470008320
14183,ok,62.165,16050442240,15262913019,3863695360
14194,ok,4.018,6167515136,495561965,3963293696
14199,ok,21.632,13842526208,9910742299,4937273344
142,ok,18.131,14281822208,4726456320.000006,2951577600
14203,ok,53.024,6154338304,179269057,3199025152
14219,ok,54.95,8928604160,7374741841,3820527616
14220,ok,0.808,41521152,50568,29536256
14222,ok,74.939,9609498624,1088789991,4594098176
14228,ok,6.9,1642881024,507284202,407789568
14238,ok,93.562,20199981056,15737655904,3723870208
14239,ok,17.731,11567734784,7754578734,3607719936
14246,ok,67.372,13595820032,3612513040,3213680640
14250,ok,6.321,8753553408,1630170648,3470540800
14278,ok,74.067,11846324224,14156076526,4006543360
14296,ok,3.121,3324047360,657967,3218345984
14303,ok,9.226,20238274560,1706939735,564957184
14308,ok,10.321,4992364544,3151783726,3027197952
14313,ok,4.618,8496582656,287282276,3675410432
14315,ok,15.029,16200220672,3220509390,4745932800
14319,ok,15.427,7394709504,3403652807,3205214208
14320,ok,10.923,18330718208,2088304393,4773474304
14324,ok,12.726,20829171712,2448051665,5475651584
14333,ok,6.223,9279164416,1101803045,3963211776
14342,ok,49.852,3191373824,1919924,3015200768
14362,ok,57.531,8602570752,11622471054,3741016064
14364,ok,104.596,11186696192,8710759319,13285867520
14370,ok,10.823,15815245824,2286112472,4926496768
14371,ok,16.329,13263990784,10318432384,4939923456
14373,ok,98.189,22710759424,16031118653,3980414976
14381,ok,2.919,5239050240,731159757,429977600
14409,ok,3.516,4308344832,891219638,3963703296
14410,ok,4.221,6427246592,855069700,3839614976
14434,ok,39.345,9327403008,3325666342,2661613568
14438,ok,34.14,6354116608,250084729,2953732096
14448,ok,9.924,12491124736,1948245413,560427008
14450,ok,62.067,15930630144,15276993198,3866005504
14451,ok,27.138,6348316672,3816238690,3733897216
14464,ok,60.663,12290744320,3575494261,3204640768
14468,ok,26.334,14555848704,10584485390,4943851520
14471,ok,4.12,6045052928,921113288,4718022656
14473,ok,10.724,10289733632,3737608535,2860982272
14477,ok,2.718,5185871872,731347280,431435776
14507,ok,11.024,14063005696,2254870499,562475008
14521,ok,39.343,8552423424,11626164903,3744067584
14546,ok,90.887,20719579136,19228757146,3716677632
14549,ok,2.617,1072934912,396766858,373268480
14553,ok,23.834,8540106752,3395698194,3151069184
14561,ok,11.026,22901624832,2244109724,565440512
14565,ok,9.322,20180385792,1706543537,562319360
14569,ok,14.325,4449689600,2999678661,2989678592
14578,ok,9.921,12346363904,1978000759,564592640
14587,ok,90.286,19780526080,15737976317,3715117056
14595,ok,10.924,22548238336,1994429320,566411264
14607,ok,3.917,6183235584,485596115,3963043840
14610,ok,24.431,8806543360,3391585007,3151314944
14628,ok,25.46,17944600576,5185005089,3683049472
14630,ok,7.219,15149768704,1038235914,4228435968
14631,ok,25.937,16714317824,10291101916,4734623744
14645,ok,6.219,8729427968,1630986955,3470839808
14647,ok,52.058,15040544768,12090091744,3806072832
14650,ok,23.333,8636375040,7372651890,3811758080
14672,ok,70.959,4593745920,5252243,4369854464
14674,ok,10.194,6085476352,1087094353,3839479808
14677,ok,172.146,9476329472,8650030433,13034110976
14691,ok,4.219,7951224832,840525642,3336880128
14695,ok,4.822,6053212160,1001554170,4624502784
14706,ok,62.832,10372222976,937265934,3852865536
14710,ok,51.622,8411295744,1796500228,3474202624
14716,ok,4.122,4704890880,658764051,3477868544
14719,ok,13.129,8933462016,7372349620,3816103936
14725,ok,27.938,8837021696,3870997549,4008206336
1473,ok,232.222,5427691520,9524089978.880001,13756911616
14730,ok,3.021,3283009536,729107,3167498240
14738,ok,10.325,4988092416,3152654323,3027546112
14744,ok,4.32,4584603648,906551,4362985472
14753,ok,39.348,8545701888,11621225986,3740745728
14759,ok,9.324,20598079488,1706747799,562089984
14770,ok,71.971,11687747584,1770612158,4427485184
14786,ok,56.43,14608863232,12089647055,3811422208
14789,ok,47.249,13575041024,11920333108,3700699136
14790,ok,17.829,11674554368,7754951228,3607785472
14809,ok,6.12,9328521216,1102566337,3963092992
14823,ok,4.32,5273124864,893264720,3909074944
14828,ok,267.474,11128446976,9062144103,13347479552
14830,ok,11.025,13652602880,2562364591,2062680064
14839,ok,27.432,17419202560,10498289938,4938022912
14845,ok,10.623,22540738560,1831247148,562237440
14848,ok,9.121,20014571520,1706464614,571719680
14850,ok,2.317,2571116544,720722,2509053952
14851,ok,5.219,7770890240,1357747762,4927324160
14854,ok,2.116,3835748352,86761427,438710272
14855,ok,0.814,1452584960,617886590,578056192
14858,ok,30.237,18688978944,12802698522,3699335168
1486,ok,64.152,5100564480,3221225472.0,3882926080
14864,ok,292.118,8625078272,8747274050,13327441920
14889,ok,229.629,10574073856,8712010470,12998602752
14894,ok,88.951,17179590656,2666540392,5552033792
14898,ok,4.223,6076604416,922921373,4718223360
14904,ok,39.926,2608062464,2057242,2510622720
14908,ok,56.829,8638431232,11623468883,3743846400
14923,ok,11.226,9487728640,4922392248,4005740544
14936,ok,18.029,11656527872,7753336670,3607879680
14948,ok,2.817,3277533184,726975,3167027200
14954,ok,2.821,4620595200,128859118,2290438144
14959,ok,104.815,11142025216,8970055061,13281562624
14962,ok,17.631,8309350400,4098215746,3853910016
14972,ok,5.221,7917039616,1083226629,3963342848
14982,ok,5.22,8047886336,1082528455,3963019264
14996,ok,67.266,13741297664,3566131741,3210117120
14998,ok,8.277,8006881280,2114757486,4927373312
15010,ok,17.533,6843564032,1983681231,1838166016
15014,ok,17.629,6940913664,1985354641,1839398912
15015,ok,10.824,7996686336,308125343,2865967104
15020,ok,2.519,4778438656,671521153,429838336
15022,ok,5.196,5460733952,303049448,223817728
15024,ok,8.392,5166329856,705581339,429875200
15025,ok,13.406,18171015168,1309431244,430460928
15046,ok,8.626,3199905792,2242440311,2229276672
15047,ok,32.739,10072174592,3274876918,3047878656
15049,ok,17.63,6774411264,1985163286,1837809664
15057,ok,1.816,2471669760,506348580,562012160
15063,ok,124.317,10705137664,8444084482,28479721472
15077,ok,36.214,3172888576,2244308377,2230718464
15078,ok,47.652,3426787328,37235397,2950828032
15092,ok,39.281,3428093952,31980571,2950905856
15093,ok,2.622,2349051904,503324146,562196480
15102,ok,1.516,1363070976,424495,1308700672
15116,ok,30.339,8085159936,2017818958,1839775744
15126,ok,2.418,4774600704,484124327,455364608
15141,ok,5.919,9399005184,947661143,3799011328
15149,ok,17.633,6896250880,1983838371,1842089984
15150,ok,17.934,7308091392,2513302991,2329653248
15166,ok,1.014,1527877632,338963853,325185536
15172,ok,12.224,14446563328,4172238944,4930719744
15178,ok,13.026,8938098688,7271744043,3811090432
15184,ok,5.919,9573556224,938475449,3802435584
15192,ok,5.921,9482539008,941495364,3798982656
15194,ok,19.529,8674717696,3243215326,3038195712
15204,ok,44.552,11308552192,11799543170,3542654976
15217,ok,9.222,4237328384,3136838746,3050835968
15243,ok,39.854,2622062592,1769428,2510688256
15251,ok,1.495,111837184,161301,66293760
15259,ok,12.585,9564295168,947838443,3799146496
15289,ok,0.117,0,64795,25264128
15300,ok,4.119,7060193280,789573122,458289152
15311,ok,5.922,9406480384,945631818,3799949312
15326,ok,11.246,7432376320,1476701991,2945650688
15327,ok,3.723,5755047936,279356695,3799076864
15338,ok,7.926,18358452224,1309727266,427601920
15348,ok,18.027,7194038272,2513974233,2329018368
15351,ok,50.843,9302556672,3342779188,3046572032
15385,ok,9.297,2161983488,579661986,562106368
15396,ok,44.285,11478310912,964881600,3831775232
15399,ok,0.919,1503211520,338920397,325300224
15403,ok,0.815,1378951168,220869012,223682560
15409,ok,19.937,8139550720,2146552897,1850511360
15414,ok,0.32,276926464,57570,193409024
15436,ok,1.818,2536124416,503248931,564310016
15448,timeout,600.2,-1,-1,-1
15451,ok,176.375,8425205760,640923987805,7147229184
15474,ok,52.393,4373622784,9361331288,2104074240
15475,ok,9.224,20951777280,1754057906,562425856
15503,ok,70.083,9292292096,8191126971,10398683136
15505,ok,62.264,13010010112,3397754598,3091853312
15508,ok,2.721,4217446400,100181128,2288697344
15527,ok,19.534,8680529920,3242354377,3039313920
15534,ok,8.024,18495053824,1309436502,433750016
15535,ok,0.215,156909568,125185,68005888
15540,ok,7.922,18323144704,1309398355,433668096
15561,ok,1.715,2324914176,472863361,456638464
15563,ok,3.018,5515288576,303028485,223465472
15567,ok,3.718,5857021952,281042181,3800383488
15574,ok,5.158,6234955776,810060332,3964125184
1558,ok,114.071,19890642944,11811160064.0,3222429696
15614,ok,3.419,5690568704,176855275,2943606784
15615,ok,10.527,22572744704,1852954514,564908032
15618,ok,21.933,8717090816,3243679925,3041243136
15619,ok,5.818,9399488512,936808011,3800657920
15624,ok,0.119,0,102498,25006080
15662,ok,2.515,4818567168,669200598,430284800
15678,ok,4.217,6529040384,900970246,4766273536
15679,ok,30.337,8207814656,2021159593,1840865280
15689,ok,9.022,20651012096,1769777580,562765824
15697,ok,17.933,7245533184,2513656218,2329718784
15700,ok,0.815,1355563008,220944233,224219136
15701,ok,2.918,4506943488,102405486,2494214144
15715,ok,1.821,2461110272,506588763,562044928
15728,ok,5.822,9425006592,937791669,3799638016
15731,ok,5.922,9381023744,935911327,3803713536
15733,ok,7.023,8337903616,1109659467,3140874240
15735,ok,8.021,17761222656,1309482796,430727168
15744,ok,1.215,1678999552,224222701,354344960
15747,ok,1.116,1636499456,224221250,354492416
15776,ok,51.956,13981679616,12090169992,3806408704
15792,ok,6.818,4118327296,480855806,324997120
15806,ok,3.998,1418031104,91347993,222851072
15810,ok,2.191,1197875200,87987656,92098560
15828,ok,9.297,2196340736,624668158,562139136
15832,ok,37.243,6603726848,316788853,3837206528
15842,ok,1.921,2462121984,620041277,562061312
15855,ok,5.118,8045588480,767054133,3141193728
15864,ok,9.225,20439556096,1749004485,565276672
15877,ok,2.915,3254517760,794153,3166883840
15887,ok,51.166,11126292480,3265580658,3153870848
15888,ok,63.033,8355594240,4884038609,3956920320
15889,ok,7.604,4592906240,671035764,433283072
15906,ok,41.75,6374133760,1207571070,4308451328
15940,ok,1.816,2386137088,554464561,458604544
15954,ok,27.149,10039308288,5749441958,3040641024
15973,ok,3.022,6365011968,744552273,456253440
16017,ok,1.014,2030223360,439712109,436264960
16019,ok,7.92,9681698816,1355587528,3800424448
16032,ok,20.736,8945549312,3233769016,2986987520
16059,ok,1.02,1455296512,91181967,222670848
1608,ok,45.489,9561239552,4305704714.240002,3331731456
16100,ok,0.113,0,70723,35917824
16107,ok,4.118,4585058304,890290,4363182080
16115,ok,17.733,7339110400,2512237626,2332028928
16119,ok,6.22,5186080768,4627228818,3854811136
16171,ok,62.643,5342715904,3965635308,3956350976
16177,ok,31.823,8930586624,3233162046,2987884544
16206,ok,3.123,5483700224,303003985,220848128
16233,ok,27.733,14606110720,11000079708,3567132672
16257,ok,62.645,9351622656,949349802,3805069312
16258,ok,8.107,1866330112,486475965,480280576
16287,ok,307.161,13161439232,2085321545,3320868864
16299,ok,46.849,10386292736,9655545716,1658454016
16330,ok,4.926,3895734272,1079810,3550941184
16332,ok,151.287,9596682240,1614516792,7391461376
16338,ok,11.902,18168926208,1440494858,430309376
16347,ok,31.316,9449013248,941157468,3801432064
16350,ok,20.437,9398448128,3337730910,3041337344
16361,ok,20.631,8951402496,3239363639,2988466176
16365,ok,9.222,9495203840,3323502236,2657603584
16367,ok,22.837,10636632064,3994485010,3699388416
16373,ok,30.339,8205754368,2019245200,1852743680
16386,ok,3.518,5713522688,179772852,2945998848
16394,ok,1.918,4380495872,189134918,306360320
164,ok,29.94,27629735936,4294967296.0,3448963072
16403,ok,0.815,1387982848,220940146,223637504
1641,ok,16.101,19022991360,5905580032.0,4301762560
16410,ok,23.23,13235580928,10897633266,3700310016
16434,ok,27.736,16391872512,5412539292,4117258240
16435,ok,2.417,4665823232,630659161,429813760
16447,ok,3.419,5632348160,183082826,2940092416
16461,ok,1.417,1163522048,22707983,373743616
16462,ok,2.716,5080854528,699908962,429944832
16473,ok,1.916,2537824256,624752483,562139136
16493,ok,6.225,9350733824,942555389,3800498176
16494,ok,48.452,5330518016,2932698148,2923606016
16495,ok,48.745,5500768256,3384436828,3036655616
16507,ok,1.918,2583416832,620105882,562044928
16510,ok,21.132,8406130688,6622937087,3297341440
16519,ok,1.821,2460356608,506317606,562192384
16525,ok,23.135,13243531264,10891998547,3699269632
16547,ok,3.118,3273302016,742491,3061211136
16563,ok,4.018,6107402240,852399177,4767019008
16586,ok,2.418,2755092480,718008,2677948416
16606,ok,3.016,3267067904,609207,3061153792
16612,ok,1.817,2459566080,506337330,562171904
16634,ok,0.916,1503612928,338921728,329711616
16700,ok,4.718,5685186560,219176407,4260352000
16701,ok,1.317,1841823744,342197995,459980800
16703,ok,23.43,13167476736,10890972262,3699744768
16706,ok,1.817,2416410624,503234324,562012160
16728,ok,23.233,13226762240,10901421035,3699064832
16734,ok,2.317,2418966528,766565,2249015296
16738,ok,0.915,1564999680,336347987,326905856
16740,ok,8.722,3211988992,2242647453,2228338688
16743,ok,5.92,9267412992,939667057,3798859776
16751,ok,4.117,7178072064,786890651,460951552
16752,ok,2.517,5788078080,527123042,347201536
16761,ok,37.341,8182800384,10077286343,2909544448
16778,ok,0.815,1387761664,221007966,223825920
16785,ok,212.164,12763459584,8891029925,13249732608
16799,ok,23.133,13282656256,10894227607,3700690944
16846,ok,2.518,4936695808,671723791,429780992
16849,ok,5.918,9419943936,941156358,3801845760
16852,ok,1.716,2207145984,486316249,475713536
16853,ok,47.675,9534087168,10226740820,5866131456
16858,ok,38.945,8677126144,11561551128,3710476288
16875,ok,0.115,0,117106,23453696
16969,ok,2.717,5393661952,700931072,429867008
16989,ok,19.829,8955994112,3243614758,3038302208
17018,ok,7.52,10667397120,970887267,3800403968
17025,ok,19.632,8614612992,3242015718,3038343168
17034,ok,17.727,7396061184,2513313325,2328846336
17078,ok,0.214,132788224,103355,3387392
17087,ok,6.219,8592736256,1630373180,3469762560
17117,ok,17.727,11635871744,7753635196,3607629824
17125,ok,19.729,8658718720,3243348707,3038343168
17142,ok,3.718,5815861248,281074628,3799011328
17162,ok,4.518,7867527168,1079571222,4767023104
17163,ok,47.86,11807141888,10204578099,4045332480
17165,ok,9.222,8447299584,4878685344,3953905664
17168,ok,17.526,6760361984,1983869290,1838084096
17169,ok,2.217,4350889984,513659139,324046848
17175,ok,77.459,5502799872,7778049933,14939738112
17182,ok,17.826,7299260416,2513613558,2336354304
17189,ok,4.317,6951407616,311613434,2947735552
17190,ok,4.119,6404050944,904205491,4766564352
1720,ok,41.27,9821458432,10748155658.240002,3921035264
17213,ok,23.433,13205815296,10894969044,3704582144
17241,ok,5.919,9563467776,949301922,3792568320
1726,ok,15.91,12806557696,3017214525.4399967,1405394944
1727,ok,25.347,5593964544,4294967296.0,3029164032
17297,ok,30.438,8177270784,2018163384,1847906304
17298,ok,0.114,0,80510,37830656
17306,ok,9.422,9211936768,3323630044,2659717120
1732,ok,14.871,16829616128,4294967296.0,3848413184
17322,ok,19.63,8525860864,3241930751,3041284096
17331,ok,2.818,5351280640,695106956,434651136
17332,ok,17.63,6843453440,1985373485,1838088192
17345,ok,1.716,1966407680,372645,2020548608
17371,ok,496.372,11067949056,8695314715,13332049920
17388,ok,1.519,1153998848,22422999,370020352
17391,ok,46.553,10410098688,9653311205,1650036736
17471,ok,17.63,6978609152,1985501924,1838133248
17478,ok,1.019,1487589376,91190338,222679040
17514,ok,3.72,5787942912,281009042,3799064576
17527,ok,2.518,4961497088,671415842,429797376
17536,ok,3.018,4621348864,157026256,2287669248
17571,ok,27.062,11037007872,5742633719,3038097408
17597,ok,8.625,3206119424,2242353885,2228346880
17618,ok,2.22,4592668672,609928357,452853760
17648,ok,1.517,1352839168,556824,1314541568
17649,ok,22.333,10209767424,3959320017,3697823744
17650,ok,2.721,5013721088,698917379,429826048
17686,ok,1.916,2481876992,620003671,562069504
17693,ok,23.233,13282963456,10881646466,3700977664
17697,ok,8.421,2729234432,1733902911,1737420800
17741,ok,188.903,11584626688,8922853876,13331582976
17742,ok,0.218,160423936,89553,136273920
17753,ok,1.316,1812480000,342214861,459968512
17760,ok,5.92,9503961088,947460682,3798925312
17789,ok,51.341,8157999104,7129102436,5094379520
17793,ok,3.418,5478162432,3963514195,3953864704
17797,ok,1.215,1611902976,224513208,354492416
17813,ok,1.916,2532151296,619994373,562032640
17814,ok,19.63,8721633280,3243441539,3038539776
17817,ok,22.134,2739449856,3213179,2682802176
17832,ok,7.896,2066087936,507114175,456458240
17848,ok,9.401,2157703168,506997272,562343936
17856,ok,41.313,4579139584,97004433,2504658944
17870,ok,5.924,9587777536,942642450,3801935872
17875,ok,17.932,7333797888,2512314874,2324590592
17895,ok,1.317,1792454656,342179883,459952128
17919,ok,2.317,2414080000,849388,2248851456
17922,ok,25.733,5637287936,3382110683,3028668416
17941,ok,1.919,2496098304,620047799,562188288
17951,ok,6.838,1633034240,206909469,1343160320
17966,ok,57.82,11388391424,7757025885,3603681280
17970,ok,12.195,2769620992,1164811335,562278400
17987,ok,6.727,6664712192,314257616,3834445824
17990,ok,51.255,10987057152,3269000603,3028393984
18011,ok,32.471,3068977152,2060686850,2003939328
18032,ok,8.314,4723298304,705922408,429867008
18038,ok,17.639,7029678080,1985325790,1839759360
18059,ok,3.323,4951924736,134133419,2985410560
18153,ok,0.219,274808832,85350,161738752
1816,ok,10.27,4774707200,1073741824.0,1247244288
18178,ok,0.215,161128448,110854,136101888
18220,ok,0.115,0,111654,25165824
18294,ok,2.018,2584735744,624648769,562184192
18320,ok,3.62,6270574592,506456068,356265984
18337,ok,1.817,3530043392,78632773,201170944
18404,ok,6.195,3632234496,316390079,323612672
18457,ok,28.404,6029819904,290309431,3802718208
18465,ok,20.733,8930480128,3244950532,2988621824
18502,ok,2.222,4363747328,513688700,327434240
18539,ok,21.336,8856907776,3239540184,2987606016
18542,ok,7.505,1788178432,206242756,452395008
18578,ok,202.955,15367790592,1997208343,3979329536
18593,ok,1.822,2335797248,507575887,456507392
18602,ok,19.733,8564240384,3244003165,3039617024
18604,ok,17.619,6769491968,1985412771,1838698496
18656,ok,17.633,6784798720,1985632746,1842311168
18664,ok,2.121,4138729472,462654112,298176512
18684,ok,1.816,2501505024,473072943,562216960
1869,ok,6.032,12999557120,3221225472.0,4417753088
18706,ok,2.916,5269778432,735980674,429862912
18767,ok,59.003,11819716608,8190407032,8567713792
18783,ok,75.491,8533082112,8198934886,13201039360
18814,ok,0.116,0,33772,6389760
18816,ok,5.918,9608826880,938688474,3810033664
18832,ok,6.023,9343934464,938050895,3794665472
18846,ok,2.218,4297801728,495773969,298414080
1887,ok,15.193,12695453696,1073741824.0,4231864320
18881,ok,3.417,4697776128,603263693,3698655232
1892,ok,9.354,5658406912,107374182.40000916,777105408
18926,ok,60.341,10255679488,3958210123,3703771136
18934,ok,50.021,9770274816,2553308797,2495459328
18997,ok,17.129,9447813120,943101319,3801403392
19031,ok,20.235,8423792640,2739339086,2498969600
19054,ok,5.923,9605156864,946353186,3798847488
19093,ok,1.118,1597263872,224501025,354512896
19110,ok,33.942,9992675328,3267322759,2987761664
19122,ok,20.033,10008903680,1601005613,4253687808
19169,ok,50.53,8968110080,3293879444,3045625856
19174,ok,0.817,83066880,128972,25092096
19186,ok,38.936,7346671616,2514927033,2335043584
19209,ok,0.322,316145664,66945,185069568
1921,ok,87.961,11173171200,22226455756.799988,3982200832
19210,ok,2.225,4332576768,495757840,298569728
19214,ok,1.02,1482407936,91195268,222777344
19224,ok,10.627,11343413248,966415811,3831562240
19262,ok,27.839,16303624192,5406221356,4114558976
19293,ok,1.22,1679720448,224234026,355160064
19366,ok,176.161,12776230912,1732198312,3309117440
19374,ok,0.117,0,88496,37679104
19384,ok,4.318,6676459520,213377442,3643248640
19391,ok,1.417,3976867840,132018583,200593408
19434,ok,30.638,8631140352,2547936511,2339852288
19466,ok,1.517,1337253888,393873,1308934144
19471,ok,1.215,1636806656,224338019,354373632
19490,ok,2.017,2505678848,620112502,557920256
19508,ok,1.214,765947904,14094639,136421376
19566,ok,0.914,2494332928,151339883,184811520
19571,ok,85.845,12605988864,9734566216,4444418048
1960,ok,23.271,18043273216,5798205849.600006,4701147136
19605,ok,7.606,7893364736,1830265743,4767076352
19647,ok,51.048,8563642368,3243066883,3044507648
19659,ok,0.803,82825216,137721,25169920
19667,ok,8.1,4598091776,672725393,430071808
19668,ok,38.852,10525827072,10200814239,2850443264
19673,ok,8.627,3212681216,2242507320,2228322304
19677,ok,7.927,9796669440,1354672090,3799105536
19727,ok,7.525,10617552896,973821174,3799359488
19844,ok,44.552,12224761856,11798695984,3537686528
19858,ok,7.524,10633822208,967506430,3799207936
19865,ok,8.225,18871820288,1440383914,434937856
19867,ok,1.815,2454261760,532412136,468819968
19916,ok,1.115,1647247360,224187183,354467840
19920,ok,3.718,5796843520,280887415,3798880256
19935,ok,32.247,8444264448,2077628007,1855217664
19969,ok,46.955,10535981056,9653644458,1645301760
19992,ok,3.418,5729902592,182448268,2945482752
20010,ok,18.134,15918800896,5257525383,3156140032
20054,ok,11.024,7666716672,592204427,1211326464
20088,ok,82.087,15470383104,13001489487,2646552576
20103,ok,16.131,16245608448,3241465388,1939525632
20114,ok,73.97,11258019840,5111272242,6536515584
20119,ok,1.619,3431010304,514467539,444620800
20193,ok,5.819,5490225152,1889221684,1214074880
20203,ok,235.986,21610143744,3824339938,15802658816
20210,ok,10.227,15821627392,2342598847,4745658368
20270,ok,101.9,14408146944,9990071912,13055041536
20307,ok,114.107,8665571328,1551608564,1229746176
2049,ok,33.495,10463936512,5368709120.0,4382523392
20513,ok,221.27,20212760576,5701188800,16860422144
20789,ok,51.077,10786140160,7809850020,3149209600
20924,ok,12.826,10466947072,4767430115,3845607424
2095,ok,127.65,18494836736,19327352832.0,2385129472
2100,ok,4.048,2288672768,0,1465401344
2101,ok,2.58,5003923456,0,961576960
21019,ok,47.156,20171407360,11937695518,3751665664
21150,ok,64.469,4555997184,671206913,1489199104
21162,ok,28.843,17919709184,5456840407,3406278656
21353,ok,12.028,12018302976,13970500871,1237045248
21454,ok,5.621,3709628416,137649253,2428313600
2157,ok,19.041,20246478848,4080218931.200012,1279180800
21588,ok,50.862,12598079488,6652476763,3159195648
2182,ok,12.14,15228928000,3221225472.0,3066494976
21870,ok,15.03,14312280064,894658420,4260368384
22013,ok,10.229,11703046144,3207850610,3009921024
22018,ok,6.021,3801927680,891773819,1196417024
22074,ok,405.426,10280194048,29245780103,17096974336
2217,ok,40.23,17543086080,6990059274.2399845,4000886784
222,ok,4.001,5501550592,2373179146.239999,1529221120
2241,ok,55.1,11951878144,7301444403.199997,3165822976
22447,ok,9.093,4649259008,892099672,281047040
2250,ok,11.953,6740623360,1181116006.4000092,1346752512
22566,ok,27.44,7369211904,1372814503,1195610112
22624,ok,36.921,3025670144,1406048899,2219331584
2270,ok,7.581,6758977536,1073741824.0,1485787136
22761,ok,24.035,10214141952,7872656962,5712420864
2278,ok,13.927,9255301120,2147483648.0,1522802688
22838,ok,13.726,10271240192,3568719261,2239561728
2289,ok,8.121,9814228992,1073741824.0,1242697728
2290,ok,66.335,8636506112,11811160064.0,2244976640
22951,ok,18.236,13573095424,3048742939,1768120320
23072,ok,95.947,5680816128,2423405611,1983328256
23189,ok,27.838,17200054272,6759051466,1489797120
2329,ok,11.842,15142293504,2147483648.0,2926841856
23340,ok,3.215,2562727936,29596501,1739038720
23393,ok,3.316,2836176896,595240114,818987008
23470,ok,15.627,5641732096,763855549,829313024
23615,ok,37.542,12051267584,4819665703,4322160640
23616,ok,12.724,14766682112,4117939630,2621116416
23626,ok,7.921,9703997440,821308938,8635531264
23703,ok,7.922,8989454336,748909580,397889536
23711,ok,32.135,5570740224,4781857244,4863074304
23725,ok,22.333,16452067328,2068206875,4202958848
23762,ok,25.532,21063917568,5843374769,3103432704
23782,ok,6.818,2000838656,395952720,533778432
23874,ok,6.52,6995300352,3426602763,1615347712
23895,ok,87.988,17927495680,3413272759,3042713600
23923,ok,41.953,25385897984,8069042781,10097037312
24380,ok,72.646,7370702848,2384447697,4032917504
24612,ok,76.471,13491281920,3849869722,3878313984
24624,ok,61.842,16094224384,5777048862,3028869120
24675,ok,15.303,6518513664,1110708078,1116049408
24862,ok,313.951,21694095360,16706600129,16521940992
24906,ok,310.846,12063395840,8322137503,9410609152
25013,ok,5.389,745836544,1027452699,313102336
25027,ok,5.912,7486541824,1497201215,4749004800
25035,ok,1.818,1389006848,1078938259,505876480
25037,ok,5.923,13455388672,1512807649,5465108480
25048,ok,28.771,18966360064,5727432495,560783360
2505,ok,62.267,9572077568,21474836480.0,3713503232
25053,ok,49.449,23348690944,13927125428,2889756672
25054,ok,17.927,24940060672,2483083079,569663488
25073,ok,8.924,3732951040,763342741,994639872
25079,ok,5.626,6033666048,4000164063,3733331968
25083,ok,4.218,8478265344,838238357,651116544
25097,ok,6.018,10649088000,1717518390,4780294144
25101,ok,111.9,30630461440,14691569901,20419756032
25134,ok,5.623,10024488960,1500292916,4589330432
25144,ok,3.809,954613760,97258432,195616768
25176,ok,9.909,6606049280,1456379711,353935360
25196,ok,50.032,15255531520,5465234992,4222148608
25206,ok,8.024,8255967232,4081344614,2440646656
25207,ok,0.92,857501696,167739310,497971200
25223,ok,4.518,2316251136,889080700,332439552
25246,ok,7.507,12025704448,2727666100,452386816
25249,ok,4.621,5516451840,800117226,1517162496
25250,ok,62.465,9779736576,18425691985,3710500864
25251,ok,5.925,2204639232,145203111,1089101824
25258,ok,16.727,9235767296,3989963818,4410916864
25259,ok,49.253,4461481984,8422439417,2676277248
25261,ok,18.334,12065181696,11851844745,5485813760
25262,ok,8.724,11295825920,2596182233,3086344192
25263,ok,30.056,17314623488,5891709180,3247800320
25264,ok,10.324,9294667776,3122176364,3273502720
25265,ok,23.131,20786835456,5025162486,3145416704
25266,ok,85.354,27547992064,7629119037,3093573632
25269,ok,4.62,5363011584,749969498,1517326336
25270,ok,62.366,9588531200,18425033077,3714392064
25271,ok,5.323,2160402432,137241473,1087905792
25272,ok,125.242,21575614464,1801784804,44591644672
25273,ok,84.489,28242341888,23738318998,4009648128
25277,ok,1.423,811941888,46987934,513654784
25278,ok,16.835,9488355328,3990120364,4404133888
25279,ok,49.567,5370871808,8420880748,2687451136
25280,ok,6.326,2302701568,568093782,1194094592
25281,ok,18.232,11989745664,11851867063,5486821376
25282,ok,8.827,11449872384,2581564248,3085021184
25283,ok,29.958,17155022848,5917040274,3240095744
25284,ok,10.328,9212268544,3133408248,3272458240
25285,ok,22.831,20571013120,4959691310,3145449472
25286,ok,80.839,26686447616,7606210358,2671120384
25287,ok,48.454,17168666624,11708506058,4973527040
25288,ok,12.728,9127817216,1695353161,1965170688
25289,ok,69.595,15422353408,4081682067,2988728320
25290,ok,29.038,12530937856,16217776827,5036732416
25292,ok,7.846,3777044480,1175860341,1343205376
25293,ok,129.425,10795331584,3478674641,3891445760
25294,ok,126.631,14083112960,5563767982,4410503168
25296,ok,30.036,27395321856,4825221573,3439767552
25300,ok,9.525,5030735872,3855107060,4109029376
25303,ok,22.546,13021990912,4841902610,3126308864
25304,ok,24.788,13782052864,4716664287,4123348992
25305,ok,25.044,5783240704,2085674704,1475543040
25308,ok,96.264,18977443840,9108543801,4931338240
25310,ok,25.107,15775277056,2189332401,4472872960
25312,ok,27.424,16778031104,7324757496,1672286208
25313,ok,6.929,2186457088,446489258,1173311488
25314,ok,20.066,15224381440,3423344373,5024133120
25315,ok,10.229,6501220352,1148798351,1463820288
25316,ok,97.585,8959995904,4602380194,3807866880
25317,ok,112.013,9753538560,8839393824,13116743680
25320,ok,32.123,6188498944,2355354073,1487450112
25321,ok,38.02,9181257728,2805018617,1385062400
25322,ok,29.356,9012588544,3672509504,1244667904
25324,ok,17.232,5719244800,946525852,1009528832
25325,ok,17.427,10935996416,1233077024,934100992
25327,ok,24.039,21675417600,10258033635,4982280192
25328,ok,69.371,17551060992,16983334897,5542645760
25329,ok,9.028,10695639040,3277564597,1399037952
25331,ok,184.988,22034894848,6121725059,21963960320
25332,ok,35.726,22790037504,4009699981,5062856704
25334,ok,13.026,12077228032,2544526559,4545425408
25335,ok,8.329,5393252352,856868979,1026650112
25336,ok,11.83,10746130432,1784630887,1282031616
25337,ok,116.326,28091916288,10554998037,14290747392
25338,ok,22.637,27863580672,12006935760,2729402368
25340,ok,7.123,4680364032,2177369960,1464442880
25342,ok,23.705,8779145216,2457414254,1257304064
25343,ok,96.783,6813335552,3222955928,3012788224
25344,ok,17.998,4696379392,2193481733,1247367168
25345,ok,8.428,2503225344,272251100,1224097792
25346,ok,31.303,21303353344,5952121208,3238813696
25347,ok,12.537,14042628096,2852613674,3523522560
25349,ok,230.882,15851667456,9558898754,13443837952
25350,ok,11.328,13734539264,2342079490,4895264768
25351,ok,72.447,25505931264,17145299666,3757293568
25352,ok,25.538,10287276032,1599711044,997003264
25353,ok,24.11,11197079552,1681153379,1414258688
25354,ok,155.531,16124788736,48563615653,12018339840
25355,ok,26.767,8258138112,5227866481,4448280576
25356,ok,48.24,12201029632,4205655256,3019149312
25358,ok,40.673,23872045056,9186830334,8713867264
25361,ok,93.698,11124830208,11290282100,4544987136
25362,ok,4.52,5006348288,1212169912,849776640
25363,ok,57.385,23159918592,9133792831,3025440768
25365,ok,11.924,10002571264,3062351610,3374571520
25366,ok,97.299,15733477376,6886327308,5806776320
25367,ok,36.141,13069795328,5889636697,2871939072
25369,ok,23.447,14419881984,5222260585,3453153280
25370,ok,2.627,4962373632,714437553,1454370816
25372,ok,7.226,3967188992,1572659569,771178496
25373,ok,17.933,10149146624,5687370625,4394434560
25375,ok,32.05,8938909696,1819904635,4689018880
25377,ok,9.194,7172308992,1833070498,406007808
25379,ok,4.122,5510275072,962569625,876830720
25382,ok,32.849,17661272064,11045526602,4665262080
25384,ok,17.03,7066304512,918607373,3818364928
25385,ok,78.485,18115735552,5847227350,4707225600
25386,ok,6.327,4791443456,1255127603,1129398272
25388,ok,29.219,18905149440,6755961054,3020505088
25389,ok,12.828,10880409600,1389918002,1123090432
25390,ok,17.566,20982607872,4460010825,4231798784
25392,ok,20.832,14485487616,6700356052,4726644736
25394,ok,87.539,14299070464,11062981774,4914552832
25395,ok,68.272,17865580544,3444447270,12146462720
25396,ok,30.75,14939951104,9963487019,2908876800
25397,ok,59.374,7909670912,18430847309,3715538944
25398,ok,4.321,2782773248,443829092,1067237376
25400,ok,6.428,11883540480,464427250,579227648
25403,ok,19.243,14231896064,5129842209,3090169856
25411,ok,59.654,17422086144,15176816018,4071137280
25412,ok,60.004,5973704704,3324684750,3903561728
25413,ok,20.4,13000613888,2388089511,2384023552
25414,ok,9.631,9488277504,3389683556,3350700032
25415,ok,97.095,6605537280,3274651669,3013017600
25418,ok,17.134,17442545664,1494502371,1666523136
25419,ok,8.825,9627774976,2581975895,2693087232
25420,ok,15.831,16123764736,3627475270,2656616448
25422,ok,12.548,8255496192,1898121788,1222619136
25425,ok,10.726,7003021312,1002950208,1222291456
25426,ok,18.832,16487854080,4086384352,4979900416
25428,ok,20.644,19417559040,3064504239,5445230592
25429,ok,101.502,17548263424,6329188302,4033134592
25431,ok,18.735,16564547584,2022876419,3774992384
25433,ok,65.764,13716500480,10797371525,4414726144
25434,ok,23.647,16865665024,5824091790,3136503808
25435,ok,12.232,2867187712,283349715,991801344
25436,ok,47.16,19807490048,11945629522,3745353728
25437,ok,24.548,18688462848,2597816817,1486663680
25438,ok,47.165,20103852032,11957803428,3748802560
25439,ok,3.72,5482549248,511886269,959025152
25441,ok,6.51,7369388032,1103219775,1212026880
25443,ok,13.829,22866591744,2982069693,4820942848
25445,ok,27.844,7200845824,1414626092,3810881536
25446,ok,17.528,14770167808,5019740886,3055075328
25447,ok,85.992,10100674560,18490675773,3572768768
25448,ok,11.725,11640524800,1739386095,3743608832
25449,ok,21.836,17848819712,3493819476,3560026112
25452,ok,256.109,13210517504,15333126450,15471316992
25453,ok,5.231,3637243904,1210923824,982355968
25454,ok,7.939,6743314432,1117183193,3167674368
25455,ok,23.193,13531070464,5571414364,2628784128
25457,ok,111.417,11763994624,8790825340,13636415488
25458,ok,21.109,20942893056,6304608238,5256245248
25459,ok,21.342,22255984640,4043813257,4725919744
2546,ok,10.966,6408437760,0,977788928
25460,ok,244.748,9374396416,9427075861,13815992320
25461,ok,1.526,2029912064,111565620,1498165248
25462,ok,7.633,7505903616,677420953,5058723840
25464,ok,17.34,7122382848,1035606973,3820904448
25467,ok,53.861,4324372480,1032381973,1045893120
25469,ok,20.444,7489728512,2008031154,1847922688
25470,ok,26.853,5377937408,1083679635,1571819520
25471,ok,28.242,9867292672,1229542212,1533755392
25476,ok,26.653,13739847680,2289756592,4579377152
25478,ok,12.206,5285236736,1832485281,1145384960
25480,ok,8.737,5966716928,1114541826,1771569152
25481,ok,9.734,3797970944,1323955063,910536704
25482,ok,7.634,6515818496,354640889,1095938048
25483,ok,21.862,12891598848,4099386203,3987468288
25485,ok,5.527,11597246464,1208999363,5632610304
25486,ok,8.94,6172024832,3905725027,1375657984
25487,ok,7.139,9391190016,956254918,1297420288
25488,ok,8.332,9063821312,1578372205,1749819392
25489,ok,87.107,8265670656,4413931317,4204163072
25490,ok,79.094,23875411968,22416718091,4351528960
25491,ok,38.432,27117047808,7833866825,6156775424
25492,ok,17.49,13014802432,5648492248,3535187968
25493,ok,3.928,5479604224,413819753,607281152
25494,ok,95.8,6685077504,2695098673,6036348928
25495,ok,9.344,9400745984,3323437917,2659627008
25496,ok,35.553,18775097344,4272068136,2882813952
25498,ok,17.146,7092826112,989809951,3816927232
25499,ok,130.334,13471670272,18028636552,3605483520
25500,ok,19.251,9912745984,2914352579,1550401536
25501,ok,88.19,9855971328,18482736013,3569344512
25503,ok,4.83,4855001088,330139782,1169014784
25505,ok,15.938,11575787520,3078055195,3010527232
25507,ok,99.004,17349365760,4229955373,5908869120
25508,ok,47.379,12472057856,9651373467,5718433792
25510,ok,9.538,7024459776,3119682881,3368980480
25512,ok,63.86,28290088960,13874866866,4352671744
25515,ok,54.862,18799194112,27347165652,5765554176
25517,ok,66.736,22924840960,10150960253,13783769088
25518,ok,9.627,7917535232,775467643,4204789760
25519,ok,119.332,14284419072,6598469794,4098084864
25520,ok,28.654,18811555840,16007816976,986443776
25521,ok,305.04,15978061824,7273597878,25654505472
25523,ok,9.339,9020100608,1122487839,1019912192
25526,ok,6.729,5606371328,952407470,4529639424
25527,ok,11.14,7216836608,1112099016,1222078464
25530,ok,49.391,14194257920,6690230775,5194059776
25531,ok,4.134,1506258944,114007390,874254336
25533,ok,12.731,8787419136,6175058301,1261883392
25538,ok,2.925,5925572608,242654621,1476169728
25541,ok,21.752,10464456704,5886164760,1405767680
25544,ok,209.176,10708938752,9531583336,13349089280
25545,ok,13.533,7917686784,2138622806,1485574144
25548,ok,26.238,9710342144,4390926833,3983683584
25549,ok,355.598,9945210880,8965341677,13622087680
25552,ok,69.71,10349830144,4172833813,3508748288
25553,ok,102.328,10234122240,4353536916,3842965504
25555,ok,67.174,9733361664,19916456943,3710472192
25559,ok,2.324,777035776,157711439,163729408
25562,ok,9.634,13174902784,3310792563,4801077248
25563,ok,14.042,9718792192,1266076793,1247498240
25564,ok,7.427,10045915136,3837848665,4020887552
25565,ok,54.824,21222211584,5470436740,6592151552
25566,ok,19.052,16074080256,2978056393,1585500160
25569,ok,8.331,9883705344,949495882,409382912
25570,ok,8.934,13162803200,2126523230,4954931200
25572,ok,70.596,20543840256,12823575308,9001840640
25573,ok,0.122,0,32327,4096
25574,ok,13.835,11694858240,5396413276,1307992064
25576,ok,3.724,5306433536,3712493004,3858354176
25577,ok,12.038,6459744256,782547164,1021771776
25578,ok,11.935,15182176256,2649371674,3163021312
25579,ok,116.015,12487766016,18609613445,3508518912
2558,ok,13.294,7564419072,2684354560.0,1223352320
25580,ok,22.048,22391074816,11644643633,3459862528
25581,ok,38.228,10187386880,5498491140,3881390080
25582,ok,17.839,14565949440,5828415870,4886695936
25584,ok,26.843,21734805504,15870618447,4237934592
25585,ok,14.535,7962726400,1706800871,855396352
25593,ok,24.742,18176565248,5115651825,3527778304
25600,ok,17.039,13794234368,1845994618,1095491584
25603,ok,0.128,0,24225,172032
25604,ok,7.233,9043193856,3037693370,2988650496
25605,ok,18.041,19250180096,2891500893,1251209216
25609,ok,2.84,2590396416,268398127,333660160
25617,ok,64.589,8806547456,1564483764,3846524928
25622,ok,100.93,9989165056,12494150517,3040387072
25623,ok,104.513,7603388416,5163859291,4113719296
25624,ok,16.138,8977772544,7966464101,3811700736
25628,ok,41.461,9811386368,9601457588,3919822848
25629,ok,18.095,7366094848,1280870043,1684709376
25630,ok,16.137,12644544512,3955044725,1401724928
25631,ok,25.63,5343256576,3370014497,3028054016
25632,ok,8.831,10448621568,1057046621,421564416
25633,ok,15.236,17470558208,4361655266,3850416128
25635,ok,8.43,6282121216,4399364208,5002772480
25641,ok,8.732,6930751488,877270625,3852144640
25642,ok,8.435,3586887680,941790051,1381515264
25643,ok,547.333,11965259776,3667270627,2784600064
25644,ok,5.525,6436806656,758110821,3724271616
25645,ok,34.378,25271152640,8738911912,3775807488
25646,ok,14.038,14898688000,3245839452,2949234688
25648,ok,10.529,4982878208,1031472426,1257869312
25650,ok,7.329,6761529344,1280686019,1118760960
25651,ok,26.751,19864965120,4837135104,3263610880
25654,ok,21.241,10278572032,3189263964,3075862528
25657,ok,14.334,15568891904,4684413027,2928340992
25658,ok,16.433,8700375040,5167925307,3957010432
25659,ok,101.698,13121912832,4977833423,3908251648
25661,ok,10.732,9403027456,652362735,4101537792
25662,ok,30.639,15384449024,3594880015,3983704064
25663,ok,6.227,12992634880,1857674785,4422975488
25664,ok,141.355,9313845248,48048245550,3281711104
25665,ok,8.145,8359149568,2363570416,1237876736
25666,ok,18.097,12298342400,3932977285,5369368576
25669,ok,15.544,12652040192,1406552088,4231426048
25672,ok,88.11,10273189888,19535002773,3976822784
25673,ok,8.635,7346388992,934256626,1449582592
25674,ok,13.539,14799716352,1339465769,1544237056
25676,ok,29.39,17682767872,14917046884,5138628608
25678,ok,17.84,11885264896,7756544789,3837952000
25679,ok,19.383,15494868992,5387294741,5097750528
25680,ok,23.67,17171795968,5836452571,4699246592
25682,ok,19.044,19373400064,11105530301,3186106368
25683,ok,14.639,18943344640,1798484917,3031465984
25687,ok,9.234,5374136320,2311159226,1244049408
25688,ok,21.447,16941105152,5717384858,3010379776
25689,ok,2.125,4776419328,574392954,1141129216
25690,ok,4.727,3261382656,1567828819,1264996352
25691,ok,12.534,10143567872,5338889058,3010748416
25698,ok,18.1,22874488832,3274490893,3989188608
25699,ok,40.358,13950787584,4307064681,3977969664
25700,ok,33.658,10736902144,5547775046,4373258240
25701,ok,16.818,12040937472,4401077794,4102860800
25702,ok,11.035,8983805952,3194258973,3466682368
25703,ok,53.992,19827838976,6882092594,9158619136
25704,ok,98.512,7755026432,3394970922,3831660544
25705,ok,33.599,22427430912,5160435608,1548546048
25706,ok,13.535,16226365440,3001575963,2949767168
25707,ok,166.034,21896486912,29922414326,58281758720
25708,ok,22.831,9016246272,1045824366,1101799424
25709,ok,56.794,17342156800,3546130646,3390537728
25712,ok,16.34,4865527808,230881299,963608576
25714,ok,30.961,7242321920,3635972173,1678802944
25715,ok,44.305,7901331456,2562330812,2627817472
25716,ok,66.109,21541224448,5062053202,3670233088
25717,ok,98.561,12144865280,10172606798,4944429056
25718,ok,99.521,16009113600,12612718368,5477351424
25723,ok,30.795,12022616064,2768762828,1486061568
25736,ok,23.641,12224073728,8593165179,1693851648
25737,ok,21.156,17366888448,5008708604,3146149888
25739,ok,7.336,5523361792,977208921,1221689344
25741,ok,67.56,13005914112,4565517062,8076496896
25742,ok,12.345,15323750400,3480593032,1632612352
25743,ok,54.782,14235959296,6393495594,3166248960
25745,ok,3.525,5170634752,2326495849,1388826624
25746,ok,12.148,6688182272,1090164505,1344286720
25748,ok,10.837,13350797312,2468606053,1356144640
25749,ok,18.141,10194522112,1674368360,1265766400
25750,ok,8.63,10352340992,2746046242,2861150208
25752,ok,22.245,3951616000,31047173,3131740160
25753,ok,7.728,6638874624,978747528,1485520896
25755,ok,14.333,9285922816,1341377150,1522642944
25756,ok,8.632,13269819392,2406047623,3681583104
25757,ok,5.43,2153385984,272041134,1317879808
25759,ok,8.237,9648599040,1285449501,1243070464
25760,ok,44.868,11152343040,3599893961,3422613504
25762,ok,8.929,9368412160,2835745258,3143593984
25765,ok,11.933,14995173376,2734123082,2926542848
25766,ok,11.881,8818532352,2027621179,1247842304
25770,ok,7.937,10067746816,1377439767,5090193408
25771,ok,13.254,13280415744,2233100081,3311833088
25773,ok,12.933,9484369920,4770734151,4011778048
25774,ok,13.339,14949928960,2708126815,5505589248
25777,ok,8.439,6419779584,925663921,1198829568
25778,ok,31.471,27175669760,7338645448,3843796992
25780,ok,3.233,4377423872,1412098074,212307968
25781,ok,2.941,3441958912,604634537,1670373376
25783,ok,19.35,4878098432,9841995075,4207472640
2585,ok,63.088,8131584000,20401094656.0,3711074304
260,ok,564.05,17772208128,46458040483.83999,13938823168
2614,ok,11.819,11807326208,2362232012.800003,1301807104
2622,ok,131.868,27583553536,25769803776.0,5895073792
2649,ok,35.792,16911011840,4617089843.199982,3036643328
2650,ok,9.014,8990035968,4413078896.640024,1527197696
2670,ok,8.993,8684212224,3113851289.5999756,990011392
2690,ok,11.233,7601438720,1073741824.0,1742577664
28,ok,85.785,31438254080,25243670282.24,4007792640
2826,ok,11.744,8779616256,2576980377.600006,980598784
2828,timeout,600.0,-1,-1,-1
2837,ok,93.695,11254272000,8563250368,11683512320
2843,ok,21.226,13201346560,4752731292,4500529152
285,ok,334.917,9597308928,8353711390.720018,13140418560
2862,ok,3.218,2890067968,501558335,1174142976
2895,ok,18.175,3307012096,1160080022,1252618240
2900,ok,59.92,34452602880,12476879994.879997,6140833792
2999,ok,70.941,9179160576,3886945402.8800087,1646759936
3023,ok,126.309,10908454912,5583457484.799992,3843047424
3026,ok,49.113,10767609856,3543348019.199997,2709016576
3030,ok,8.628,6809829376,1610612736.0,854360064
3050,ok,8.626,6254309376,1073741824.0,3833122816
310,ok,15.986,7922425856,3865470566.4000015,1247469568
3153,ok,24.944,14621290496,14066017894.399994,3029184512
3386,ok,26.541,16321400832,7516192768.0,2828935168
3405,ok,42.046,30834425856,8600672010.24,4600397824
3455,ok,124.512,8462458880,13711683092.480005,14701916160
3487,ok,21.631,14800764928,7516192768.0,3065593856
3501,ok,27.169,17049743360,9234179686.40001,3813814272
3503,ok,25.34,18793299968,11381663334.399994,3782119424
3585,ok,4.627,5053779968,3221225472.0,1016614912
3595,timeout,600.1,-1,-1,-1
3609,ok,11.134,6025666560,5368709120.0,2945990656
3615,ok,54.23,8214011904,6442450944.0,3364511744
364,ok,66.0,22561206272,13003013488.63997,5417156608
3676,ok,116.273,10798034944,5583457484.800018,3912163328
369,ok,26.497,4391800832,2362232012.800049,1475911680
3714,ok,8.034,11729039360,3221225472.0,3809787904
372,ok,79.086,7868719104,12025908428.799988,4332584960
3752,ok,38.56,15123632128,5476083302.399994,3729510400
377,ok,24.746,4709842944,2512555868.1599655,1254510592
3821,ok,24.839,16438722560,4294967296.0,4447297536
3836,ok,19.329,11655217152,8589934592.0,4060090368
392,ok,19.456,14132011008,3017214525.4400406,3545698304
3924,ok,15.445,7930654720,2362232012.799988,1227780096
3955,ok,27.446,7518261248,4305704714.240002,3944824832
3969,ok,44.156,13846073344,12884901888.0,5285990400
407,ok,11.038,13697433600,2480343613.439987,4898316288
4076,ok,6.319,9264218112,1095292141,3588657152
408,ok,45.853,28827172864,18479096791.040016,3746889728
426,ok,24.482,10788679680,4724464025.599985,4460376064
4291,ok,26.807,7368491008,6442450944.0,1525563392
437,ok,47.589,11976024064,3124588707.840006,3036327936
4383,ok,18.318,6374100992,2436226347,1302511616
4399,ok,12.026,7745118208,1073741824.0,1272188928
441,ok,19.043,19546566656,11940009082.879986,3254493184
4412,ok,13.128,15652704256,6442450944.0,2701119488
4443,ok,93.494,6386642944,4294967296.0,3001581568
4464,ok,7.327,10960535552,3221225472.0,1643118592
4513,ok,41.751,22127927296,10737418240.0,4677275648
4601,ok,14.724,5713768448,5368709120.0,3356200960
4618,ok,19.38,15295692800,6764573491.200012,3301711872
4676,ok,4.717,6251495424,191341893,1459773440
4690,ok,3.418,3408445440,349813303,926470144
4693,ok,17.33,7562571776,2147483648.0,1486721024
4722,ok,6.717,7179616256,365439753,1309302784
4741,ok,12.923,5799247872,2147483648.0,3801894912
4745,ok,3.624,4787625984,1073741824.0,823164928
4753,ok,28.299,8810905600,3511135764.479992,1538433024
4765,ok,21.863,15264542720,6657199308.799988,3413905408
4810,ok,24.437,16422244352,3221225472.0,4267360256
4811,ok,376.986,12823695360,17383880130.56001,15179026432
486,ok,23.271,14511529984,5690831667.200012,3456434176
4883,ok,6.821,10622205952,1253234377,5369974784
4886,ok,110.203,16356012032,39728447488.0,4215803904
5007,ok,13.223,13899706368,3221225472.0,2886406144
5019,ok,210.394,13041180672,9556302233.600006,14893072384
5023,ok,3.522,3017416704,1073741824.0,1413414912
5053,ok,2.716,1208352768,2147483648.0,374951936
5055,ok,2.815,1206255616,1073741824.0,377049088
506,ok,33.6,8876646400,1932735283.2000122,4685991936
5065,ok,38.94,8452800512,10737418240.0,3740508160
5066,ok,101.905,6873595904,9341553868.799988,13316505600
5069,ok,11.828,3931484160,1073741824.0,984571904
5071,ok,6.123,9703677952,4294967296.0,1654726656
5076,ok,2.815,1186254848,34919149,377815040
5080,ok,8.719,15488897024,1073741824.0,5470453760
5085,ok,56.462,13496057856,16106127360.0,3713462272
5089,ok,16.627,8654536704,3417455048,1352007680
5114,ok,26.275,6563561472,3435973836.8000183,1229606912
5119,ok,38.845,8603279360,10737418240.0,3750662144
5121,ok,73.335,21536620544,4294967296.0,4426129408
5123,ok,3.314,1508732928,477063020,915746816
5187,ok,5.723,11484839936,4294967296.0,5221400576
5216,ok,24.638,7549968384,3221225472.0,1145933824
5244,ok,8.225,15413915648,3221225472.0,5561417728
5254,ok,61.636,8317476864,12884901888.0,3744649216
5278,ok,43.15,24397692928,4294967296.0,4349784064
5310,ok,16.726,19843534848,2147483648.0,4554579968
5343,ok,0.312,43646976,28763,130203648
5365,ok,101.883,11761233920,20937965567.99999,2615181312
5389,ok,0.812,1195900928,74307841,667619328
5408,ok,84.276,10992242688,20401094656.0,3717877760
5416,ok,14.589,9075589120,4509715660.800018,3112448000
5417,ok,317.02,15197519872,10844792422.399975,14795931648
5456,ok,0.213,88821760,30084,138244096
5459,timeout,600.3,-1,-1,-1
5460,ok,38.752,8455393280,12884901888.0,3743268864
5463,ok,38.84,8482566144,12884901888.0,3742007296
5465,ok,11.027,10304417792,3221225472.0,1278607360
5488,ok,51.363,19460112384,12884901888.0,3751534592
5529,ok,51.332,8541151232,10737418240.0,3743649792
5532,ok,36.547,13113376768,6442450944.0,4047720448
5543,ok,5.024,4422172672,1073741824.0,3166097408
5646,ok,20.036,16727179264,57982058496.0,3776262144
5655,ok,3.716,8293855232,2147483648.0,1546887168
5658,ok,16.03,24664494080,4402341478.400024,5926252544
5677,ok,8.727,11407712256,4294967296.0,2886389760
568,ok,19.412,7129505792,966367641.5999756,3812106240
5689,ok,198.631,5846380544,1546920063168,8641003520
5717,ok,73.687,14651650048,10737418240.0,5853806592
5726,ok,9.829,4198993920,2147483648.0,1222152192
5765,ok,54.221,3828961280,548299748,44784459776
5780,ok,57.518,8520151040,4509715660.799988,3156566016
5786,ok,17.635,9476345856,4294967296.0,4406378496
5794,ok,35.248,6447439872,12884901888.0,4388655104
5887,ok,54.791,11228827648,4294967296.0,2925727744
5888,ok,17.641,14542950400,4294967296.0,4371574784
5898,ok,43.756,23750950912,12884901888.0,4469030912
5921,ok,309.937,14902423552,16106127360.000008,14719074304
5937,ok,3.116,4547915776,3221225472.0,1104437248
5957,ok,7.322,7190093824,1073741824.0,1097502720
5963,ok,2.822,1147224064,1073741824.0,371232768
5982,timeout,600.4,-1,-1,-1
6011,timeout,603.1,-1,-1,-1
6064,ok,43.848,11656019968,11391349205,3540566016
6066,ok,9.824,10980032512,2207171670,3082444800
608,ok,19.251,12207181824,13207024435.20002,2463977472
6097,ok,252.607,16327745536,9754410971,14115872768
6103,ok,303.462,8965177344,8771951152,13417414656
6107,ok,26.934,6248960000,3803140271,3751497728
6125,ok,2.916,1200963584,39079526,375025664
6135,ok,42.649,19189059584,11671466379,4002050048
6158,ok,2.915,1213431808,36713858,371286016
6169,ok,38.745,8463454208,11214821984,3749777408
6172,ok,8.524,10742210560,1292314652,464154624
6235,ok,30.639,16037081088,2841775129,6124154880
6251,ok,61.034,8312795136,11215631211,3746480128
6258,ok,124.791,16873459712,10683594788,15060582400
6279,ok,43.747,11750584320,11391278847,3543879680
6284,ok,20.129,20062990336,7569225591,6656135168
6288,ok,5.92,2989617152,209178380,1466290176
6289,ok,20.629,15092580352,2810119985,1222156288
6292,ok,61.467,19502366720,5320876039,2791137280
6294,ok,3.817,7777386496,3607176784,3998023680
6341,ok,20.229,16278462464,7424407701,4317585408
6343,ok,12.422,14891556864,3814607715,2580221952
6373,ok,10.126,7558651904,1033670956,1571868672
6383,ok,17.328,14017130496,1867535542,1254711296
6388,ok,10.222,4247195648,985111994,1222582272
6409,ok,18.126,16756002816,8239983328,4175372288
6412,ok,24.134,15687905280,15538789273,2691969024
6416,ok,9.022,10377293824,3590929172,3325669376
6456,ok,2.917,1221218304,33912873,375214080
6466,ok,112.993,12116434944,10407419953,14075441152
6495,ok,7.922,7624392704,2065035118,2670903296
6518,ok,45.042,11804504064,6367915547,3579637760
6523,ok,6.523,1004404736,407752736,375078912
6531,ok,39.05,1847238656,1723295462,724983808
6537,ok,97.64,6583803904,3217286434,3011178496
6553,ok,3.418,4142682112,2417648720,3451322368
6561,ok,5.019,11452846080,1515938495,5622751232
6565,ok,38.341,13401571328,3910326255,3031740416
6571,ok,0.415,660590592,382709698,374882304
6603,ok,29.734,25107976192,12656081732,5959208960
6607,ok,6.021,2216951808,418811783,1232564224
6612,ok,65.965,10354982912,20291288446,4422246400
6618,ok,57.258,9644322816,13007610875,3774263296
6625,ok,49.053,25947676672,18084203440,4421476352
6632,ok,52.057,22364958720,14243206840,4458708992
6697,ok,2.316,4259409920,436928971,1069166592
6703,ok,38.038,12632506368,6778945869,1991811072
6705,ok,9.421,12203257856,1082511951,440078336
6725,ok,60.156,19835015168,16455685617,4321742848
6727,ok,16.519,16372662272,2124181952,1249046528
6739,ok,23.735,10425868288,9794435307,4179197952
6765,ok,13.823,12600557568,1756498576,3360612352
6786,ok,16.528,27953106944,3817011324,5640421376
6836,ok,11.092,3238031360,684226683,610353152
6891,ok,73.664,18978603008,2227669498,4982259712
6917,ok,2.919,6622699520,675228386,1399201792
6936,ok,16.128,10283978752,10922624652,3686834176
6958,ok,215.07,17109180416,10524197542,14926381056
7011,ok,2.317,3096195072,479690885,1135886336
7018,ok,93.684,6365650944,3327660815,3009257472
7026,ok,10.091,9100754944,4254397756,562229248
703,ok,30.486,5941542912,3543348019.1999817,3910524928
7034,ok,17.53,10034565120,2260047510,3701886976
7073,ok,20.453,7153381376,916718754,3811614720
7081,ok,3.728,3870806016,363197069,827768832
7083,ok,8.435,3423690752,7853217926,2428317696
7107,ok,29.102,16749154304,5114195666,2861641728
7114,ok,17.556,10671939584,2839459411,2662694912
7118,ok,16.233,9646776320,2829475806,4063842304
7141,ok,5.021,10588274688,4158555692,3951620096
7154,ok,13.224,23502635008,3498075279,6468030464
7164,ok,3.516,5313163264,1168747786,4227293184
7175,ok,62.362,9617756160,18422887313,3712770048
718,ok,16.836,12414955520,2684354560.0,2382675968
7186,ok,2.716,1153822720,408745542,375427072
7203,ok,2.615,3091140608,425992087,1073381376
7205,ok,14.024,15245602816,2047467994,621907968
7226,ok,2.817,1183105024,410948460,375181312
7234,ok,175.755,12911017984,9583992173,13569613824
724,ok,29.564,7579234304,3435973836.8000107,2589847552
7254,ok,8.923,11543703552,929857339,1531895808
7255,ok,2.817,1211596800,413202274,376836096
7256,ok,2.617,5443354624,275919817,1416953856
7258,ok,12.724,9979674624,4721709895,2869047296
7261,ok,1.617,1691570176,216042370,348246016
7306,ok,6.118,5717274624,825411242,3807961088
7308,ok,7.62,6128070656,3492381667,3414269952
7316,ok,66.266,13866008576,13716361611,4039114752
7346,ok,45.649,15008198656,16090271552,4445110272
7347,ok,4.018,3956068352,193420031,1182253056
7356,ok,62.463,9614360576,18422839757,3712262144
7368,ok,8.621,11333488640,3002255696,2886983680
7389,ok,3.016,1244389376,40427678,374898688
7391,ok,7.119,5734174720,7805203601,1768411136
7392,ok,7.22,9226043392,1071330118,4461522944
7393,ok,16.828,10639122432,2264353976,3988115456
7394,ok,212.167,21687410688,11279631193,13873508352
7399,ok,6.92,9914134528,2709863072,2931593216
7400,ok,7.022,3537694720,622376168,915144704
7414,ok,5.918,8731074560,1601708105,3469828096
7426,ok,48.955,21518737408,12555310020,3745177600
7429,ok,20.629,18587742208,4684124763,4222558208
7436,ok,10.021,4173520896,974134935,1227370496
7439,ok,12.524,8795795456,1070793625,1285664768
7448,ok,0.916,2040229888,449713044,541642752
7488,ok,19.528,7214608384,5422936196,4892561408
7497,ok,11.123,10983129088,3043747535,2885509120
7502,ok,11.724,14477004800,2298909610,4788252672
7504,ok,210.755,17255387136,34964286160,6921359360
7507,ok,6.498,1083240448,412798677,375074816
7510,ok,96.899,6561214464,3272945998,3005067264
7520,ok,19.335,14487044096,9242441168,2811846656
753,ok,64.561,8985079808,3972844748.799988,4417032192
7551,ok,6.32,5328871424,415684526,4705402880
7552,ok,283.733,8615849984,9106464580,13347053568
7559,ok,46.178,7036153856,2578698461,614879232
7565,ok,51.382,7266885632,926037813,3816460288
7586,ok,2.617,5061013504,397694746,1043779584
7587,ok,11.423,6863384576,4888526234,2408448000
7605,ok,3.022,1242464256,43771698,372445184
7609,ok,27.436,7326990336,2432789315,3093483520
7615,ok,2.816,1207570432,412561034,376836096
7653,ok,5.717,8152260608,1561622761,3844636672
7660,ok,10.121,4450058240,1322623699,1218768896
7670,ok,38.844,8687689728,11214795979,3744276480
7674,ok,3.016,3618467840,799181465,1277222912
7676,ok,20.227,22259372032,3536344878,4428582912
7714,ok,194.553,27619418112,16079712753,19188527104
7733,ok,0.114,0,64967,2379776
7777,ok,55.124,10121207808,1409170593,2951987200
7787,ok,22.025,4382691328,1889010599,991813632
7795,ok,21.535,26442756096,6465256280,3260829696
7802,ok,7.92,6554767360,963479015,1379061760
7819,ok,205.874,10699071488,9272645018,14469029888
7857,ok,42.919,7217520640,2883542682,2453839872
7886,ok,6.493,3768360960,519261833,336138240
7897,ok,286.675,6121869312,9047351690,13311012864
7925,ok,26.335,22774738944,10601355428,4937408512
7939,ok,1.92,5373390848,262312551,1072566272
7942,ok,9.32,3646586880,1096222279,981057536
7945,ok,9.725,12885106688,1194378501,4678557696
7950,ok,21.93,21882990592,6994338414,7681822720
796,ok,102.163,17576480768,6764573491.200012,4024631296
7974,ok,5.32,5102161920,807640958,1043292160
8004,ok,10.822,9471598592,3122428371,2861162496
8014,ok,25.334,23993851904,8493030654,5897027584
8018,ok,21.23,24060268544,2461379975,3068944384
8037,ok,5.919,7431991296,1096583652,1215012864
8046,ok,43.152,10360819712,3436813848,4384604160
8052,ok,73.842,18560192512,3053521817,6262169600
8053,ok,44.524,14142296064,2140813534,4815069184
8060,ok,46.148,19313086464,9317044529,3803881472
8078,ok,103.293,14434234368,15437895896,3475447808
8086,ok,245.384,9783865344,9635919799,13684240384
8126,ok,64.467,15405228032,15311337409,3737763840
8139,ok,7.321,3712147456,941282897,854913024
8146,ok,52.353,8252420096,19669335000,3274035200
8147,ok,8.322,14784770048,2362891147,5426429952
8156,ok,4.517,6596001792,3882349270,3791687680
8163,ok,56.254,26446577664,11274922328,4435554304
8169,ok,26.323,21154242560,1409047602,1560363008
8178,ok,30.848,11808202752,2837261965,4646031360
8194,ok,7.632,3438551040,683273039,848494592
8198,ok,19.614,5034065920,1425473923,971468800
8218,ok,94.481,5860130816,2237577742,1985134592
8246,ok,4.018,10240909312,1892086378,4240916480
8277,ok,61.458,6855897088,6050985726,6937538560
8282,ok,8.021,12124614656,3667936712,6015098880
8287,ok,1.214,2504355840,520324586,491139072
829,ok,31.152,14967713792,11821897482.239992,5058191360
830,ok,6.839,9323249664,4939212390.400009,1039753216
8309,ok,12.426,4394352640,968960016,1221115904
831,ok,23.267,17037811712,5798205849.599976,3141902336
8332,ok,6.605,1219416064,44604525,377446400
8334,ok,47.965,9519751168,4122369549,4519411712
8339,ok,12.326,13899206656,4236962260,2939883520
8361,ok,0.113,0,77767,2203648
8372,ok,12.424,9718050816,2374223324,1102336000
8403,ok,15.437,10463383552,46633536973,4397006848
8408,ok,7.921,10393755648,3157591126,3180929024
8415,ok,2.915,1223147520,37396546,375066624
8422,ok,2.815,1263661056,37786000,375119872
8446,ok,392.253,6425133056,780791953,1319620608
8447,ok,9.623,9541242880,1069598743,1746542592
8462,ok,44.249,10057465856,14530513224,3745275904
8474,ok,16.927,15188291584,6318156166,4787613696
8487,ok,36.239,17329754112,20603236189,3827646464
8507,ok,5.417,3506577408,381183857,1477410816
8513,ok,21.03,26022023168,4291731953,3427631104
8569,ok,11.822,4976427008,1247066878,995532800
8573,ok,43.545,14409863168,11977251474,4395098112
8594,ok,60.462,23191318528,6597944577,5340815360
8614,ok,37.042,12271190016,7185133796,1990451200
8619,ok,12.322,11021807616,2829352815,3033817088
8624,ok,13.422,11799908352,4478492011,3357917184
8671,ok,242.511,15171547136,9784961899,19657269248
8672,ok,17.628,11696701440,4202967067,4229140480
8678,ok,7.42,10470891520,4390796077,3811217408
8682,ok,30.34,23432916992,10931792698,4556382208
8693,ok,84.18,9676255232,22834643384,2694209536
8698,ok,13.527,9571856384,4434053672,2682527744
8706,ok,5.219,5770686464,3404859646,1316573184
8730,ok,8.221,4331085824,959861304,1219104768
8733,ok,7.619,14446788608,2280689388,5749325824
8750,ok,162.897,26225070080,11664198616,2022793216
8755,ok,17.528,11648249856,7754762326,3612966912
8793,ok,10.323,3858305024,786237574,978550784
8805,ok,2.314,1019580416,404885350,374951936
8812,ok,16.229,4004175872,5979437723,2566389760
8813,ok,2.716,1074835456,406573180,376598528
884,ok,4.704,4191731712,1825361100.7999878,1283497984
8925,ok,18.162,4455849984,1266112999,985366528
8953,ok,61.258,8657747968,3094851863,2561097728
8961,ok,14.424,23842545664,3267762452,5775540224
897,ok,16.394,14591475712,1610612736.0000305,3059015680
8972,ok,22.13,15305674752,8566158019,3836882944
9000,ok,12.828,4561797120,2560787883,454987776
9012,ok,12.426,11504533504,3964203423,1305055232
9024,ok,51.749,9485381632,8176152882,5648781312
9052,ok,60.362,18484269056,6995848785,5631250432
9057,ok,39.443,5372026880,770054739,446136320
9073,ok,324.652,9648775168,10013547276,15004696576
9076,ok,6.409,1040461824,406735577,371859456
9112,ok,6.993,1200168960,40089574,376766464
9117,ok,67.549,9294721024,11931195722,4007133184
913,ok,11.873,11844456448,3221225471.999977,3745144832
915,ok,13.146,13250392064,2684354560.0,4072505344
9157,ok,21.232,17459589120,5543045097,3969384448
916,ok,21.7,18505252864,2899102924.8000183,3554865152
9173,ok,28.638,4241977344,2093990155,1984020480
9179,ok,7.22,10642976768,1113552835,1146433536
9181,ok,22.632,24836526080,6212157063,3173806080
9182,ok,38.845,8450711552,11214047740,3743399936
9202,ok,66.664,8034799616,21612478099,3811041280
9205,ok,46.959,20104572928,11913490142,3745116160
9210,ok,14.025,17054613504,3091435127,4521971712
9264,ok,2.917,1207848960,37047501,375078912
9351,ok,38.845,8446369792,11213628827,3743576064
9398,ok,57.361,18713550848,4132163542,2719031296
9409,ok,2.717,1078304768,409621472,375275520
9410,ok,22.431,15565938688,4929938203,2630983680
9414,ok,2.618,1037746176,404845706,377933824
9421,ok,19.331,6978510848,1308482354,2792140800
9443,ok,17.827,15304359936,2503100915,1221369856
9447,ok,42.843,10675519488,3386921650,3163308032
9453,ok,3.57,4427636736,663487849,1236209664
9464,ok,3.119,5573259264,702276330,1252995072
9474,ok,7.221,5854945280,970472588,1258078208
9501,ok,16.326,14111969280,2599009794,1159766016
9511,ok,2.215,4318650368,437107656,1068994560
9547,ok,17.027,7035809792,932079501,3809947648
9548,ok,216.369,13151539200,14309342719,14778232832
9553,ok,38.844,8513220608,11214227649,3740397568
956,ok,21.339,23601856512,4402341478.399994,4726833152
9590,ok,6.803,1208455168,36895718,375611392
9593,ok,6.496,1141534720,408374174,375074816
9594,ok,6.794,1029054464,406141400,377139200
961,ok,7.572,5884104704,1395864371.1999817,615460864
9614,ok,22.438,6275121152,2367651295,1077039104
9618,ok,12.906,7329525760,1468404383,4732563456
962,ok,7.271,7537524736,1503238553.6000366,5061423104
9624,ok,18.928,13153955840,9708695741,5023191040
9646,ok,2.819,1173618688,410356082,375074816
9651,ok,28.538,15768838144,5031638395,3031633920
9664,ok,23.033,8543997952,5988301410,3938840576
9665,ok,5.821,6774726656,765930079,2014396416
9669,ok,2.718,633327616,148815834,368353280
9676,ok,54.056,22613303296,6388497913,4538159104
9688,ok,111.658,13663481856,21187719355,5958008832
9702,ok,3.517,3403337728,754683807,1074212864
9712,ok,1.816,1068814336,538453493,89059328
9716,ok,3.017,1192345600,411735941,400715776
9726,ok,2.517,1068089344,405041962,375078912
9747,ok,6.219,11829948416,1573479515,4774113280
9752,ok,4.42,5191532544,1399392129,565723136
9779,ok,108.994,13897932800,13809031442,15445131264
9792,ok,2.818,1230315520,415198697,377200640
9814,ok,2.417,1066426368,406659078,374964224
9819,ok,155.595,10056847360,4387550405,44026679296
9822,ok,69.268,9231085568,2962230480,3845967872
9844,ok,53.729,10330796032,10672915265,2534154240
9855,ok,83.082,9821446144,1759567520,5144784896
9862,ok,137.916,10152759296,10379437407,13633507328
9876,ok,14.331,6910631936,2800269634,431722496
9897,ok,64.242,20960587776,8708982346,3808317440
9909,ok,30.152,11674484736,6747433002,1552834560
9920,ok,63.048,9261805568,5176001839,3866910720
9924,ok,55.528,11257638912,11391281335,3542491136
9953,ok,50.028,7036338176,13353599134,4390203392
9956,ok,10.522,11572318208,2294506298,3479019520
9968,ok,9.125,7885295616,2542629820,2577960960
9969,ok,425.843,8216305664,9352290658,13416271872
9972,ok,57.742,11294208000,11391238436,3543072768
9990,ok,31.628,6594744320,1199488237,5215948800
9994,ok,40.849,21948796928,10430870160,4377759744
9997,ok,3.619,3724828672,100546845,439943168
