query_order,qid,arrival_time_s,round
0,22566,0.000,1
1,26025,11.442,1
2,25791,18.119,1
3,13808,22.668,1
4,15077,33.454,1
5,26508,43.770,1
6,9990,45.327,1
7,25914,105.030,1
8,26736,114.539,1
9,25300,142.003,1
10,25343,178.862,1
11,25409,185.809,1
12,5066,193.824,1
13,25486,206.225,1
14,6523,209.976,1
15,15092,212.342,1
16,12960,216.874,1
17,11555,257.819,1
18,26352,270.801,1
19,11499,278.910,1
20,15150,281.390,1
21,25832,287.394,1
22,14075,294.561,1
23,5957,321.440,1
24,25344,331.816,1
25,13814,347.762,1
26,8194,365.083,1
27,11333,369.545,1
28,25993,395.400,1
29,25454,446.347,1
30,7083,461.743,1
31,26022,471.861,1
32,11844,474.624,1
33,10543,498.393,1
34,26494,501.175,1
35,26414,520.286,1
36,14203,530.337,1
37,3924,567.652,1
38,26752,579.370,1
39,25753,594.770,1
40,25445,595.678,1
41,26327,596.194,1
42,11778,624.325,1
43,11831,667.882,1
44,7488,684.431,1
45,15348,706.112,1
46,15078,714.087,1
47,26030,741.816,1
48,26522,745.765,1
49,7886,764.187,1
50,25324,764.325,1
51,25871,774.895,1
52,15022,781.902,1
53,14569,796.331,1
54,12340,812.814,1
55,9000,827.191,1
56,14342,837.092,1
57,21454,847.130,1
58,7660,847.229,1
59,26324,859.262,1
60,25635,859.440,1
61,6531,870.747,1
62,25494,875.566,1
63,5765,932.465,1
64,3955,932.725,1
65,12381,957.887,1
66,18032,974.701,1
67,26040,999.313,1
68,26038,1035.394,1
69,4601,1037.092,1
70,25462,1038.611,1
71,13597,1041.030,1
72,16494,1044.226,1
73,25441,1055.439,1
74,25251,1080.767,1
75,10601,1085.433,1
76,25315,1093.018,1
77,26245,1100.021,1
78,25259,1107.835,1
79,15792,1120.321,1
80,14018,1189.753,1
81,24380,1193.593,1
82,10538,1210.875,1
83,15474,1239.120,1
84,16171,1255.028,1
85,26263,1284.330,1
86,26243,1305.711,1
87,26728,1307.184,1
88,22624,1314.336,1
89,25079,1326.404,1
90,25856,1327.271,1
91,25739,1327.413,1
92,17597,1330.233,1
93,17987,1340.626,1
94,8139,1349.161,1
95,12050,1372.174,1
96,16119,1384.690,1
97,25518,1413.965,1
98,10319,1415.468,1
99,25804,1426.735,1
100,25510,1427.387,1
101,26670,1430.950,1
102,7974,1461.337,1
103,10300,1494.117,1
104,15243,1503.796,1
105,13458,1504.511,1
106,9593,1505.670,1
107,19667,1544.642,1
108,25838,1579.078,1
109,13063,1591.512,1
110,26806,1592.014,1
111,18404,1631.641,1
112,4741,1637.305,1
113,11487,1686.149,1
114,6107,1699.415,1
115,15906,1720.346,1
116,18457,1739.055,1
117,15828,1746.674,1
118,11729,1747.875,1
119,26256,1750.534,1
120,25397,1754.660,1
121,26440,1781.656,1
122,26294,1789.049,1
123,26028,1823.076,1
124,25478,1829.122,1
125,26400,1850.257,1
126,13995,1852.518,1
127,25340,1919.471,1
128,25415,1938.790,1
129,9590,1949.211,1
130,13483,2004.143,1
131,25911,2004.971,1
132,15015,2013.591,1
133,10506,2040.956,1
134,26569,2047.202,1
135,26479,2069.182,1
136,8706,2115.652,1
137,11082,2123.232,1
138,10073,2145.511,1
139,26276,2145.962,1
140,13423,2150.751,1
141,10260,2224.316,1
142,15024,2234.434,1
143,26067,2241.031,1
144,9953,2283.520,1
145,26425,2292.001,1
146,11628,2309.078,1
147,17832,2325.290,1
148,22018,2326.634,1
149,26590,2341.093,1
150,3609,2365.089,1
151,26289,2383.819,1
152,6537,2385.103,1
153,26789,2387.616,1
154,5726,2406.271,1
155,13012,2421.344,1
156,26115,2441.530,1
157,25641,2447.242,1
158,25545,2448.932,1
159,25746,2449.010,1
160,12046,2454.538,1
161,9614,2461.230,1
162,18038,2465.946,1
163,25834,2468.079,1
164,11769,2471.191,1
165,26720,2480.127,1
166,11063,2492.264,1
167,18542,2500.128,1
168,11358,2500.528,1
169,11334,2507.080,1
170,25176,2508.545,1
171,25467,2522.216,1
172,10948,2528.099,1
173,13580,2535.397,1
174,14438,2540.574,1
175,26283,2547.934,1
176,25831,2549.262,1
177,10229,2583.972,1
178,26680,2619.313,1
179,14674,2676.682,1
180,25313,2689.410,1
181,25783,2692.197,1
182,26454,2699.386,1
183,26637,2701.628,1
184,11968,2707.002,1
185,15385,2717.195,1
186,26755,2718.175,1
187,12849,2726.730,1
188,25320,2734.930,1
189,26710,2744.861,1
190,25405,2746.062,1
191,14319,2750.411,1
192,26201,2754.658,1
193,11557,2769.372,1
194,20193,2782.886,1
195,12305,2786.150,1
196,25714,2787.847,1
197,19673,2793.297,1
198,26368,2837.884,1
199,25757,2843.941,1
200,25919,2858.462,1
201,10001,2882.913,1
202,26810,2888.910,1
203,26165,2895.023,1
204,8332,2920.373,1
205,14308,2949.812,1
206,26214,3004.688,1
207,26712,3006.882,1
208,25408,3012.682,1
209,25715,3056.823,1
210,13940,3060.186,1
211,25650,3065.844,1
212,26373,3115.948,1
213,7073,3167.923,1
214,11614,3173.091,1
215,25623,3190.900,1
216,26137,3201.030,1
217,10075,3213.896,1
218,25013,3218.060,1
219,13805,3225.136,1
220,26462,3250.569,1
221,26800,3258.055,1
222,26112,3259.869,1
223,15574,3272.316,1
224,2895,3285.771,1
225,26520,3297.604,1
226,25305,3314.776,1
227,26465,3326.757,1
228,7018,3372.622,1
229,8218,3381.910,1
230,26805,3400.394,1
231,25383,3409.050,1
232,11855,3414.216,1
233,26537,3431.921,1
234,26027,3457.557,1
235,9618,3481.377,1
236,8925,3489.269,1
237,26813,3499.646,1
238,19186,3514.695,1
239,21150,3518.852,1
240,26426,3534.975,1
241,13074,3553.816,1
242,15217,3577.160,1
243,15889,3578.313,1
244,26350,3648.480,1
245,7565,3658.267,1
246,17175,3665.949,1
247,25280,3676.546,1
248,25648,3714.506,1
249,13837,3732.157,1
250,26496,3743.924,1
251,25073,3767.385,1
252,25644,3774.069,1
253,4443,3807.947,1
254,3050,3819.495,1
255,5114,3834.744,1
256,14155,3836.076,1
257,26217,3858.053,1
258,25788,3874.130,1
259,26439,3880.707,1
260,26486,3896.327,1
261,26517,3897.006,1
262,17168,3958.671,1
263,11775,3975.645,1
264,23711,3983.297,1
265,25824,4004.254,1
266,25386,4054.850,1
267,8793,4063.294,1
268,17970,4063.453,1
269,11598,4067.944,1
270,25412,4078.665,1
271,7609,4089.637,1
272,23782,4102.668,1
273,26787,4115.511,1
274,26240,4124.364,1
275,26741,4131.806,1
276,9594,4154.005,1
277,26660,4167.328,1
278,15049,4177.739,1
279,11822,4184.085,1
280,23470,4184.458,1
281,16740,4186.114,1
282,25526,4194.182,1
283,25642,4243.127,1
284,14738,4244.978,1
285,25631,4287.349,1
286,26210,4289.640,1
287,6607,4295.248,1
288,5794,4304.361,1
289,12860,4307.838,1
290,8309,4317.731,1
291,7559,4327.430,1
292,25260,4336.078,1
293,17856,4353.977,1
294,11482,4359.738,1
295,11800,4365.093,1
296,15697,4390.019,1
297,26818,4391.853,1
298,25629,4420.228,1
299,25292,4435.889,1
300,26730,4452.847,1
301,11964,4455.540,1
302,25673,4517.474,1
303,13712,4521.668,1
304,26668,4524.544,1
305,26230,4527.162,1
306,11439,4539.471,1
307,23072,4587.189,1
308,25480,4591.145,1
309,25585,4598.934,1
310,12518,4601.993,1
311,25704,4617.338,1
312,8569,4625.826,1
313,9474,4626.270,1
314,25464,4640.553,1
315,17182,4643.850,1
316,14451,4657.305,1
317,7510,4664.691,1
318,25469,4682.989,1
319,8812,4686.445,1
320,14672,4707.380,1
321,10087,4732.191,1
322,25027,4733.160,1
323,4291,4734.769,1
324,26144,4765.603,1
325,17471,4768.707,1
326,25916,4774.625,1
327,9173,4783.800,1
328,15832,4788.364,1
329,26783,4818.141,1
330,10795,4829.394,1
331,5216,4844.681,1
332,26456,4858.313,1
333,18011,4872.487,1
334,17332,4885.752,1
335,12343,4892.166,1
336,10962,4920.181,1
337,11028,4934.591,1
338,25968,4959.800,1
339,4383,4978.162,1
340,12102,4983.457,1
341,26718,4997.755,1
342,12950,4999.083,1
343,14051,5001.241,1
344,17697,5003.122,1
345,18604,5008.588,1
346,24675,5011.620,1
347,10653,5029.355,1
348,13132,5040.081,1
349,7857,5048.206,1
350,10506,5050.431,2
351,25251,5057.692,2
352,26517,5060.774,2
353,11028,5075.913,2
354,11855,5093.647,2
355,25715,5109.193,2
356,26465,5247.281,2
357,18457,5259.423,2
358,8812,5269.513,2
359,26486,5271.781,2
360,3050,5277.446,2
361,10075,5286.441,2
362,25673,5287.268,2
363,26414,5293.940,2
364,5066,5294.084,2
365,8706,5296.286,2
366,17987,5321.615,2
367,25824,5371.407,2
368,15828,5381.968,2
369,11968,5392.215,2
370,25629,5409.529,2
371,6607,5417.587,2
372,10260,5445.066,2
373,25073,5455.128,2
374,15024,5456.422,2
375,11499,5456.892,2
376,26165,5478.365,2
377,15832,5483.547,2
378,26537,5488.367,2
379,26520,5499.938,2
380,25415,5502.700,2
381,15348,5511.869,2
382,13712,5532.221,2
383,7559,5554.002,2
384,12340,5565.971,2
385,25635,5567.773,2
386,10948,5569.592,2
387,26805,5591.974,2
388,26214,5617.972,2
389,9590,5624.828,2
390,26030,5650.770,2
391,25648,5651.407,2
392,17471,5670.447,2
393,18404,5682.304,2
394,14203,5751.048,2
395,9594,5752.669,2
396,26240,5779.255,2
397,4383,5800.130,2
398,26289,5805.431,2
399,23782,5914.672,2
400,25804,5923.632,2
401,11487,5930.061,2
402,25386,5955.513,2
403,25916,5964.185,2
404,22018,6040.820,2
405,10087,6063.237,2
406,15049,6067.293,2
407,18542,6092.259,2
408,25383,6105.558,2
409,25831,6112.034,2
410,13580,6130.641,2
411,5114,6145.668,2
412,26810,6148.390,2
413,26818,6150.639,2
414,17832,6154.111,2
415,25292,6157.589,2
416,26660,6158.507,2
417,5765,6164.987,2
418,25914,6169.938,2
419,10543,6181.545,2
420,13995,6187.411,2
421,18032,6205.675,2
422,12046,6210.798,2
423,11778,6215.464,2
424,25469,6244.745,2
425,11822,6308.237,2
426,26025,6325.296,2
427,15385,6326.797,2
428,25324,6376.157,2
429,11628,6399.262,2
430,5794,6436.919,2
431,9474,6510.284,2
432,8793,6540.551,2
433,26479,6542.586,2
434,16171,6572.744,2
435,11775,6577.052,2
436,8139,6595.693,2
437,25027,6622.139,2
438,26789,6643.638,2
439,25405,6660.554,2
440,14018,6670.638,2
441,3924,6683.559,2
442,13805,6688.253,2
443,15217,6696.276,2
444,6531,6705.298,2
445,13074,6720.359,2
446,11964,6752.179,2
447,25545,6753.645,2
448,25412,6764.518,2
449,26741,6769.408,2
450,6537,6810.720,2
451,17168,6817.629,2
452,9173,6862.641,2
453,26327,6868.588,2
454,10962,6868.625,2
455,5216,6890.942,2
456,26425,6910.734,2
457,25746,6930.426,2
458,7488,6939.626,2
459,26350,6955.992,2
460,9953,6962.645,2
461,26494,6963.626,2
462,4443,6975.093,2
463,11598,6978.779,2
464,25300,6987.201,2
465,15792,6990.772,2
466,10795,6995.463,2
467,25993,7021.897,2
468,25788,7028.078,2
469,25343,7041.017,2
470,15474,7053.543,2
471,17697,7063.506,2
472,25397,7069.824,2
473,26144,7087.036,2
474,25486,7087.780,2
475,25753,7089.354,2
476,8194,7112.333,2
477,26201,7121.564,2
478,19186,7123.554,2
479,25832,7152.796,2
480,25464,7161.528,2
481,16494,7161.538,2
482,17856,7209.101,2
483,9614,7212.492,2
484,25280,7229.991,2
485,13597,7232.113,2
486,26352,7247.861,2
487,26294,7250.458,2
488,9593,7290.942,2
489,25650,7295.746,2
490,26324,7311.691,2
491,25518,7316.014,2
492,13483,7322.989,2
493,11482,7358.108,2
494,15022,7360.823,2
495,21454,7368.394,2
496,14075,7373.863,2
497,26755,7391.894,2
498,12050,7395.896,2
499,26590,7411.880,2
500,26426,7430.126,2
501,7083,7430.142,2
502,7609,7439.859,2
503,26440,7441.995,2
504,18011,7445.841,2
505,3609,7462.932,2
506,26368,7463.072,2
507,26245,7480.913,2
508,25644,7506.396,2
509,7565,7572.933,2
510,14155,7581.164,2
511,25409,7583.291,2
512,25757,7584.393,2
513,24675,7591.638,2
514,25480,7611.320,2
515,14342,7612.941,2
516,8332,7618.580,2
517,26728,7650.508,2
518,12102,7652.720,2
519,15574,7674.993,2
520,25510,7695.978,2
521,26710,7698.121,2
522,26283,7772.421,2
523,11769,7774.733,2
524,4601,7786.075,2
525,26752,7786.203,2
526,15906,7801.951,2
527,7886,7810.651,2
528,5957,7829.876,2
529,25704,7844.712,2
530,26637,7847.174,2
531,20193,7855.132,2
532,26800,7872.535,2
533,11729,7902.023,2
534,25445,7903.383,2
535,25911,7904.971,2
536,25344,7925.913,2
537,26115,7939.271,2
538,26508,7946.540,2
539,26243,7996.093,2
540,17182,8001.757,2
541,15243,8004.017,2
542,12849,8008.881,2
543,25462,8010.202,2
544,25641,8022.293,2
545,26813,8036.037,2
546,25623,8050.069,2
547,7974,8072.711,2
548,26137,8090.302,2
549,22566,8118.549,2
550,10001,8134.661,2
551,26522,8140.047,2
552,26668,8150.986,2
553,10601,8161.672,2
554,7073,8182.337,2
555,12381,8187.592,2
556,25259,8188.434,2
557,15697,8222.663,2
558,26067,8269.070,2
559,26210,8279.315,2
560,25320,8281.109,2
561,4741,8291.494,2
562,8309,8305.012,2
563,25783,8316.283,2
564,26720,8373.329,2
565,15077,8438.336,2
566,17332,8479.090,2
567,25305,8481.213,2
568,11557,8510.792,2
569,10538,8523.396,2
570,8925,8530.217,2
571,25260,8547.447,2
572,12305,8569.025,2
573,3955,8615.361,2
574,8218,8637.430,2
575,11614,8637.682,2
576,10319,8638.731,2
577,26454,8643.292,2
578,23711,8643.901,2
579,25919,8644.837,2
580,25467,8668.196,2
581,26276,8678.793,2
582,21150,8693.649,2
583,25408,8704.078,2
584,26400,8712.131,2
585,26256,8730.281,2
586,25739,8731.572,2
587,11063,8743.108,2
588,26028,8757.467,2
589,14051,8762.341,2
590,15015,8767.905,2
591,26439,8778.646,2
592,12518,8782.053,2
593,25441,8806.811,2
594,10300,8818.342,2
595,26806,8825.775,2
596,13423,8840.863,2
597,26038,8867.848,2
598,25791,8884.989,2
599,26496,8886.015,2
600,14438,8904.008,2
601,15078,8923.646,2
602,17970,8951.754,2
603,26230,8952.648,2
604,25838,8954.001,2
605,15889,8962.551,2
606,17597,8971.611,2
607,26263,8985.690,2
608,11333,8991.241,2
609,25714,9011.545,2
610,13063,9031.789,2
611,14672,9033.697,2
612,23470,9052.157,2
613,26680,9070.292,2
614,25856,9072.975,2
615,4291,9118.845,2
616,15150,9129.948,2
617,10653,9152.865,2
618,25871,9172.001,2
619,15092,9174.741,2
620,14738,9176.777,2
621,18038,9199.566,2
622,9618,9204.261,2
623,25834,9236.889,2
624,25526,9259.028,2
625,12950,9259.475,2
626,19667,9284.159,2
627,6523,9288.921,2
628,25585,9289.911,2
629,11334,9308.600,2
630,25631,9321.493,2
631,25340,9322.696,2
632,11358,9331.806,2
633,13808,9338.503,2
634,26027,9348.889,2
635,14308,9361.440,2
636,2895,9368.316,2
637,8569,9372.734,2
638,11082,9374.362,2
639,26718,9387.159,2
640,14319,9406.403,2
641,11844,9410.293,2
642,13132,9420.957,2
643,7857,9421.632,2
644,26783,9451.441,2
645,26022,9455.648,2
646,26730,9465.221,2
647,26112,9472.464,2
648,14674,9474.903,2
649,22624,9515.043,2
650,13814,9544.267,2
651,25454,9556.341,2
652,10073,9593.133,2
653,11439,9613.377,2
654,25013,9621.532,2
655,25968,9627.357,2
656,12343,9635.431,2
657,11555,9654.541,2
658,19673,9659.288,2
659,26373,9660.504,2
660,26456,9667.501,2
661,7510,9677.960,2
662,16119,9712.793,2
663,25478,9715.758,2
664,16740,9740.228,2
665,5726,9800.008,2
666,25079,9846.221,2
667,24380,9847.292,2
668,14451,9856.677,2
669,7660,9861.653,2
670,13012,9889.603,2
671,13458,9895.550,2
672,9000,9907.631,2
673,13940,9907.751,2
674,12960,9911.110,2
675,25313,9923.555,2
676,26736,9928.990,2
677,9990,9943.611,2
678,26569,9952.963,2
679,6107,9966.399,2
680,25315,9976.599,2
681,26712,9998.815,2
682,26040,10002.077,2
683,14569,10036.682,2
684,25176,10058.119,2
685,25642,10062.337,2
686,18604,10062.433,2
687,11800,10070.348,2
688,25494,10074.327,2
689,13837,10080.707,2
690,23072,10108.156,2
691,26462,10139.614,2
692,17175,10184.850,2
693,26670,10184.872,2
694,11831,10200.935,2
695,12860,10229.293,2
696,26787,10248.779,2
697,7018,10250.425,2
698,26217,10261.745,2
699,10229,10265.825,2
700,11487,10275.985,3
701,15150,10276.912,3
702,13808,10363.846,3
703,26201,10382.500,3
704,17182,10383.965,3
705,16740,10422.092,3
706,15474,10456.229,3
707,6531,10467.231,3
708,15024,10485.333,3
709,26590,10492.323,3
710,17970,10547.391,3
711,7083,10548.722,3
712,26439,10550.229,3
713,15697,10552.379,3
714,13814,10578.098,3
715,26137,10579.264,3
716,10506,10591.848,3
717,15385,10600.412,3
718,12849,10650.366,3
719,26818,10654.419,3
720,14051,10658.956,3
721,12046,10664.631,3
722,10653,10688.834,3
723,25494,10706.930,3
724,25300,10726.871,3
725,14451,10732.613,3
726,26810,10737.374,3
727,26027,10738.538,3
728,25386,10741.936,3
729,11964,10764.644,3
730,25478,10777.825,3
731,26800,10780.359,3
732,17987,10783.052,3
733,7073,10792.464,3
734,26217,10800.291,3
735,26022,10811.806,3
736,12340,10861.937,3
737,14155,10865.428,3
738,11729,10870.957,3
739,11557,10875.575,3
740,25968,10877.491,3
741,25340,10880.064,3
742,6607,10897.442,3
743,25838,10923.706,3
744,13837,10941.610,3
745,15828,10942.228,3
746,4291,10969.339,3
747,26755,10975.297,3
748,26214,10976.732,3
749,7488,10981.011,3
750,26352,10987.606,3
751,26276,10998.413,3
752,11063,11015.373,3
753,25834,11019.893,3
754,26712,11090.021,3
755,26324,11090.495,3
756,10073,11098.267,3
757,7559,11107.295,3
758,14672,11127.975,3
759,13940,11132.287,3
760,19673,11141.587,3
761,12050,11166.023,3
762,26720,11168.282,3
763,5066,11168.462,3
764,26508,11195.075,3
765,25408,11255.816,3
766,25441,11257.917,3
767,9594,11283.948,3
768,5216,11290.932,3
769,10260,11305.858,3
770,26522,11321.379,3
771,15792,11334.475,3
772,25454,11338.968,3
773,26479,11364.097,3
774,25320,11364.428,3
775,16171,11365.428,3
776,12860,11400.345,3
777,25176,11409.135,3
778,25804,11411.203,3
779,21150,11446.524,3
780,26112,11473.046,3
781,24380,11479.088,3
782,25397,11479.743,3
783,25631,11489.013,3
784,11855,11491.772,3
785,26256,11504.567,3
786,10319,11530.430,3
787,26400,11537.968,3
788,25280,11538.417,3
789,11778,11555.660,3
790,11333,11558.506,3
791,14674,11562.131,3
792,11598,11565.240,3
793,25832,11570.164,3
794,26496,11602.402,3
795,19667,11602.931,3
796,9614,11617.413,3
797,25635,11621.644,3
798,26456,11626.889,3
799,25757,11634.855,3
800,8706,11646.855,3
801,26710,11647.799,3
802,25343,11652.722,3
803,18011,11654.936,3
804,25518,11658.273,3
805,15078,11690.670,3
806,25916,11701.862,3
807,25856,11716.807,3
808,11822,11741.112,3
809,25313,11764.872,3
810,26144,11833.080,3
811,11831,11855.924,3
812,13483,11862.597,3
813,25739,11874.393,3
814,3924,11884.338,3
815,26718,11920.910,3
816,4383,11931.379,3
817,10001,11938.754,3
818,25746,11941.727,3
819,9590,11947.487,3
820,25467,11951.195,3
821,11439,11985.112,3
822,25911,12007.724,3
823,8569,12008.630,3
824,8194,12080.201,3
825,25871,12091.508,3
826,11775,12113.349,3
827,26783,12230.926,3
828,12960,12285.660,3
829,25585,12287.242,3
830,8332,12303.287,3
831,25831,12307.936,3
832,17175,12333.352,3
833,14319,12370.732,3
834,17597,12371.595,3
835,17832,12455.965,3
836,15574,12459.680,3
837,22566,12487.792,3
838,13132,12511.739,3
839,16494,12518.312,3
840,25753,12545.728,3
841,13712,12573.714,3
842,26294,12576.620,3
843,26040,12590.086,3
844,25079,12614.701,3
845,25415,12632.642,3
846,4741,12669.440,3
847,25324,12669.869,3
848,25259,12687.957,3
849,11082,12732.178,3
850,26486,12744.616,3
851,8812,12757.037,3
852,11028,12760.165,3
853,11614,12826.515,3
854,25383,12858.524,3
855,25824,12868.690,3
856,25462,12874.235,3
857,9474,12884.348,3
858,15049,12885.767,3
859,17471,12889.739,3
860,7886,12893.443,3
861,18032,12904.655,3
862,26537,12904.666,3
863,25251,12942.162,3
864,25715,12945.537,3
865,9173,12947.634,3
866,26210,12966.565,3
867,25405,13004.225,3
868,26440,13032.120,3
869,14203,13037.985,3
870,25993,13038.317,3
871,5794,13051.567,3
872,10601,13088.942,3
873,25648,13111.274,3
874,11769,13139.383,3
875,23470,13168.947,3
876,10087,13217.441,3
877,14342,13224.457,3
878,12305,13267.147,3
879,15217,13274.700,3
880,6537,13276.297,3
881,26115,13281.685,3
882,25673,13283.886,3
883,11499,13286.457,3
884,14075,13331.006,3
885,26494,13354.548,3
886,22624,13403.081,3
887,25292,13418.794,3
888,26752,13421.665,3
889,7565,13473.647,3
890,18457,13491.388,3
891,5726,13531.032,3
892,6107,13554.228,3
893,25783,13558.017,3
894,12343,13571.353,3
895,26240,13574.245,3
896,25714,13579.742,3
897,26668,13597.237,3
898,25914,13599.281,3
899,5114,13618.856,3
900,14569,13663.433,3
901,12518,13707.983,3
902,26327,13715.437,3
903,11628,13792.902,3
904,13458,13843.267,3
905,7857,13843.761,3
906,26730,13857.595,3
907,13995,13895.677,3
908,17856,13947.089,3
909,26414,13950.833,3
910,26728,13963.339,3
911,15015,14004.734,3
912,24675,14007.007,3
913,25644,14027.525,3
914,26806,14031.602,3
915,15077,14092.182,3
916,23072,14094.939,3
917,25013,14127.423,3
918,26741,14128.817,3
919,15348,14147.332,3
920,25260,14162.619,3
921,25445,14195.279,3
922,26736,14204.155,3
923,13597,14208.777,3
924,3050,14213.083,3
925,15906,14214.136,3
926,13074,14218.585,3
927,14308,14220.300,3
928,11482,14220.320,3
929,10229,14227.634,3
930,25788,14247.419,3
931,8925,14299.575,3
932,9593,14331.959,3
933,25545,14342.150,3
934,26660,14349.289,3
935,18038,14361.135,3
936,25480,14362.739,3
937,26289,14372.533,3
938,26517,14402.465,3
939,26465,14418.254,3
940,5957,14435.685,3
941,16119,14438.348,3
942,25623,14439.497,3
943,3955,14467.535,3
944,3609,14472.777,3
945,12381,14478.534,3
946,7660,14523.977,3
947,26454,14525.133,3
948,10075,14527.930,3
949,26569,14534.991,3
950,14018,14554.742,3
951,26426,14566.621,3
952,9000,14600.881,3
953,25305,14602.347,3
954,26067,14615.869,3
955,25073,14630.134,3
956,26805,14640.022,3
957,22018,14640.495,3
958,25526,14683.319,3
959,17168,14686.024,3
960,26368,14719.099,3
961,15243,14721.663,3
962,25412,14723.264,3
963,26425,14726.716,3
964,10948,14729.876,3
965,25464,14747.797,3
966,9990,14767.001,3
967,26243,14786.639,3
968,4601,14791.263,3
969,26165,14796.222,3
970,9953,14800.290,3
971,12102,14801.054,3
972,18604,14813.776,3
973,25409,14841.251,3
974,23711,14843.752,3
975,26038,14850.466,3
976,7510,14858.835,3
977,26350,14864.068,3
978,26670,14880.340,3
979,23782,14894.092,3
980,26520,14897.433,3
981,15092,14897.824,3
982,26030,14900.634,3
983,7974,14905.810,3
984,26230,14907.092,3
985,25629,14934.939,3
986,26028,14940.469,3
987,13012,14948.068,3
988,26373,14958.142,3
989,9618,14974.370,3
990,10300,14975.803,3
991,25469,14987.586,3
992,26462,14990.653,3
993,8793,15023.159,3
994,25642,15030.076,3
995,26025,15038.928,3
996,26637,15043.512,3
997,25486,15052.896,3
998,11358,15056.743,3
999,26789,15061.435,3
1000,13580,15062.389,3
1001,25315,15083.318,3
1002,12950,15099.833,3
1003,18542,15101.177,3
1004,4443,15107.497,3
1005,11844,15119.192,3
1006,15832,15172.147,3
1007,25791,15185.511,3
1008,25650,15197.609,3
1009,26813,15225.173,3
1010,6523,15250.763,3
1011,10795,15258.898,3
1012,2895,15270.401,3
1013,13063,15300.650,3
1014,25344,15310.310,3
1015,14738,15342.322,3
1016,7609,15352.024,3
1017,8139,15353.257,3
1018,5765,15388.219,3
1019,15022,15407.011,3
1020,25641,15417.471,3
1021,21454,15452.079,3
1022,26245,15476.254,3
1023,17332,15493.230,3
1024,26787,15507.755,3
1025,13423,15509.677,3
1026,26283,15530.909,3
1027,13805,15533.756,3
1028,18404,15596.133,3
1029,14438,15649.855,3
1030,7018,15674.645,3
1031,10543,15676.668,3
1032,15889,15684.926,3
1033,19186,15751.623,3
1034,10962,15760.198,3
1035,11334,15848.745,3
1036,8309,15863.547,3
1037,11800,15890.493,3
1038,8218,15894.967,3
1039,17697,15931.221,3
1040,25510,15968.052,3
1041,11555,15969.093,3
1042,26680,15976.461,3
1043,10538,15984.057,3
1044,26263,15989.978,3
1045,11968,15994.826,3
1046,20193,16004.018,3
1047,25919,16035.027,3
1048,25027,16058.192,3
1049,25704,16072.827,3
1050,25027,16083.917,4
1051,16740,16092.077,4
1052,15348,16100.105,4
1053,5114,16102.511,4
1054,26030,16115.810,4
1055,11028,16137.115,4
1056,13012,16179.229,4
1057,19186,16218.069,4
1058,25409,16230.475,4
1059,25644,16232.072,4
1060,12518,16237.127,4
1061,25832,16248.634,4
1062,15078,16254.955,4
1063,25526,16262.892,4
1064,15049,16270.136,4
1065,25993,16280.107,4
1066,24675,16294.191,4
1067,13814,16294.764,4
1068,10001,16299.596,4
1069,11333,16301.926,4
1070,18032,16315.998,4
1071,25746,16333.744,4
1072,25462,16334.338,4
1073,18038,16367.389,4
1074,3050,16373.430,4
1075,25623,16377.498,4
1076,14569,16398.040,4
1077,9953,16436.083,4
1078,15022,16470.183,4
1079,18604,16470.490,4
1080,26736,16495.996,4
1081,26718,16501.411,4
1082,12960,16506.346,4
1083,12305,16516.494,4
1084,26256,16534.364,4
1085,26165,16535.915,4
1086,20193,16566.391,4
1087,26400,16568.556,4
1088,22018,16623.428,4
1089,13132,16632.209,4
1090,3609,16658.424,4
1091,25313,16663.133,4
1092,26217,16671.221,4
1093,11855,16686.779,4
1094,11729,16689.901,4
1095,10300,16693.464,4
1096,25415,16719.520,4
1097,14075,16739.781,4
1098,26806,16761.156,4
1099,15792,16791.438,4
1100,13063,16817.245,4
1101,7857,16828.108,4
1102,9618,16830.705,4
1103,25629,16836.295,4
1104,21150,16846.898,4
1105,26660,16849.084,4
1106,26027,16877.671,4
1107,22624,16909.392,4
1108,14674,16909.833,4
1109,4741,16913.045,4
1110,22566,16939.885,4
1111,26752,16967.093,4
1112,25176,16971.398,4
1113,11628,16980.542,4
1114,25510,17018.063,4
1115,7559,17036.357,4
1116,13712,17041.159,4
1117,25260,17067.176,4
1118,10229,17077.728,4
1119,25320,17092.863,4
1120,7609,17094.846,4
1121,26486,17095.312,4
1122,12950,17102.301,4
1123,5216,17115.824,4
1124,17175,17118.757,4
1125,23711,17149.416,4
1126,25641,17162.676,4
1127,8793,17169.132,4
1128,15828,17171.810,4
1129,25494,17205.545,4
1130,10087,17226.277,4
1131,26520,17243.789,4
1132,11614,17248.823,4
1133,10795,17256.153,4
1134,8309,17258.820,4
1135,26327,17271.559,4
1136,25300,17321.810,4
1137,5957,17350.995,4
1138,17697,17366.630,4
1139,26324,17383.614,4
1140,26508,17388.316,4
1141,7886,17396.218,4
1142,26680,17396.522,4
1143,10962,17419.255,4
1144,13940,17441.142,4
1145,19673,17441.276,4
1146,3955,17477.650,4
1147,25315,17493.285,4
1148,25968,17507.073,4
1149,25783,17507.200,4
1150,14051,17511.563,4
1151,25412,17536.091,4
1152,9614,17541.559,4
1153,15217,17592.738,4
1154,15024,17608.178,4
1155,11598,17616.448,4
1156,26741,17623.533,4
1157,26805,17629.965,4
1158,26245,17634.320,4
1159,25642,17643.750,4
1160,25914,17660.711,4
1161,15889,17686.797,4
1162,25757,17694.388,4
1163,26813,17696.007,4
1164,26720,17706.754,4
1165,7974,17723.040,4
1166,15906,17750.840,4
1167,26783,17757.871,4
1168,25824,17773.505,4
1169,6537,17787.593,4
1170,11769,17792.910,4
1171,11358,17794.626,4
1172,21454,17795.616,4
1173,11778,17862.417,4
1174,25441,17877.766,4
1175,25073,17907.419,4
1176,9590,17911.959,4
1177,26368,17930.583,4
1178,25831,17964.020,4
1179,26517,17969.344,4
1180,25753,17971.781,4
1181,16494,17993.533,4
1182,25919,18028.025,4
1183,26810,18052.580,4
1184,26144,18076.900,4
1185,11775,18090.645,4
1186,15243,18106.851,4
1187,10506,18123.978,4
1188,17471,18143.141,4
1189,26479,18159.122,4
1190,10543,18248.809,4
1191,11487,18253.314,4
1192,5726,18261.448,4
1193,26537,18268.820,4
1194,12381,18269.360,4
1195,13074,18287.828,4
1196,15092,18300.559,4
1197,26201,18303.718,4
1198,9173,18323.168,4
1199,25650,18326.940,4
1200,10653,18338.414,4
1201,25804,18361.464,4
1202,25545,18397.015,4
1203,14018,18413.730,4
1204,15832,18424.349,4
1205,10260,18452.354,4
1206,25340,18479.903,4
1207,4601,18511.275,4
1208,9474,18514.273,4
1209,25871,18515.813,4
1210,25251,18517.867,4
1211,26789,18522.356,4
1212,26230,18547.137,4
1213,11557,18568.727,4
1214,18457,18571.760,4
1215,15697,18588.838,4
1216,12849,18594.972,4
1217,26668,18596.375,4
1218,17856,18602.959,4
1219,26590,18623.410,4
1220,17168,18628.913,4
1221,25635,18652.187,4
1222,26414,18658.223,4
1223,25292,18662.751,4
1224,15077,18667.974,4
1225,26028,18696.553,4
1226,26637,18706.091,4
1227,11964,18736.284,4
1228,7073,18749.425,4
1229,26569,18792.742,4
1230,26210,18793.850,4
1231,9593,18826.881,4
1232,10075,18837.293,4
1233,26800,18867.610,4
1234,25631,18874.821,4
1235,17970,18880.136,4
1236,13808,18880.970,4
1237,25405,18909.856,4
1238,17987,18912.073,4
1239,13458,18915.426,4
1240,11822,18923.320,4
1241,7488,18935.958,4
1242,19667,18971.525,4
1243,13580,18980.700,4
1244,25916,18986.406,4
1245,26243,19005.270,4
1246,9000,19027.910,4
1247,25324,19037.939,4
1248,11334,19052.895,4
1249,12102,19055.813,4
1250,12050,19070.911,4
1251,12340,19070.981,4
1252,25788,19075.775,4
1253,4443,19097.256,4
1254,3924,19100.026,4
1255,16171,19121.716,4
1256,26456,19131.803,4
1257,8925,19153.435,4
1258,11831,19154.817,4
1259,17182,19169.115,4
1260,15385,19184.171,4
1261,15150,19191.918,4
1262,14308,19242.345,4
1263,8812,19249.596,4
1264,26440,19250.173,4
1265,14738,19253.509,4
1266,10601,19260.514,4
1267,26496,19260.727,4
1268,26818,19266.560,4
1269,25486,19293.427,4
1270,12046,19296.599,4
1271,17597,19313.539,4
1272,26289,19328.319,4
1273,4383,19332.611,4
1274,25518,19350.350,4
1275,26787,19356.682,4
1276,26710,19358.752,4
1277,11499,19366.009,4
1278,17332,19379.334,4
1279,11482,19382.076,4
1280,25648,19408.121,4
1281,7660,19413.433,4
1282,26494,19418.588,4
1283,25478,19438.108,4
1284,25386,19451.717,4
1285,7565,19457.900,4
1286,11063,19490.736,4
1287,25343,19571.699,4
1288,10538,19577.994,4
1289,23782,19612.742,4
1290,26038,19619.419,4
1291,6531,19622.550,4
1292,25704,19666.922,4
1293,26115,19704.476,4
1294,25585,19712.223,4
1295,25383,19716.113,4
1296,8332,19735.596,4
1297,26294,19737.706,4
1298,5765,19757.574,4
1299,4291,19770.937,4
1300,26025,19773.713,4
1301,25464,19780.563,4
1302,26426,19796.334,4
1303,15015,19796.905,4
1304,26022,19828.283,4
1305,11968,19832.714,4
1306,25791,19844.191,4
1307,25467,19844.939,4
1308,23072,19923.483,4
1309,26263,19939.753,4
1310,11844,19955.654,4
1311,14451,19955.953,4
1312,25838,19973.508,4
1313,14155,19981.596,4
1314,8194,19988.773,4
1315,26755,20000.660,4
1316,26522,20010.308,4
1317,26067,20012.801,4
1318,12860,20030.623,4
1319,25445,20045.549,4
1320,26454,20050.923,4
1321,13805,20067.179,4
1322,11082,20083.471,4
1323,26425,20088.191,4
1324,14342,20102.148,4
1325,25739,20104.361,4
1326,25714,20130.998,4
1327,26283,20132.661,4
1328,25397,20151.689,4
1329,11439,20153.568,4
1330,25856,20155.384,4
1331,18011,20157.069,4
1332,8706,20160.391,4
1333,8569,20163.733,4
1334,15474,20168.311,4
1335,25408,20179.419,4
1336,6523,20182.798,4
1337,25673,20201.030,4
1338,26712,20206.281,4
1339,6107,20206.884,4
1340,25454,20217.172,4
1341,25480,20220.664,4
1342,6607,20261.238,4
1343,26670,20267.259,4
1344,26137,20267.300,4
1345,14319,20284.004,4
1346,26373,20319.612,4
1347,2895,20346.660,4
1348,25305,20363.246,4
1349,25079,20365.669,4
1350,10073,20367.085,4
1351,9594,20377.837,4
1352,26462,20397.124,4
1353,25469,20398.726,4
1354,7018,20403.159,4
1355,25013,20407.102,4
1356,11800,20474.302,4
1357,13995,20479.567,4
1358,9990,20488.929,4
1359,5066,20490.506,4
1360,15574,20493.386,4
1361,25715,20493.990,4
1362,14203,20499.139,4
1363,8139,20523.401,4
1364,26214,20529.026,4
1365,18542,20549.148,4
1366,26276,20550.645,4
1367,26350,20571.940,4
1368,25911,20572.645,4
1369,24380,20601.303,4
1370,26465,20617.634,4
1371,25280,20620.438,4
1372,26439,20627.074,4
1373,14438,20635.711,4
1374,13483,20650.296,4
1375,26240,20681.910,4
1376,13423,20683.374,4
1377,17832,20708.682,4
1378,12343,20711.711,4
1379,25834,20719.393,4
1380,8218,20768.568,4
1381,10319,20773.327,4
1382,26730,20780.636,4
1383,25344,20809.160,4
1384,14672,20833.294,4
1385,18404,20848.992,4
1386,5794,20872.904,4
1387,7510,20874.704,4
1388,10948,20892.573,4
1389,13597,20893.479,4
1390,26352,20936.310,4
1391,26040,20938.915,4
1392,25259,20946.983,4
1393,13837,20960.385,4
1394,26728,20984.697,4
1395,23470,21001.714,4
1396,16119,21004.713,4
1397,11555,21011.878,4
1398,26112,21018.539,4
1399,7083,21018.978,4
1400,17987,21036.280,5
1401,15906,21063.632,5
1402,8569,21118.060,5
1403,10001,21120.160,5
1404,25635,21158.121,5
1405,25386,21159.919,5
1406,25704,21167.866,5
1407,7974,21168.572,5
1408,26240,21173.121,5
1409,17832,21178.780,5
1410,26479,21197.069,5
1411,26414,21214.064,5
1412,26800,21235.949,5
1413,26038,21248.842,5
1414,8332,21261.329,5
1415,15697,21318.508,5
1416,25324,21335.131,5
1417,26810,21341.325,5
1418,5726,21352.432,5
1419,15015,21370.521,5
1420,26352,21372.022,5
1421,26522,21388.280,5
1422,15385,21392.567,5
1423,15243,21398.931,5
1424,25494,21415.850,5
1425,3050,21423.139,5
1426,23782,21450.537,5
1427,3609,21462.795,5
1428,11028,21528.880,5
1429,5794,21529.722,5
1430,9614,21545.189,5
1431,25462,21547.749,5
1432,26668,21576.091,5
1433,25993,21604.736,5
1434,12305,21635.272,5
1435,26508,21636.439,5
1436,14569,21646.588,5
1437,22566,21650.722,5
1438,11844,21703.393,5
1439,15150,21704.168,5
1440,10260,21707.947,5
1441,26494,21723.411,5
1442,9990,21731.156,5
1443,7510,21735.174,5
1444,26137,21744.391,5
1445,26067,21768.628,5
1446,16119,21777.544,5
1447,26660,21806.674,5
1448,26806,21815.562,5
1449,13483,21817.458,5
1450,26256,21827.776,5
1451,7018,21843.669,5
1452,10087,21845.293,5
1453,17471,21853.267,5
1454,5216,21865.485,5
1455,15217,21865.487,5
1456,14018,21866.917,5
1457,14674,21880.819,5
1458,13580,21895.296,5
1459,14319,21900.745,5
1460,10229,21911.395,5
1461,25788,21914.871,5
1462,25405,21931.568,5
1463,18032,21976.611,5
1464,25739,21983.384,5
1465,4601,21984.221,5
1466,13458,21988.004,5
1467,13712,21997.094,5
1468,7565,22009.413,5
1469,25791,22023.918,5
1470,11333,22033.530,5
1471,6531,22049.587,5
1472,11499,22068.465,5
1473,7660,22070.281,5
1474,26112,22091.645,5
1475,15792,22095.405,5
1476,24380,22101.669,5
1477,7609,22128.238,5
1478,16171,22178.284,5
1479,25673,22183.463,5
1480,11487,22194.535,5
1481,15022,22212.699,5
1482,25545,22213.402,5
1483,17332,22216.092,5
1484,17697,22218.362,5
1485,26040,22237.289,5
1486,18404,22256.467,5
1487,25631,22258.164,5
1488,12046,22272.321,5
1489,26025,22275.437,5
1490,6537,22315.372,5
1491,25478,22322.858,5
1492,26787,22332.019,5
1493,23711,22354.828,5
1494,9000,22373.751,5
1495,8793,22375.461,5
1496,3955,22383.490,5
1497,15828,22422.673,5
1498,5765,22449.926,5
1499,25480,22463.257,5
1500,19186,22485.442,5
1501,26818,22494.424,5
1502,25757,22510.538,5
1503,26741,22557.456,5
1504,6107,22559.625,5
1505,26440,22569.987,5
1506,26426,22581.324,5
1507,26728,22582.071,5
1508,4383,22623.143,5
1509,18604,22650.521,5
1510,7559,22660.415,5
1511,25260,22671.064,5
1512,7488,22709.170,5
1513,12960,22712.095,5
1514,14672,22725.056,5
1515,26637,22744.724,5
1516,12860,22746.785,5
1517,18011,22754.136,5
1518,25746,22767.901,5
1519,26368,22800.045,5
1520,25469,22810.566,5
1521,23470,22817.850,5
1522,10538,22876.161,5
1523,17970,22913.299,5
1524,22018,22934.855,5
1525,10075,22939.649,5
1526,25650,22989.344,5
1527,10543,23042.191,5
1528,25280,23051.236,5
1529,11082,23053.383,5
1530,26327,23061.368,5
1531,9594,23079.428,5
1532,26783,23100.128,5
1533,15574,23105.455,5
1534,3924,23123.590,5
1535,12102,23153.157,5
1536,2895,23171.823,5
1537,19667,23212.942,5
1538,26294,23227.961,5
1539,26465,23231.325,5
1540,25518,23246.004,5
1541,9953,23251.153,5
1542,13808,23257.507,5
1543,11800,23274.245,5
1544,7886,23333.962,5
1545,14342,23349.713,5
1546,12950,23397.382,5
1547,25783,23407.896,5
1548,10948,23425.674,5
1549,15832,23431.511,5
1550,9590,23433.351,5
1551,10601,23439.864,5
1552,26569,23449.684,5
1553,22624,23462.366,5
1554,25415,23478.867,5
1555,25300,23486.973,5
1556,14075,23507.640,5
1557,11598,23535.259,5
1558,26752,23540.311,5
1559,15077,23568.500,5
1560,26736,23593.278,5
1561,21454,23604.373,5
1562,25641,23604.757,5
1563,25454,23607.113,5
1564,16494,23623.754,5
1565,25445,23627.099,5
1566,25916,23647.905,5
1567,18542,23650.537,5
1568,17168,23655.603,5
1569,6607,23659.929,5
1570,25832,23687.360,5
1571,11334,23704.957,5
1572,10653,23710.203,5
1573,25343,23731.215,5
1574,9474,23731.707,5
1575,26276,23756.940,5
1576,4741,23758.561,5
1577,11358,23788.940,5
1578,25305,23809.117,5
1579,25176,23839.136,5
1580,14738,23859.482,5
1581,26712,23871.840,5
1582,26718,23875.909,5
1583,11964,23898.918,5
1584,15049,23922.971,5
1585,26755,23928.059,5
1586,16740,23944.441,5
1587,15474,23983.595,5
1588,5066,23990.949,5
1589,8218,24038.044,5
1590,11482,24093.879,5
1591,26496,24099.503,5
1592,25397,24111.551,5
1593,25642,24111.747,5
1594,25753,24116.089,5
1595,11063,24130.625,5
1596,15889,24153.400,5
1597,25914,24184.017,5
1598,25079,24210.595,5
1599,11822,24246.964,5
1600,25834,24265.257,5
1601,10073,24280.903,5
1602,26230,24302.007,5
1603,15024,24313.872,5
1604,26373,24327.744,5
1605,26165,24350.196,5
1606,25510,24400.180,5
1607,13995,24405.406,5
1608,26520,24408.336,5
1609,8925,24425.553,5
1610,13940,24428.658,5
1611,25486,24431.521,5
1612,26710,24442.340,5
1613,26263,24449.443,5
1614,25320,24457.835,5
1615,10300,24470.035,5
1616,26214,24472.125,5
1617,8706,24485.280,5
1618,25464,24489.696,5
1619,25340,24495.716,5
1620,25344,24514.268,5
1621,25838,24516.791,5
1622,25715,24519.294,5
1623,25073,24525.137,5
1624,26425,24525.920,5
1625,17175,24566.328,5
1626,25831,24580.670,5
1627,26245,24596.935,5
1628,25251,24607.052,5
1629,14051,24619.805,5
1630,26813,24626.454,5
1631,11614,24649.444,5
1632,15348,24655.182,5
1633,25027,24658.908,5
1634,26243,24661.955,5
1635,8309,24663.015,5
1636,11557,24673.567,5
1637,26439,24681.633,5
1638,13132,24693.184,5
1639,18457,24694.631,5
1640,26462,24698.381,5
1641,11855,24701.981,5
1642,13012,24708.030,5
1643,20193,24714.743,5
1644,25259,24718.440,5
1645,8194,24739.395,5
1646,15092,24750.736,5
1647,14451,24836.134,5
1648,25313,24862.166,5
1649,14155,24921.721,5
1650,26350,24921.854,5
1651,9173,24938.436,5
1652,25623,24947.286,5
1653,5957,24982.515,5
1654,26030,24996.782,5
1655,25968,25011.340,5
1656,25526,25059.215,5
1657,25856,25076.427,5
1658,13597,25082.233,5
1659,25441,25119.375,5
1660,11628,25162.877,5
1661,9618,25170.191,5
1662,25644,25181.847,5
1663,12518,25186.833,5
1664,26028,25223.177,5
1665,12343,25249.075,5
1666,12050,25256.124,5
1667,12340,25280.479,5
1668,11778,25289.326,5
1669,26283,25289.998,5
1670,14438,25324.282,5
1671,25648,25327.489,5
1672,21150,25338.309,5
1673,26670,25382.718,5
1674,5114,25385.466,5
1675,25383,25432.414,5
1676,12381,25443.996,5
1677,25911,25444.106,5
1678,25804,25445.122,5
1679,26805,25461.767,5
1680,25467,25484.048,5
1681,25871,25514.079,5
1682,17856,25522.359,5
1683,7073,25524.005,5
1684,26789,25535.580,5
1685,17182,25553.778,5
1686,26730,25609.864,5
1687,7857,25632.252,5
1688,12849,25647.853,5
1689,26027,25689.992,5
1690,26456,25710.601,5
1691,26210,25713.105,5
1692,25292,25722.327,5
1693,26590,25728.372,5
1694,25714,25729.746,5
1695,25412,25730.583,5
1696,26720,25754.297,5
1697,24675,25766.546,5
1698,8139,25779.380,5
1699,11775,25783.255,5
1700,14308,25787.744,5
1701,25408,25795.110,5
1702,11968,25810.033,5
1703,11831,25818.544,5
1704,26115,25818.800,5
1705,26400,25835.581,5
1706,7083,25847.061,5
1707,26022,25862.445,5
1708,25824,25876.894,5
1709,26324,25898.050,5
1710,11729,25911.264,5
1711,10962,25929.368,5
1712,26217,25930.499,5
1713,25315,25969.975,5
1714,26517,25971.658,5
1715,11439,25994.847,5
1716,6523,26000.226,5
1717,17597,26001.583,5
1718,26454,26023.323,5
1719,26201,26031.959,5
1720,13063,26039.499,5
1721,4443,26055.713,5
1722,26486,26065.350,5
1723,25629,26076.786,5
1724,26144,26078.986,5
1725,26289,26086.425,5
1726,11769,26110.379,5
1727,13423,26122.214,5
1728,26537,26170.548,5
1729,25919,26172.882,5
1730,13805,26189.847,5
1731,11555,26226.677,5
1732,23072,26250.450,5
1733,9593,26270.052,5
1734,10506,26277.057,5
1735,25409,26321.834,5
1736,4291,26333.929,5
1737,18038,26346.077,5
1738,25585,26348.050,5
1739,10319,26348.125,5
1740,13837,26361.745,5
1741,10795,26373.300,5
1742,8812,26417.356,5
1743,13074,26422.807,5
1744,15078,26443.500,5
1745,19673,26478.580,5
1746,26680,26484.901,5
1747,13814,26492.883,5
1748,14203,26508.457,5
1749,25013,26519.235,5
1750,25832,26521.868,6
1751,25315,26525.610,6
1752,11628,26552.614,6
1753,25260,26555.855,6
1754,26800,26558.857,6
1755,22566,26582.973,6
1756,26217,26611.657,6
1757,26810,26640.253,6
1758,8309,26680.658,6
1759,25280,26758.202,6
1760,4383,26767.480,6
1761,9474,26779.446,6
1762,25585,26784.598,6
1763,26720,26785.644,6
1764,26028,26787.194,6
1765,17471,26806.591,6
1766,10948,26816.609,6
1767,11082,26822.635,6
1768,11614,26824.693,6
1769,11557,26840.677,6
1770,5114,26842.258,6
1771,25715,26856.753,6
1772,23470,26891.309,6
1773,19186,26897.046,6
1774,14051,26906.031,6
1775,25415,26920.401,6
1776,25486,26925.873,6
1777,10087,26939.035,6
1778,3955,26951.540,6
1779,13940,26958.340,6
1780,9594,26964.045,6
1781,4291,26972.432,6
1782,26425,26972.505,6
1783,8793,26976.744,6
1784,9990,26980.500,6
1785,12960,27000.695,6
1786,26668,27009.289,6
1787,26508,27036.788,6
1788,8569,27038.952,6
1789,11964,27058.758,6
1790,15348,27090.300,6
1791,26201,27099.622,6
1792,13597,27106.287,6
1793,13423,27111.754,6
1794,13458,27123.788,6
1795,17856,27126.687,6
1796,25804,27140.682,6
1797,9618,27168.340,6
1798,25027,27197.695,6
1799,26426,27199.957,6
1800,15828,27211.560,6
1801,26022,27216.142,6
1802,26736,27248.760,6
1803,10506,27249.953,6
1804,10075,27251.129,6
1805,25642,27251.411,6
1806,18604,27262.025,6
1807,17597,27262.501,6
1808,25834,27275.581,6
1809,9000,27283.372,6
1810,15243,27296.747,6
1811,25914,27332.263,6
1812,25073,27344.294,6
1813,26027,27356.055,6
1814,23782,27456.065,6
1815,15906,27465.647,6
1816,25409,27488.035,6
1817,26230,27494.867,6
1818,26025,27498.657,6
1819,7886,27520.843,6
1820,26373,27540.663,6
1821,25383,27545.822,6
1822,15049,27555.196,6
1823,25623,27565.909,6
1824,26289,27573.491,6
1825,25445,27583.953,6
1826,26710,27600.254,6
1827,26712,27628.510,6
1828,9173,27653.151,6
1829,26818,27667.431,6
1830,17332,27670.151,6
1831,6107,27680.978,6
1832,26294,27689.843,6
1833,8812,27692.804,6
1834,26789,27737.359,6
1835,18457,27753.515,6
1836,26256,27805.022,6
1837,25783,27824.994,6
1838,18542,27834.905,6
1839,25635,27841.571,6
1840,13012,27845.275,6
1841,25397,27855.306,6
1842,25791,27856.280,6
1843,8218,27863.197,6
1844,16171,27863.853,6
1845,15574,27867.328,6
1846,25292,27903.073,6
1847,26494,27909.796,6
1848,11482,27919.310,6
1849,8139,27928.405,6
1850,12518,27929.118,6
1851,26414,27988.248,6
1852,25824,27994.123,6
1853,21150,28012.370,6
1854,26400,28023.423,6
1855,25462,28049.971,6
1856,26590,28076.987,6
1857,10962,28081.571,6
1858,25831,28093.361,6
1859,26479,28096.226,6
1860,3050,28112.131,6
1861,25919,28118.950,6
1862,26520,28134.841,6
1863,25324,28161.911,6
1864,17182,28172.817,6
1865,12305,28179.899,6
1866,25993,28215.565,6
1867,11487,28226.462,6
1868,7488,28232.991,6
1869,15474,28263.333,6
1870,25313,28273.341,6
1871,11769,28283.211,6
1872,25753,28297.114,6
1873,13995,28307.567,6
1874,16119,28309.811,6
1875,12849,28312.527,6
1876,26806,28313.730,6
1877,5726,28329.200,6
1878,14569,28332.765,6
1879,10543,28335.869,6
1880,22018,28342.615,6
1881,26486,28361.566,6
1882,5066,28363.455,6
1883,26670,28367.382,6
1884,26718,28392.386,6
1885,25648,28411.494,6
1886,26517,28421.347,6
1887,25467,28431.122,6
1888,26439,28434.671,6
1889,26741,28437.308,6
1890,17987,28464.188,6
1891,12102,28464.528,6
1892,15024,28465.190,6
1893,25408,28477.971,6
1894,25478,28480.607,6
1895,25480,28495.502,6
1896,11778,28496.102,6
1897,26783,28508.841,6
1898,26522,28509.704,6
1899,6523,28514.185,6
1900,15077,28517.162,6
1901,26456,28564.799,6
1902,15150,28578.519,6
1903,7018,28590.958,6
1904,13805,28591.239,6
1905,26243,28610.310,6
1906,3924,28626.569,6
1907,10601,28631.569,6
1908,7510,28632.913,6
1909,26728,28641.859,6
1910,10260,28715.814,6
1911,25013,28746.109,6
1912,25673,28748.915,6
1913,9590,28775.526,6
1914,4741,28789.302,6
1915,7660,28813.045,6
1916,11063,28838.805,6
1917,2895,28841.816,6
1918,22624,28857.983,6
1919,11358,28862.591,6
1920,8925,28881.912,6
1921,7559,28888.205,6
1922,26324,28897.268,6
1923,25251,28910.664,6
1924,25526,28914.580,6
1925,15092,28921.884,6
1926,26210,28923.608,6
1927,10001,28926.999,6
1928,6531,28956.447,6
1929,14203,28966.975,6
1930,11822,28975.141,6
1931,8194,28977.571,6
1932,25259,28979.090,6
1933,21454,28988.780,6
1934,25386,29003.088,6
1935,25871,29003.685,6
1936,23711,29026.663,6
1937,25305,29037.161,6
1938,19667,29039.036,6
1939,26137,29048.910,6
1940,11028,29051.004,6
1941,17970,29064.879,6
1942,25344,29091.242,6
1943,25405,29125.333,6
1944,16740,29147.699,6
1945,13580,29163.413,6
1946,10653,29174.487,6
1947,11729,29181.426,6
1948,14342,29182.092,6
1949,26730,29193.412,6
1950,26813,29197.322,6
1951,25746,29221.637,6
1952,11598,29245.015,6
1953,17168,29252.216,6
1954,23072,29265.555,6
1955,25320,29285.842,6
1956,26805,29307.345,6
1957,24675,29325.241,6
1958,11844,29326.783,6
1959,13063,29328.939,6
1960,7609,29338.666,6
1961,10229,29342.636,6
1962,26350,29372.026,6
1963,10073,29377.022,6
1964,25340,29408.427,6
1965,17697,29416.307,6
1966,26030,29419.450,6
1967,25518,29437.974,6
1968,25704,29461.343,6
1969,26368,29474.283,6
1970,26440,29476.164,6
1971,25494,29476.272,6
1972,18032,29492.216,6
1973,25911,29509.676,6
1974,14155,29515.371,6
1975,7073,29522.118,6
1976,11800,29524.640,6
1977,11831,29540.455,6
1978,25788,29544.844,6
1979,15022,29573.806,6
1980,25412,29582.070,6
1981,25545,29588.897,6
1982,9614,29593.732,6
1983,11499,29610.852,6
1984,14672,29631.948,6
1985,10319,29639.945,6
1986,13132,29662.917,6
1987,26276,29672.797,6
1988,11334,29679.733,6
1989,5957,29691.875,6
1990,13483,29696.266,6
1991,15385,29701.760,6
1992,4443,29708.092,6
1993,15832,29726.429,6
1994,10795,29746.393,6
1995,16494,29775.359,6
1996,10300,29791.509,6
1997,26245,29812.173,6
1998,15078,29821.048,6
1999,26112,29839.073,6
2000,5794,29841.720,6
2001,25838,29845.341,6
2002,13074,29853.018,6
2003,26214,29859.215,6
2004,26283,29871.212,6
2005,12340,29889.125,6
2006,26038,29907.528,6
2007,14308,29910.156,6
2008,26165,29960.259,6
2009,24380,29960.339,6
2010,26637,29961.772,6
2011,12046,29964.127,6
2012,26787,30003.155,6
2013,13712,30011.729,6
2014,26496,30012.722,6
2015,12950,30016.483,6
2016,25644,30017.734,6
2017,26327,30018.312,6
2018,11555,30025.587,6
2019,19673,30088.041,6
2020,5765,30102.318,6
2021,15889,30113.359,6
2022,14674,30132.011,6
2023,25916,30145.660,6
2024,26569,30189.363,6
2025,26454,30215.104,6
2026,25714,30230.441,6
2027,25079,30239.111,6
2028,26240,30242.490,6
2029,26067,30258.536,6
2030,25641,30282.973,6
2031,15792,30288.026,6
2032,26263,30288.539,6
2033,6607,30302.265,6
2034,18404,30313.145,6
2035,26660,30317.098,6
2036,18011,30319.883,6
2037,26144,30320.434,6
2038,9593,30324.536,6
2039,26115,30324.541,6
2040,18038,30327.110,6
2041,25631,30413.360,6
2042,25856,30436.050,6
2043,11439,30442.584,6
2044,26040,30450.125,6
2045,15015,30463.356,6
2046,6537,30474.295,6
2047,14738,30494.325,6
2048,14438,30495.392,6
2049,7857,30496.809,6
2050,13837,30501.830,6
2051,25464,30528.389,6
2052,11333,30565.367,6
2053,7565,30571.785,6
2054,26680,30621.355,6
2055,26462,30626.210,6
2056,12860,30640.195,6
2057,25300,30643.439,6
2058,11855,30683.267,6
2059,14451,30696.099,6
2060,14018,30700.638,6
2061,17832,30708.480,6
2062,15697,30710.168,6
2063,26352,30711.295,6
2064,25469,30716.523,6
2065,17175,30760.589,6
2066,15217,30784.953,6
2067,7974,30832.050,6
2068,7083,30863.376,6
2069,10538,30888.538,6
2070,25629,30901.369,6
2071,26465,30919.141,6
2072,25968,30969.886,6
2073,12343,30982.309,6
2074,26537,31004.352,6
2075,13808,31025.602,6
2076,9953,31074.357,6
2077,25650,31083.568,6
2078,26755,31092.831,6
2079,8332,31106.089,6
2080,12050,31106.505,6
2081,4601,31108.359,6
2082,13814,31109.408,6
2083,25757,31124.471,6
2084,25343,31201.714,6
2085,25510,31218.662,6
2086,14075,31222.581,6
2087,3609,31228.272,6
2088,11968,31274.938,6
2089,25454,31285.838,6
2090,14319,31285.985,6
2091,5216,31312.758,6
2092,8706,31317.038,6
2093,20193,31318.502,6
2094,25176,31335.301,6
2095,25739,31361.113,6
2096,26752,31362.299,6
2097,12381,31402.490,6
2098,25441,31412.200,6
2099,11775,31418.744,6
2100,18542,31452.454,7
2101,25079,31457.155,7
2102,10001,31501.251,7
2103,26440,31518.489,7
2104,15574,31554.596,7
2105,25783,31564.963,7
2106,26240,31568.304,7
2107,25251,31588.248,7
2108,4741,31619.172,7
2109,15150,31622.646,7
2110,13995,31626.045,7
2111,25757,31630.355,7
2112,23782,31644.813,7
2113,3609,31647.357,7
2114,17168,31649.049,7
2115,12305,31686.971,7
2116,10506,31703.867,7
2117,14308,31720.201,7
2118,11499,31734.473,7
2119,26806,31756.147,7
2120,13458,31767.844,7
2121,10073,31768.491,7
2122,25300,31778.366,7
2123,26373,31792.907,7
2124,18404,31803.076,7
2125,25454,31866.437,7
2126,25526,31900.532,7
2127,13012,31930.994,7
2128,16171,31941.118,7
2129,25386,32003.520,7
2130,7083,32040.676,7
2131,25788,32045.609,7
2132,14018,32049.376,7
2133,26494,32062.270,7
2134,8706,32063.105,7
2135,8925,32087.192,7
2136,11334,32096.952,7
2137,25518,32108.625,7
2138,25631,32119.097,7
2139,9000,32126.603,7
2140,25824,32143.995,7
2141,7886,32146.877,7
2142,7073,32203.143,7
2143,22624,32221.115,7
2144,25383,32230.359,7
2145,26787,32247.889,7
2146,25648,32248.067,7
2147,26025,32251.618,7
2148,8793,32264.666,7
2149,11028,32270.571,7
2150,7510,32284.803,7
2151,12860,32289.313,7
2152,26115,32301.243,7
2153,13132,32305.303,7
2154,12340,32314.865,7
2155,6531,32329.108,7
2156,25445,32335.942,7
2157,12050,32346.302,7
2158,15474,32349.848,7
2159,25292,32367.943,7
2160,26230,32374.929,7
2161,25510,32403.825,7
2162,25993,32408.744,7
2163,13423,32411.719,7
2164,11439,32413.828,7
2165,25408,32426.694,7
2166,25642,32430.587,7
2167,9590,32432.165,7
2168,26522,32436.885,7
2169,26022,32440.919,7
2170,4291,32449.409,7
2171,11063,32456.601,7
2172,10319,32458.966,7
2173,8218,32506.932,7
2174,9614,32509.362,7
2175,14342,32533.935,7
2176,11555,32536.850,7
2177,26368,32547.235,7
2178,11333,32628.498,7
2179,26289,32656.894,7
2180,25919,32667.810,7
2181,13074,32686.934,7
2182,24380,32710.014,7
2183,26479,32715.365,7
2184,25739,32727.753,7
2185,5066,32740.337,7
2186,10229,32747.960,7
2187,26137,32765.554,7
2188,26352,32766.482,7
2189,26805,32791.698,7
2190,6537,32801.407,7
2191,14451,32816.316,7
2192,17175,32825.279,7
2193,25494,32831.391,7
2194,26637,32838.108,7
2195,25715,32850.434,7
2196,17597,32890.724,7
2197,10300,32895.194,7
2198,26425,32895.495,7
2199,11614,32897.433,7
2200,25412,32927.736,7
2201,5794,32977.236,7
2202,15792,32980.564,7
2203,26517,32993.430,7
2204,22566,33009.140,7
2205,26243,33012.017,7
2206,26400,33034.750,7
2207,25405,33041.331,7
2208,10087,33058.106,7
2209,25871,33068.133,7
2210,9990,33088.140,7
2211,17332,33121.199,7
2212,25441,33128.396,7
2213,15832,33133.460,7
2214,11855,33148.443,7
2215,4443,33150.790,7
2216,12960,33153.541,7
2217,26590,33178.273,7
2218,25462,33184.447,7
2219,12046,33199.412,7
2220,26712,33212.129,7
2221,25545,33240.476,7
2222,16119,33241.586,7
2223,13483,33244.238,7
2224,23470,33248.123,7
2225,25644,33253.840,7
2226,25673,33259.006,7
2227,8812,33263.674,7
2228,7857,33279.194,7
2229,14319,33283.940,7
2230,26486,33292.769,7
2231,26569,33322.565,7
2232,26201,33329.333,7
2233,25916,33342.595,7
2234,26276,33393.108,7
2235,25831,33401.125,7
2236,11844,33404.173,7
2237,17856,33404.523,7
2238,22018,33424.040,7
2239,8309,33440.312,7
2240,15022,33482.623,7
2241,11800,33500.717,7
2242,10538,33501.969,7
2243,25469,33504.708,7
2244,10543,33506.339,7
2245,26752,33507.327,7
2246,25467,33538.969,7
2247,21150,33550.894,7
2248,12849,33551.295,7
2249,26040,33558.883,7
2250,25478,33580.605,7
2251,25027,33581.909,7
2252,26680,33586.475,7
2253,15385,33589.006,7
2254,25753,33604.962,7
2255,26038,33637.466,7
2256,11769,33643.019,7
2257,26439,33647.282,7
2258,25324,33652.297,7
2259,25344,33667.068,7
2260,8332,33669.179,7
2261,7974,33696.530,7
2262,26112,33696.965,7
2263,25746,33713.304,7
2264,26263,33742.835,7
2265,11082,33748.736,7
2266,25911,33758.434,7
2267,25013,33813.756,7
2268,15217,33825.423,7
2269,12518,33830.193,7
2270,26214,33839.021,7
2271,26783,33891.392,7
2272,8194,33909.333,7
2273,5216,33912.256,7
2274,10601,33925.910,7
2275,26789,33940.866,7
2276,15906,33956.019,7
2277,4383,33968.471,7
2278,13837,33979.589,7
2279,11778,33994.894,7
2280,17182,34000.452,7
2281,9594,34006.849,7
2282,10075,34018.486,7
2283,23711,34042.985,7
2284,14155,34051.732,7
2285,18032,34058.562,7
2286,26718,34063.075,7
2287,25415,34068.502,7
2288,26456,34068.503,7
2289,19186,34093.845,7
2290,14075,34122.098,7
2291,25650,34128.419,7
2292,26030,34137.920,7
2293,15092,34138.045,7
2294,25280,34176.328,7
2295,13063,34220.378,7
2296,5726,34230.102,7
2297,17970,34230.240,7
2298,20193,34238.683,7
2299,26741,34243.882,7
2300,6607,34247.827,7
2301,10260,34247.935,7
2302,25804,34254.953,7
2303,26670,34262.911,7
2304,26462,34275.245,7
2305,26144,34282.777,7
2306,26217,34285.451,7
2307,19667,34305.491,7
2308,25968,34312.899,7
2309,25714,34320.030,7
2310,12381,34324.607,7
2311,7018,34332.836,7
2312,8139,34336.944,7
2313,25259,34358.637,7
2314,14738,34394.748,7
2315,25834,34419.469,7
2316,5114,34436.780,7
2317,26067,34441.805,7
2318,26520,34462.181,7
2319,25340,34486.998,7
2320,15697,34494.987,7
2321,14203,34523.796,7
2322,10653,34526.817,7
2323,11487,34531.946,7
2324,26327,34547.141,7
2325,3050,34561.566,7
2326,26800,34566.330,7
2327,13940,34580.953,7
2328,11729,34584.073,7
2329,18011,34584.367,7
2330,13580,34585.131,7
2331,26283,34596.615,7
2332,11557,34599.701,7
2333,25073,34601.320,7
2334,21454,34606.024,7
2335,15348,34624.863,7
2336,25704,34644.343,7
2337,7488,34648.318,7
2338,8569,34650.768,7
2339,15077,34660.974,7
2340,26294,34667.250,7
2341,25635,34672.851,7
2342,14672,34696.952,7
2343,25585,34789.899,7
2344,26027,34799.245,7
2345,9474,34822.757,7
2346,11822,34828.769,7
2347,26720,34856.594,7
2348,26668,34902.032,7
2349,12950,34902.897,7
2350,17987,34925.315,7
2351,18457,34926.426,7
2352,16494,34935.954,7
2353,17471,34939.155,7
2354,26755,34966.789,7
2355,11628,34992.283,7
2356,5765,35018.709,7
2357,26210,35020.660,7
2358,25305,35042.585,7
2359,25832,35046.879,7
2360,18604,35069.005,7
2361,26350,35077.781,7
2362,25315,35097.851,7
2363,9593,35098.362,7
2364,26426,35107.628,7
2365,10962,35129.738,7
2366,25914,35140.784,7
2367,16740,35201.141,7
2368,23072,35210.744,7
2369,11482,35227.904,7
2370,11968,35233.516,7
2371,10948,35239.368,7
2372,11358,35254.248,7
2373,25464,35254.895,7
2374,15049,35296.465,7
2375,26818,35307.503,7
2376,15024,35311.885,7
2377,3924,35327.148,7
2378,12343,35330.471,7
2379,26660,35363.246,7
2380,6523,35393.135,7
2381,5957,35396.819,7
2382,24675,35398.617,7
2383,4601,35413.649,7
2384,15828,35419.534,7
2385,19673,35422.281,7
2386,11964,35427.127,7
2387,25176,35429.039,7
2388,2895,35452.388,7
2389,9953,35452.522,7
2390,17832,35453.166,7
2391,25409,35476.116,7
2392,14674,35485.790,7
2393,15015,35499.393,7
2394,25320,35506.356,7
2395,14438,35507.762,7
2396,26508,35510.337,7
2397,13712,35511.775,7
2398,11598,35526.235,7
2399,26454,35566.307,7
2400,26028,35653.310,7
2401,7565,35668.028,7
2402,15243,35668.952,7
2403,3955,35684.469,7
2404,7609,35702.595,7
2405,13808,35726.110,7
2406,25480,35728.127,7
2407,26496,35732.100,7
2408,26245,35792.093,7
2409,26165,35815.400,7
2410,7559,35836.602,7
2411,25397,35861.164,7
2412,13805,35869.827,7
2413,11831,35873.042,7
2414,26813,35890.574,7
2415,25838,35897.225,7
2416,25856,35899.396,7
2417,26537,35933.736,7
2418,26324,35943.698,7
2419,25791,35952.329,7
2420,25343,35957.566,7
2421,9618,35975.478,7
2422,12102,35978.635,7
2423,6107,35981.733,7
2424,13814,35988.141,7
2425,26730,36007.915,7
2426,26256,36012.746,7
2427,25641,36039.445,7
2428,26810,36076.329,7
2429,26736,36088.458,7
2430,25623,36089.528,7
2431,10795,36092.055,7
2432,26414,36097.313,7
2433,18038,36101.897,7
2434,14051,36108.759,7
2435,15889,36108.770,7
2436,13597,36124.013,7
2437,17697,36131.160,7
2438,26465,36134.239,7
2439,25629,36134.522,7
2440,15078,36163.678,7
2441,7660,36186.120,7
2442,14569,36190.213,7
2443,25313,36209.361,7
2444,25260,36225.468,7
2445,26710,36237.082,7
2446,26728,36244.435,7
2447,11775,36255.572,7
2448,25486,36265.896,7
2449,9173,36277.923,7
2450,15792,36292.164,8
2451,12050,36298.007,8
2452,25292,36313.369,8
2453,13458,36315.125,8
2454,11499,36326.235,8
2455,17471,36327.270,8
2456,5066,36354.315,8
2457,6607,36356.400,8
2458,4291,36387.412,8
2459,25641,36390.798,8
2460,18457,36400.762,8
2461,25386,36402.322,8
2462,13580,36415.017,8
2463,25478,36442.163,8
2464,25629,36458.253,8
2465,25027,36469.446,8
2466,25486,36487.571,8
2467,10543,36492.006,8
2468,25313,36498.850,8
2469,15049,36512.819,8
2470,25804,36513.922,8
2471,25635,36553.856,8
2472,12849,36557.368,8
2473,26112,36567.510,8
2474,26030,36600.587,8
2475,3609,36601.837,8
2476,10073,36626.055,8
2477,11822,36626.995,8
2478,8194,36639.242,8
2479,14075,36681.010,8
2480,26038,36689.077,8
2481,8309,36695.985,8
2482,12518,36714.473,8
2483,25324,36740.501,8
2484,16171,36745.136,8
2485,25704,36745.759,8
2486,14674,36746.854,8
2487,25397,36752.288,8
2488,11358,36795.686,8
2489,10795,36844.191,8
2490,26818,36845.723,8
2491,17332,36865.098,8
2492,13597,36876.476,8
2493,9618,36879.627,8
2494,25642,36890.831,8
2495,26465,36895.122,8
2496,12343,36909.847,8
2497,25631,36912.804,8
2498,14451,36933.550,8
2499,7559,36941.597,8
2500,15243,36943.269,8
2501,19186,36958.537,8
2502,10538,36965.184,8
2503,25753,36974.391,8
2504,25343,36990.806,8
2505,26736,37022.967,8
2506,14203,37025.705,8
2507,26730,37028.689,8
2508,22018,37036.390,8
2509,26787,37042.566,8
2510,26440,37045.149,8
2511,25526,37142.034,8
2512,11487,37150.812,8
2513,8569,37157.327,8
2514,25916,37163.006,8
2515,26454,37234.456,8
2516,18542,37240.344,8
2517,15150,37247.315,8
2518,13837,37268.986,8
2519,25838,37277.433,8
2520,8706,37296.845,8
2521,26439,37310.909,8
2522,26025,37323.331,8
2523,14342,37326.941,8
2524,5726,37348.709,8
2525,11439,37387.794,8
2526,26368,37392.192,8
2527,26710,37441.107,8
2528,8139,37450.007,8
2529,11800,37457.597,8
2530,15022,37477.033,8
2531,25746,37538.113,8
2532,19673,37551.699,8
2533,13814,37562.634,8
2534,25467,37637.972,8
2535,26165,37643.362,8
2536,25788,37648.719,8
2537,11968,37652.482,8
2538,17175,37681.522,8
2539,17182,37681.851,8
2540,25919,37707.736,8
2541,11964,37725.290,8
2542,4383,37730.134,8
2543,25494,37742.234,8
2544,11831,37754.424,8
2545,13805,37793.463,8
2546,25412,37795.984,8
2547,5765,37796.561,8
2548,26517,37803.154,8
2549,11557,37805.389,8
2550,13995,37812.250,8
2551,25757,37825.340,8
2552,26324,37829.319,8
2553,8332,37854.315,8
2554,25013,37855.761,8
2555,26352,37863.418,8
2556,26479,37900.912,8
2557,10300,37920.791,8
2558,7073,37940.079,8
2559,15024,37963.697,8
2560,18038,37966.545,8
2561,25739,37992.750,8
2562,5957,38010.298,8
2563,25856,38023.176,8
2564,10653,38058.910,8
2565,26668,38072.477,8
2566,9593,38077.835,8
2567,9953,38097.519,8
2568,8793,38110.399,8
2569,26670,38111.625,8
2570,26028,38112.489,8
2571,9594,38134.593,8
2572,26783,38141.007,8
2573,25968,38166.492,8
2574,12960,38174.573,8
2575,15015,38204.929,8
2576,15906,38235.507,8
2577,7974,38239.364,8
2578,25911,38255.231,8
2579,26718,38269.062,8
2580,8812,38269.234,8
2581,26283,38291.771,8
2582,26144,38299.002,8
2583,17970,38304.455,8
2584,26067,38305.086,8
2585,13423,38316.732,8
2586,26350,38319.162,8
2587,4443,38329.631,8
2588,5114,38333.374,8
2589,25545,38334.151,8
2590,14319,38353.879,8
2591,26240,38361.365,8
2592,26426,38370.213,8
2593,2895,38383.776,8
2594,11769,38394.316,8
2595,25993,38398.083,8
2596,15828,38403.216,8
2597,25831,38410.737,8
2598,9614,38412.863,8
2599,6537,38414.156,8
2600,26755,38426.866,8
2601,25383,38427.624,8
2602,26520,38435.266,8
2603,26027,38436.600,8
2604,3924,38447.052,8
2605,15474,38469.349,8
2606,25650,38471.444,8
2607,15574,38473.617,8
2608,26462,38485.908,8
2609,16740,38495.945,8
2610,26680,38511.789,8
2611,12340,38515.064,8
2612,16119,38529.420,8
2613,14155,38549.378,8
2614,10506,38553.619,8
2615,26400,38554.734,8
2616,11063,38577.227,8
2617,26537,38583.088,8
2618,23782,38621.770,8
2619,11028,38623.178,8
2620,15077,38639.888,8
2621,17168,38648.151,8
2622,10601,38654.573,8
2623,7018,38660.375,8
2624,6523,38673.891,8
2625,26115,38674.259,8
2626,10001,38679.712,8
2627,13808,38745.626,8
2628,15832,38759.992,8
2629,26508,38829.310,8
2630,14438,38838.066,8
2631,26789,38840.431,8
2632,7565,38841.119,8
2633,25073,38866.690,8
2634,26373,38870.031,8
2635,7083,38877.053,8
2636,25644,38898.319,8
2637,26243,38927.054,8
2638,26806,38928.842,8
2639,11775,38929.684,8
2640,9000,38974.305,8
2641,10948,39013.509,8
2642,26741,39043.969,8
2643,21150,39069.702,8
2644,11482,39069.910,8
2645,18604,39087.662,8
2646,25280,39089.432,8
2647,25585,39098.401,8
2648,12950,39098.746,8
2649,26040,39102.263,8
2650,11614,39113.846,8
2651,17597,39117.265,8
2652,26496,39128.377,8
2653,26813,39132.866,8
2654,12046,39142.763,8
2655,11844,39162.398,8
2656,26201,39164.684,8
2657,7886,39182.682,8
2658,8925,39182.960,8
2659,20193,39196.080,8
2660,26230,39212.419,8
2661,10962,39213.086,8
2662,11598,39215.887,8
2663,25079,39220.898,8
2664,6107,39244.250,8
2665,15217,39258.684,8
2666,25518,39259.502,8
2667,23072,39275.454,8
2668,17697,39275.580,8
2669,22624,39282.961,8
2670,11334,39287.709,8
2671,25783,39316.375,8
2672,5794,39332.562,8
2673,4741,39362.519,8
2674,25469,39362.808,8
2675,13712,39393.116,8
2676,25714,39408.838,8
2677,13063,39412.781,8
2678,9990,39419.969,8
2679,25454,39476.302,8
2680,26720,39477.875,8
2681,23711,39483.561,8
2682,25673,39513.796,8
2683,26486,39525.171,8
2684,26214,39528.266,8
2685,24675,39538.683,8
2686,25510,39547.870,8
2687,16494,39586.996,8
2688,26805,39587.322,8
2689,25320,39591.585,8
2690,25648,39602.892,8
2691,17856,39608.979,8
2692,11855,39616.477,8
2693,18404,39619.039,8
2694,11778,39625.427,8
2695,26327,39631.933,8
2696,13074,39646.654,8
2697,3955,39650.696,8
2698,4601,39708.114,8
2699,14308,39718.549,8
2700,26263,39743.610,8
2701,7609,39758.355,8
2702,25405,39789.994,8
2703,7857,39823.158,8
2704,25480,39848.458,8
2705,25344,39848.906,8
2706,26752,39861.049,8
2707,14672,39865.981,8
2708,25340,39868.449,8
2709,26245,39902.570,8
2710,13483,39918.617,8
2711,11729,39919.996,8
2712,26569,39927.220,8
2713,25623,39975.732,8
2714,26637,39989.950,8
2715,10260,40004.684,8
2716,25315,40008.554,8
2717,25441,40012.678,8
2718,23470,40015.164,8
2719,26137,40068.034,8
2720,18032,40104.109,8
2721,25715,40110.100,8
2722,22566,40121.821,8
2723,10087,40125.295,8
2724,19667,40127.533,8
2725,25409,40139.225,8
2726,8218,40163.374,8
2727,14051,40193.146,8
2728,15348,40198.690,8
2729,12381,40217.009,8
2730,25824,40228.138,8
2731,12102,40230.318,8
2732,25415,40312.005,8
2733,26494,40367.812,8
2734,26022,40370.164,8
2735,25832,40410.717,8
2736,7488,40448.071,8
2737,3050,40453.801,8
2738,25300,40466.025,8
2739,25464,40510.547,8
2740,10319,40512.437,8
2741,6531,40518.169,8
2742,21454,40549.928,8
2743,26217,40569.407,8
2744,14738,40591.157,8
2745,9173,40622.978,8
2746,13132,40630.995,8
2747,15697,40638.942,8
2748,24380,40647.720,8
2749,26256,40688.439,8
2750,26456,40722.122,8
2751,13940,40762.724,8
2752,26414,40767.523,8
2753,26522,40790.174,8
2754,26712,40791.867,8
2755,26210,40794.931,8
2756,25176,40816.492,8
2757,25462,40830.692,8
2758,13012,40835.349,8
2759,5216,40847.905,8
2760,26800,40851.844,8
2761,25305,40855.807,8
2762,10229,40873.248,8
2763,7510,40879.925,8
2764,25260,40897.403,8
2765,15385,40907.114,8
2766,26425,40917.582,8
2767,25791,40931.504,8
2768,11082,40950.177,8
2769,15092,40957.202,8
2770,25914,40985.873,8
2771,15078,40996.016,8
2772,11333,40998.235,8
2773,26660,41001.456,8
2774,17987,41001.947,8
2775,26810,41023.641,8
2776,12305,41023.867,8
2777,11628,41028.585,8
2778,25251,41036.577,8
2779,25408,41056.921,8
2780,25259,41123.571,8
2781,15889,41144.839,8
2782,26294,41145.865,8
2783,26289,41185.146,8
2784,25834,41248.783,8
2785,14569,41279.059,8
2786,26728,41289.157,8
2787,10075,41295.050,8
2788,14018,41304.225,8
2789,9590,41308.476,8
2790,26276,41316.261,8
2791,25445,41316.902,8
2792,25871,41336.841,8
2793,12860,41344.020,8
2794,11555,41349.649,8
2795,18011,41363.832,8
2796,7660,41384.181,8
2797,17832,41397.695,8
2798,26590,41408.868,8
2799,9474,41440.154,8
