qid,start,finish,runtime,status
14308,0.0,30.3,30.26,ok
4383,30.3,44.1,13.79,ok
4741,0.0,58.8,58.83,ok
26517,58.8,61.1,2.23,ok
25788,61.1,68.4,7.34,ok
10795,0.0,78.4,78.45,ok
10229,78.4,96.3,17.8,ok
9990,68.4,100.5,32.09,ok
17168,96.3,150.6,54.3,ok
25478,150.6,165.4,14.84,ok
3955,100.5,189.4,88.89,ok
11844,44.1,190.3,146.23,ok
7857,165.4,206.3,40.89,ok
14018,206.3,211.9,5.55,ok
25527,189.4,225.4,36.03,ok
26522,0.0,235.8,235.77,ok
26294,190.3,236.8,46.48,ok
26022,211.9,242.3,30.45,ok
14904,225.4,253.2,27.71,ok
26321,235.8,255.0,19.2,ok
26214,236.8,269.2,32.47,ok
26005,242.3,279.6,37.26,ok
11822,253.2,298.8,45.69,ok
12889,255.0,302.1,47.09,ok
25934,279.6,309.2,29.62,ok
11614,269.2,315.2,45.93,ok
25344,298.8,324.0,25.18,ok
26810,309.2,339.7,30.47,ok
26027,315.2,362.2,47.03,ok
7436,362.2,374.6,12.36,ok
15149,302.1,375.3,73.27,ok
25467,324.0,386.6,62.58,ok
17471,339.7,392.1,52.38,ok
10948,374.6,408.0,33.43,ok
14051,408.0,433.9,25.86,ok
26496,433.9,447.7,13.8,ok
7787,447.7,465.3,17.69,ok
25631,375.3,486.7,111.36,ok
26414,392.1,501.9,109.84,ok
25746,486.7,501.9,15.22,ok
6107,386.6,511.1,124.52,ok
26240,501.9,515.1,13.12,ok
12305,501.9,524.9,23.0,ok
9953,515.1,531.4,16.35,ok
16115,465.3,541.8,76.46,ok
7660,541.8,555.6,13.79,ok
14342,531.4,559.2,27.8,ok
26144,559.2,564.9,5.66,ok
12343,555.6,575.9,20.32,ok
22566,564.9,587.8,22.88,ok
26479,575.9,598.6,22.65,ok
15014,524.9,618.8,93.92,ok
26508,511.1,641.8,130.69,ok
17034,587.8,642.9,55.15,ok
9618,618.8,646.9,28.1,ok
26324,642.9,654.1,11.15,ok
11399,598.6,690.0,91.42,ok
25629,646.9,712.4,65.52,ok
4291,712.4,720.7,8.26,ok
17332,654.1,731.1,77.05,ok
15049,690.0,764.3,74.27,ok
26787,641.8,774.7,132.88,ok
5069,774.7,789.3,14.63,ok
11334,764.3,790.5,26.21,ok
14319,789.3,833.5,44.12,ok
11729,731.1,843.2,112.01,ok
10260,720.7,843.2,122.54,ok
8198,833.5,856.0,22.54,ok
10001,843.2,868.8,25.55,ok
26256,843.2,878.4,35.19,ok
15243,856.0,880.3,24.25,ok
3924,868.8,889.2,20.38,ok
25469,878.4,898.1,19.78,ok
25577,889.2,920.0,30.85,ok
26658,790.5,930.7,140.23,ok
25882,920.0,941.2,21.16,ok
13237,930.7,960.9,30.15,ok
10073,941.2,961.2,20.0,ok
26456,961.2,974.7,13.49,ok
15010,898.1,975.7,77.54,ok
15474,960.9,994.6,33.65,ok
11810,974.7,1005.4,30.64,ok
25397,880.3,1091.5,211.19,ok
11968,994.6,1101.0,106.45,ok
5765,1101.0,1106.6,5.52,ok
9173,1005.4,1129.6,124.24,ok
15348,1091.5,1166.2,74.73,ok
25498,1106.6,1176.8,70.28,ok
8793,1176.8,1189.0,12.16,ok
26718,1189.0,1200.9,11.87,ok
11082,1166.2,1218.7,52.49,ok
2895,1200.9,1220.8,19.94,ok
26710,1129.6,1226.1,96.48,ok
26115,975.7,1240.3,264.64,ok
15326,1220.8,1251.2,30.38,ok
14438,1251.2,1280.0,28.8,ok
9057,1240.3,1280.5,40.15,ok
12050,1280.5,1286.7,6.25,ok
13805,1286.7,1301.8,15.07,ok
25435,1280.0,1310.2,30.2,ok
8812,1301.8,1330.2,28.37,ok
26245,1226.1,1333.5,107.43,ok
25259,1218.7,1352.3,133.61,ok
22624,1330.2,1359.6,29.44,ok
26281,1333.5,1370.8,37.27,ok
25977,1310.2,1410.7,100.5,ok
15697,1352.3,1425.4,73.08,ok
26327,1410.7,1426.6,15.85,ok
17182,1359.6,1427.4,67.77,ok
15150,1370.8,1450.2,79.4,ok
8569,1426.6,1450.5,23.91,ok
25425,1427.4,1467.3,39.96,ok
11555,1425.4,1470.7,45.26,ok
25824,1450.2,1473.3,23.1,ok
25885,1450.5,1492.3,41.8,ok
26752,1470.7,1503.4,32.71,ok
24675,1473.3,1510.7,37.35,ok
26276,1510.7,1516.7,6.06,ok
10075,1467.3,1542.3,74.96,ok
25320,1516.7,1543.2,26.5,ok
11800,1492.3,1561.6,69.28,ok
25715,1542.3,1563.5,21.24,ok
6836,1561.6,1578.2,16.58,ok
14738,1578.2,1595.5,17.35,ok
26112,1563.5,1596.9,33.31,ok
18604,1503.4,1599.7,96.31,ok
19186,1543.2,1613.3,70.04,ok
26813,1595.5,1617.1,21.59,ok
15832,1599.7,1628.6,28.87,ok
25315,1628.6,1641.5,12.84,ok
26210,1596.9,1657.7,60.86,ok
25871,1641.5,1657.9,16.42,ok
26382,1657.7,1662.3,4.51,ok
14674,1657.9,1676.9,19.07,ok
26439,1662.3,1682.3,20.08,ok
26783,1682.3,1691.3,8.96,ok
26067,1691.3,1709.0,17.67,ok
17875,1617.1,1717.3,100.24,ok
9000,1709.0,1731.1,22.16,ok
16495,1613.3,1732.5,119.23,ok
14075,1731.1,1733.2,2.1,ok
26720,1733.2,1744.5,11.28,ok
26025,1717.3,1766.7,49.36,ok
18656,1766.7,1784.5,17.75,ok
10322,1784.5,1799.8,15.36,ok
6373,1799.8,1809.7,9.92,ok
25783,1809.7,1829.0,19.25,ok
14203,1829.0,1836.2,7.16,ok
11964,1836.2,1843.6,7.4,ok
26660,1843.6,1855.6,12.01,ok
26486,1855.6,1865.7,10.11,ok
5794,1865.7,1891.0,25.28,ok
12102,1891.0,1892.2,1.22,ok
26425,1892.2,1902.8,10.55,ok
18038,1902.8,1920.7,17.94,ok
11512,1920.7,1938.2,17.44,ok
26283,1938.2,1955.8,17.67,ok
15092,1955.8,1956.8,0.98,ok
26741,1956.8,1969.5,12.68,ok
26805,1969.5,1995.9,26.4,ok
17817,1995.9,1996.8,0.85,ok
9876,1996.8,2010.6,13.84,ok
25585,2010.6,2026.3,15.7,ok
25305,2026.3,2041.6,15.27,ok
26673,1744.5,2053.2,308.68,ok
25445,2053.2,2081.5,28.26,ok
11482,2081.5,2082.6,1.08,ok
11063,1676.9,2097.2,420.3,ok
12950,2097.2,2098.2,0.99,ok
6531,2041.6,2130.4,88.75,ok
13216,2098.2,2141.3,43.07,ok
9614,2130.4,2158.5,28.14,ok
25409,2158.5,2171.7,13.2,ok
15077,2171.7,2183.8,12.12,ok
26263,2183.8,2194.9,11.05,ok
13132,2141.3,2207.0,65.7,ok
26368,2194.9,2212.6,17.67,ok
7587,2207.0,2223.4,16.41,ok
26608,2212.6,2233.0,20.43,ok
11769,2233.0,2239.9,6.92,ok
10601,2239.9,2246.7,6.76,ok
26243,2223.4,2254.2,30.73,ok
25470,2246.7,2258.1,11.37,ok
6388,2258.1,2273.5,15.42,ok
25714,2273.5,2282.6,9.11,ok
15906,1732.5,2288.6,556.12,ok
26040,2254.2,2316.6,62.4,ok
20054,2288.6,2316.8,28.11,ok
25324,2316.8,2324.8,8.04,ok
10087,2282.6,2345.5,62.89,ok
25384,2324.8,2360.7,35.92,ok
11778,2345.5,2365.3,19.82,ok
18011,2360.7,2375.1,14.39,ok
10319,2082.6,2384.4,301.83,ok
8309,2384.4,2397.6,13.22,ok
13458,2375.1,2398.7,23.59,ok
13012,2316.6,2400.8,84.21,ok
17856,2397.6,2412.8,15.19,ok
15078,2398.7,2415.4,16.67,ok
25804,2400.8,2424.3,23.47,ok
11439,2415.4,2433.5,18.12,ok
7073,2365.3,2442.9,77.54,ok
5114,2412.8,2451.5,38.7,ok
12982,2442.9,2457.0,14.1,ok
26520,2424.3,2486.7,62.43,ok
26637,2486.7,2498.7,12.0,ok
13640,2457.0,2506.0,49.03,ok
7565,2451.5,2530.8,79.24,ok
25968,2530.8,2540.5,9.76,ok
26614,2540.5,2554.4,13.87,ok
12381,2506.0,2571.4,65.39,ok
26373,2571.4,2583.2,11.76,ok
9421,2554.4,2632.2,77.83,ok
26749,2498.7,2651.6,152.89,ok
25648,2651.6,2665.8,14.25,ok
26668,2632.2,2677.9,45.65,ok
12849,2433.5,2682.7,249.17,ok
26165,2677.9,2694.8,16.94,ok
12518,2583.2,2695.2,112.05,ok
25937,2682.7,2710.3,27.63,ok
9547,2665.8,2727.3,61.43,ok
26201,2710.3,2745.3,34.96,ok
26353,2695.2,2776.0,80.81,ok
23470,2745.3,2787.3,42.01,ok
15015,2776.0,2794.3,18.31,ok
11598,2727.3,2797.5,70.24,ok
26712,2797.5,2805.9,8.44,ok
25712,2805.9,2809.6,3.65,ok
10538,2787.3,2810.4,23.14,ok
25464,2809.6,2857.1,47.46,ok
14451,2794.3,2885.6,91.28,ok
25752,2810.4,2885.9,75.47,ok
4399,2885.9,2902.4,16.45,ok
18457,2885.6,2910.9,25.27,ok
10109,2857.1,2931.6,74.57,ok
10653,2931.6,2959.0,27.37,ok
16494,2910.9,2959.1,48.21,ok
10506,2959.0,2979.1,20.12,ok
25279,2902.4,2986.0,83.64,ok
7559,2959.1,3003.6,44.48,ok
4601,2979.1,3018.0,38.87,ok
4693,2986.0,3019.2,33.16,ok
14569,3003.6,3057.2,53.64,ok
7488,3019.2,3059.8,40.6,ok
26426,3059.8,3088.7,28.88,ok
25834,3088.7,3093.8,5.13,ok
25545,3093.8,3110.0,16.15,ok
23711,3018.0,3139.8,121.81,ok
25831,3139.8,3148.2,8.34,ok
8925,3148.2,3163.6,15.4,ok
26818,3163.6,3167.3,3.74,ok
17922,3057.2,3176.5,119.22,ok
17970,3176.5,3183.8,7.3,ok
11028,3167.3,3204.8,37.48,ok
7609,3110.0,3220.3,110.3,ok
26382,3220.3,3223.3,3.04,ok
26276,3223.3,3228.7,5.42,ok
10601,3228.7,3239.0,10.22,ok
3609,2694.8,3255.3,560.49,ok
5216,3183.8,3267.8,84.01,ok
7857,3255.3,3276.2,20.91,ok
10543,3204.8,3284.6,79.79,ok
13012,3267.8,3320.8,53.03,ok
17922,3284.6,3332.6,48.0,ok
15906,3239.0,3338.2,99.19,ok
25831,3332.6,3341.7,9.12,ok
25834,3341.7,3347.5,5.76,ok
11334,3338.2,3363.8,25.64,ok
26040,3320.8,3384.8,63.97,ok
20054,3363.8,3385.0,21.16,ok
8309,3385.0,3405.5,20.53,ok
26439,3384.8,3413.6,28.81,ok
4693,3405.5,3434.5,28.96,ok
25714,3434.5,3449.2,14.68,ok
13132,3347.5,3460.0,112.46,ok
15150,3413.6,3468.5,54.87,ok
26720,3468.5,3480.1,11.61,ok
15010,3460.0,3500.3,40.37,ok
7787,3480.1,3500.4,20.35,ok
26718,3449.2,3506.9,57.78,ok
26479,3500.4,3517.0,16.52,ok
9990,3500.3,3543.7,43.41,ok
26022,3506.9,3546.7,39.71,ok
11844,3276.2,3550.9,274.62,ok
26373,3550.9,3564.4,13.52,ok
18457,3543.7,3578.1,34.34,ok
26614,3564.4,3578.8,14.48,ok
25315,3578.1,3598.4,20.32,ok
4601,3546.7,3606.5,59.79,ok
10229,3598.4,3616.4,18.04,ok
9057,3517.0,3631.8,114.88,ok
14738,3616.4,3636.0,19.56,ok
9953,3631.8,3644.8,12.99,ok
9614,3636.0,3655.2,19.16,ok
7436,3644.8,3663.4,18.56,ok
25435,3606.5,3664.9,58.41,ok
7565,3578.8,3668.8,89.96,ok
11482,3664.9,3675.5,10.67,ok
11769,3663.4,3678.2,14.84,ok
10319,3678.2,3705.4,27.14,ok
25384,3675.5,3724.8,49.3,ok
17168,3668.8,3736.7,67.92,ok
25425,3724.8,3747.5,22.71,ok
26660,3747.5,3764.8,17.28,ok
26112,3736.7,3765.4,28.69,ok
15243,3765.4,3791.9,26.46,ok
23711,3655.2,3792.5,137.34,ok
25631,3705.4,3819.7,114.3,ok
26256,3819.7,3839.7,20.0,ok
26210,3791.9,3853.3,61.39,ok
13805,3839.7,3858.7,18.98,ok
25320,3853.3,3885.6,32.3,ok
18011,3885.6,3891.6,5.95,ok
7488,3858.7,3928.8,70.12,ok
26787,3792.5,3948.1,155.57,ok
10653,3948.1,3989.9,41.79,ok
26522,3764.8,4038.2,273.34,ok
26810,4038.2,4049.4,11.27,ok
10109,3928.8,4056.9,128.12,ok
25871,4049.4,4068.3,18.82,ok
12050,4068.3,4071.3,3.06,ok
25968,4071.3,4080.9,9.61,ok
25783,4080.9,4108.6,27.66,ok
10543,3989.9,4129.1,139.27,ok
4291,4129.1,4138.7,9.55,ok
25397,3891.6,4151.3,259.69,ok
25498,4108.6,4161.2,52.66,ok
25882,4138.7,4161.6,22.9,ok
26025,4056.9,4170.1,113.22,ok
26783,4170.1,4181.9,11.75,ok
26456,4181.9,4195.4,13.5,ok
4741,4161.2,4203.3,41.76,ok
26005,4161.6,4208.9,47.24,ok
15049,4151.3,4213.5,62.27,ok
13458,4195.4,4213.5,18.17,ok
26805,4203.3,4216.7,13.38,ok
15832,4208.9,4238.7,29.81,ok
25344,4213.5,4252.5,38.95,ok
6373,4238.7,4254.7,16.01,ok
26067,4254.7,4280.6,25.9,ok
4383,4280.6,4288.9,8.3,ok
26496,4288.9,4302.8,13.85,ok
25629,4213.5,4306.5,92.99,ok
17817,4302.8,4329.8,27.04,ok
15697,4306.5,4357.3,50.77,ok
5114,4329.8,4361.7,31.84,ok
8569,4361.7,4380.6,18.91,ok
26658,4252.5,4393.1,140.63,ok
4399,4357.3,4403.3,46.03,ok
25545,4380.6,4409.2,28.61,ok
14674,4403.3,4418.9,15.56,ok
11082,4393.1,4453.7,60.55,ok
14051,4453.7,4475.8,22.15,ok
12849,4216.7,4484.5,267.77,ok
9876,4475.8,4489.1,13.27,ok
12982,4484.5,4501.8,17.25,ok
11968,4409.2,4505.0,95.76,ok
12518,4418.9,4505.1,86.22,ok
9000,4505.0,4519.3,14.29,ok
11810,4501.8,4523.7,21.94,ok
8812,4505.1,4550.5,45.37,ok
13237,4550.5,4581.1,30.62,ok
14904,4581.1,4600.2,19.08,ok
7609,4489.1,4608.8,119.63,ok
25577,4600.2,4616.9,16.69,ok
26414,4519.3,4623.8,104.55,ok
26508,4523.7,4628.6,104.87,ok
12305,4628.6,4649.6,21.01,ok
17034,4616.9,4676.4,59.49,ok
25279,4608.8,4687.8,79.09,ok
26240,4687.8,4700.6,12.75,ok
26749,4623.8,4712.5,88.68,ok
25977,4649.6,4718.3,68.67,ok
12343,4700.6,4718.9,18.29,ok
17332,4718.3,4738.0,19.77,ok
12102,4718.9,4738.2,19.3,ok
26294,4738.0,4765.7,27.65,ok
11822,4738.2,4773.1,34.88,ok
9173,4765.7,4796.8,31.1,ok
12950,4773.1,4797.1,24.02,ok
11512,4796.8,4804.2,7.38,ok
14438,4797.1,4805.2,8.11,ok
10538,4804.2,4815.5,11.31,ok
11555,4676.4,4820.8,144.36,ok
25585,4805.2,4824.4,19.16,ok
11028,4824.4,4853.9,29.51,ok
25469,4853.9,4875.5,21.65,ok
13216,4820.8,4892.0,71.26,ok
12889,4875.5,4905.7,30.17,ok
25409,4905.7,4919.2,13.49,ok
19186,4892.0,4938.3,46.28,ok
16494,4919.2,4957.7,38.44,ok
26517,4957.7,4959.7,1.97,ok
26201,4938.3,4960.9,22.61,ok
11614,4815.5,4970.9,155.4,ok
25305,4970.9,4978.8,7.88,ok
26425,4960.9,4991.4,30.48,ok
25937,4959.7,4993.1,33.43,ok
6531,4991.4,5008.9,17.46,ok
3924,4978.8,5014.0,35.22,ok
23470,4993.1,5023.2,30.09,ok
15078,5008.9,5035.4,26.58,ok
14075,5035.4,5037.6,2.19,ok
8793,5023.2,5038.7,15.52,ok
11800,5014.0,5050.3,36.32,ok
10948,5038.7,5059.5,20.82,ok
26027,5037.6,5070.1,32.45,ok
11399,5070.1,5113.8,43.7,ok
10260,5059.5,5127.0,67.48,ok
25746,5113.8,5131.4,17.59,ok
25259,5050.3,5132.0,81.72,ok
25712,5132.0,5139.5,7.45,ok
17182,5127.0,5181.9,54.92,ok
18604,5131.4,5196.6,65.18,ok
25324,5196.6,5201.2,4.64,ok
26741,5181.9,5210.2,28.24,ok
5069,5201.2,5226.2,24.95,ok
25788,5226.2,5233.0,6.81,ok
14451,5139.5,5236.4,96.87,ok
26426,5233.0,5263.4,30.37,ok
18656,5236.4,5279.4,43.03,ok
8198,5263.4,5286.5,23.04,ok
3609,4712.5,,600,timeout
25478,5312.6,5327.0,14.41,ok
25934,5210.2,5329.2,118.99,ok
26245,5286.5,5344.1,57.6,ok
24675,5327.0,5345.7,18.72,ok
6388,5329.2,5356.5,27.3,ok
10073,5344.1,5369.6,25.54,ok
26673,5279.4,5378.1,98.65,ok
26813,5369.6,5396.1,26.48,ok
7073,5345.7,5406.8,61.1,ok
9547,5378.1,5437.7,59.6,ok
17471,5396.1,5449.9,53.79,ok
16495,5356.5,5453.0,96.49,ok
16115,5406.8,5455.2,48.34,ok
22624,5449.9,5470.5,20.67,ok
15326,5437.7,5470.8,33.06,ok
26144,5470.8,5476.4,5.66,ok
11964,5470.5,5494.7,24.11,ok
26283,5476.4,5506.4,30.01,ok
22566,5494.7,5519.5,24.88,ok
26668,5455.2,5540.1,84.94,ok
10506,5519.5,5550.6,31.06,ok
11778,5540.1,5558.9,18.79,ok
5794,5506.4,5589.4,83.0,ok
26214,5589.4,5597.7,8.26,ok
26520,5550.6,5620.2,69.61,ok
26353,5453.0,5629.6,176.67,ok
25470,5620.2,5640.5,20.28,ok
9421,5558.9,5649.2,90.3,ok
25824,5640.5,5654.9,14.34,ok
25648,5649.2,5673.7,24.5,ok
26486,5654.9,5682.9,28.09,ok
15077,5682.9,5698.3,15.38,ok
18038,5629.6,5709.2,79.56,ok
11439,5698.3,5712.4,14.04,ok
14018,5709.2,5717.1,7.93,ok
25752,5597.7,5731.5,133.79,ok
26243,5731.5,5734.9,3.41,ok
2895,5712.4,5737.2,24.78,ok
14203,5737.2,5761.8,24.62,ok
13640,5717.1,5774.1,56.97,ok
11729,5673.7,5800.8,127.11,ok
10322,5761.8,5806.2,44.42,ok
26710,5734.9,5827.5,92.61,ok
15348,5774.1,5831.8,57.71,ok
15474,5800.8,5835.2,34.32,ok
9618,5827.5,5851.8,24.28,ok
14319,5806.2,5859.2,52.99,ok
7559,5851.8,5866.5,14.71,ok
25885,5835.2,5876.6,41.4,ok
26263,5866.5,5885.7,19.2,ok
10795,5831.8,5909.8,77.95,ok
17875,5876.6,5941.9,65.26,ok
26712,5941.9,5944.9,3.04,ok
25464,5885.7,5945.2,59.44,ok
17970,5944.9,5951.8,6.91,ok
26321,5945.2,5967.4,22.24,ok
26637,5951.8,5970.2,18.36,ok
26165,5967.4,5985.4,18.04,ok
6836,5985.4,5994.7,9.22,ok
26368,5994.7,6013.1,18.42,ok
3955,5859.2,6025.6,166.39,ok
26608,6013.1,6026.3,13.23,ok
5216,5909.8,6040.0,130.28,ok
15092,6025.6,6052.1,26.53,ok
15014,5970.2,6059.9,89.66,ok
8925,6059.9,6073.7,13.81,ok
10001,6040.0,6073.7,33.66,ok
17856,6073.7,6091.5,17.79,ok
15015,6073.7,6103.0,29.27,ok
14569,6052.1,6116.7,64.58,ok
10075,6091.5,6133.6,42.05,ok
11063,6116.7,6143.9,27.2,ok
10087,6103.0,6146.9,43.95,ok
26818,6143.9,6147.6,3.68,ok
7660,6133.6,6160.8,27.26,ok
11598,6026.3,6173.7,147.38,ok
26752,6160.8,6174.7,13.86,ok
14308,6173.7,6199.0,25.36,ok
7587,6199.0,6211.2,12.1,ok
12381,6147.6,6227.2,79.53,ok
6107,6174.7,6284.1,109.43,ok
25467,6227.2,6284.7,57.58,ok
5765,6284.7,6296.2,11.44,ok
25804,6296.2,6310.2,14.06,ok
25527,6284.1,6321.5,37.33,ok
26327,6310.2,6332.0,21.73,ok
25445,6211.2,6336.9,125.76,ok
14342,6332.0,6348.9,16.92,ok
25715,6348.9,6365.7,16.83,ok
26281,6336.9,6373.9,37.01,ok
26324,6365.7,6374.8,9.04,ok
15149,6321.5,6381.3,59.85,ok
4291,6381.3,6398.5,17.17,ok
11555,6374.8,6422.0,47.15,ok
11822,6373.9,6426.1,52.22,ok
26783,6426.1,6435.6,9.48,ok
15474,6422.0,6453.4,31.39,ok
26115,6146.9,6461.8,314.87,ok
15326,6435.6,6466.5,30.89,ok
5794,6398.5,6482.5,83.98,ok
25937,6461.8,6482.6,20.74,ok
25885,6482.6,6504.9,22.39,ok
15150,6466.5,6533.0,66.46,ok
25712,6533.0,6536.3,3.26,ok
25435,6504.9,6554.5,49.59,ok
26508,6453.4,6572.7,119.25,ok
26022,6554.5,6584.6,30.02,ok
26439,6572.7,6601.6,28.86,ok
26787,6482.5,6604.2,121.74,ok
15010,6536.3,6617.3,81.08,ok
26368,6604.2,6624.7,20.5,ok
26425,6617.3,6642.4,25.07,ok
11439,6601.6,6652.4,50.81,ok
7488,6584.6,6660.7,76.17,ok
26321,6642.4,6672.9,30.48,ok
26660,6660.7,6685.0,24.3,ok
11082,6652.4,6707.4,55.0,ok
25629,6685.0,6733.2,48.18,ok
17922,6624.7,6746.2,121.46,ok
26243,6746.2,6749.6,3.45,ok
26517,6749.6,6751.9,2.26,ok
25464,6707.4,6756.0,48.68,ok
23711,6672.9,6773.4,100.45,ok
10073,6751.9,6777.1,25.19,ok
25968,6773.4,6789.7,16.37,ok
25824,6777.1,6794.4,17.33,ok
26496,6789.7,6815.0,25.25,ok
6107,6733.2,6859.3,126.08,ok
5765,6859.3,6865.1,5.79,ok
12518,6756.0,6875.7,119.65,ok
26025,6815.0,6901.5,86.55,ok
6373,6901.5,6911.5,9.93,ok
7073,6865.1,6934.8,69.73,ok
7565,6875.7,6947.5,71.84,ok
26067,6947.5,6969.5,21.98,ok
17471,6911.5,6994.9,83.41,ok
26522,6794.4,7040.9,246.48,ok
9614,7040.9,7055.2,14.28,ok
4383,7055.2,7063.5,8.38,ok
15697,6994.9,7067.5,72.65,ok
25714,7063.5,7079.6,16.03,ok
26479,7079.6,7092.3,12.76,ok
25445,6969.5,7128.7,159.14,ok
7587,7128.7,7141.2,12.49,ok
26710,7092.3,7176.5,84.22,ok
25788,7176.5,7183.7,7.19,ok
13012,7067.5,7203.4,135.86,ok
25279,7141.2,7216.9,75.7,ok
10601,7216.9,7226.5,9.65,ok
14075,7226.5,7228.8,2.23,ok
25397,6934.8,7229.9,295.08,ok
13237,7203.4,7251.0,47.56,ok
9421,7183.7,7266.2,82.46,ok
10001,7251.0,7273.1,22.09,ok
26245,7229.9,7278.0,48.08,ok
26210,7228.8,7297.7,68.93,ok
10229,7266.2,7312.9,46.67,ok
26281,7278.0,7323.4,45.36,ok
26813,7323.4,7355.7,32.32,ok
25631,7273.1,7374.5,101.45,ok
25577,7374.5,7386.2,11.64,ok
3955,7297.7,7387.6,89.92,ok
26005,7355.7,7388.0,32.34,ok
11598,7312.9,7402.0,89.1,ok
15078,7386.2,7406.1,19.93,ok
11482,7402.0,7406.4,4.46,ok
7787,7387.6,7412.5,24.87,ok
26614,7388.0,7418.5,30.43,ok
26637,7406.4,7426.5,20.06,ok
18457,7418.5,7446.3,27.8,ok
12381,7406.1,7457.4,51.35,ok
25934,7426.5,7460.3,33.84,ok
10948,7446.3,7473.0,26.77,ok
26668,7457.4,7489.0,31.55,ok
3924,7473.0,7492.4,19.34,ok
14051,7492.4,7499.5,7.13,ok
11769,7489.0,7502.8,13.76,ok
26027,7460.3,7517.3,56.99,ok
4601,7517.3,7541.0,23.64,ok
12889,7499.5,7559.2,59.71,ok
9173,7412.5,7573.7,161.19,ok
10653,7559.2,7592.3,33.03,ok
14342,7573.7,7604.4,30.71,ok
7609,7502.8,7625.7,122.91,ok
25871,7625.7,7640.8,15.14,ok
4693,7640.8,7666.2,25.42,ok
15348,7592.3,7674.4,82.15,ok
13216,7541.0,7694.8,153.77,ok
12950,7674.4,7698.2,23.75,ok
26805,7698.2,7707.6,9.43,ok
10260,7604.4,7717.6,113.25,ok
19186,7666.2,7723.4,57.21,ok
26818,7723.4,7727.4,3.93,ok
26382,7727.4,7730.6,3.21,ok
26718,7717.6,7741.5,23.84,ok
23470,7694.8,7746.6,51.84,ok
5069,7730.6,7747.6,17.01,ok
11512,7741.5,7758.1,16.65,ok
18038,7746.6,7771.0,24.37,ok
9618,7747.6,7771.0,23.43,ok
17817,7758.1,7771.7,13.59,ok
12982,7771.7,7773.7,1.92,ok
4741,7773.7,7788.8,15.18,ok
9000,7771.0,7807.4,36.39,ok
25259,7707.6,7813.5,105.88,ok
15906,7771.0,7822.4,51.41,ok
18604,7788.8,7833.0,44.11,ok
26327,7822.4,7838.6,16.18,ok
8198,7813.5,7850.6,37.07,ok
14018,7850.6,7856.4,5.82,ok
22624,7833.0,7861.4,28.43,ok
8925,7861.4,7878.1,16.72,ok
24675,7856.4,7884.7,28.26,ok
16115,7807.4,7904.3,96.93,ok
17332,7878.1,7936.8,58.65,ok
11399,7838.6,7941.6,102.99,ok
8793,7941.6,7954.3,12.77,ok
13458,7936.8,7965.1,28.28,ok
26810,7965.1,7975.4,10.36,ok
17875,7904.3,7978.0,73.69,ok
15015,7978.0,8008.7,30.64,ok
14674,8008.7,8018.3,9.6,ok
26276,8018.3,8026.2,7.87,ok
15049,7954.3,8042.0,87.65,ok
25746,8026.2,8048.8,22.64,ok
9547,7975.4,8061.1,85.67,ok
8812,8061.1,8085.2,24.07,ok
26112,8085.2,8105.2,19.99,ok
26201,8048.8,8106.2,57.37,ok
26294,8105.2,8133.3,28.13,ok
11063,8106.2,8139.7,33.54,ok
11968,8042.0,8153.9,111.9,ok
15092,8139.7,8158.2,18.47,ok
9990,8158.2,8180.5,22.25,ok
26115,7884.7,8185.5,300.79,ok
10538,8180.5,8200.3,19.87,ok
17168,8153.9,8213.4,59.49,ok
7660,8200.3,8214.9,14.54,ok
25425,8214.9,8229.2,14.33,ok
5216,8133.3,8240.3,106.99,ok
14569,8185.5,8242.6,57.13,ok
25384,8229.2,8252.6,23.4,ok
14203,8240.3,8253.3,12.95,ok
26144,8253.3,8260.8,7.56,ok
15832,8242.6,8261.0,18.38,ok
26712,8252.6,8261.4,8.8,ok
14438,8261.0,8275.1,14.14,ok
15077,8261.4,8278.1,16.73,ok
25315,8278.1,8288.9,10.73,ok
6531,8275.1,8292.5,17.37,ok
26214,8288.9,8302.8,13.93,ok
11028,8292.5,8326.6,34.12,ok
26673,8260.8,8327.0,66.19,ok
4399,8326.6,8351.5,24.89,ok
26426,8351.5,8382.3,30.81,ok
26658,8302.8,8404.9,102.07,ok
26263,8404.9,8416.7,11.85,ok
10795,8416.7,8447.8,31.06,ok
9057,8327.0,8459.2,132.23,ok
10543,8382.3,8461.3,79.05,ok
25324,8461.3,8465.7,4.34,ok
25409,8465.7,8477.7,12.05,ok
12343,8459.2,8481.8,22.56,ok
26324,8477.7,8487.7,9.92,ok
17034,8481.8,8500.7,18.92,ok
7436,8500.7,8511.1,10.35,ok
25469,8511.1,8520.8,9.69,ok
9876,8520.8,8535.7,14.95,ok
15243,8535.7,8536.9,1.14,ok
7559,8447.8,8541.9,94.12,ok
26720,8536.9,8552.8,15.89,ok
25527,8552.8,8570.4,17.61,ok
10322,8541.9,8582.9,40.94,ok
11614,8487.7,8603.2,115.49,ok
15014,8582.9,8624.7,41.8,ok
12050,8624.7,8627.7,3.05,ok
25752,8570.4,8643.2,72.83,ok
15149,8603.2,8656.0,52.87,ok
26741,8643.2,8662.8,19.59,ok
3609,8213.4,8671.8,458.44,ok
22566,8656.0,8676.3,20.21,ok
25467,8627.7,8698.3,70.54,ok
10319,8671.8,8708.1,36.25,ok
26608,8708.1,8722.5,14.43,ok
17970,8722.5,8727.3,4.81,ok
26240,8727.3,8738.9,11.55,ok
26414,8662.8,8745.9,83.1,ok
11810,8738.9,8765.1,26.21,ok
11729,8676.3,8766.5,90.22,ok
9953,8766.5,8781.0,14.57,ok
25320,8765.1,8799.6,34.43,ok
25882,8781.0,8802.2,21.07,ok
25545,8799.6,8825.7,26.14,ok
18656,8745.9,8829.1,83.22,ok
25977,8698.3,8833.0,134.74,ok
26256,8825.7,8861.3,35.57,ok
8569,8861.3,8875.3,14.06,ok
18011,8875.3,8881.8,6.49,ok
13640,8802.2,8882.5,80.34,ok
10087,8833.0,8900.2,67.18,ok
25648,8882.5,8901.3,18.76,ok
11778,8881.8,8909.2,27.32,ok
14308,8900.2,8924.8,24.57,ok
12102,8901.3,8929.1,27.88,ok
26373,8924.8,8937.6,12.8,ok
11844,8929.1,8956.0,26.83,ok
14319,8909.2,8968.7,59.55,ok
26486,8968.7,8981.4,12.7,ok
8309,8981.4,8993.6,12.18,ok
14451,8829.1,9014.8,185.65,ok
26283,8993.6,9025.2,31.63,ok
25470,9014.8,9037.5,22.74,ok
26752,9025.2,9039.8,14.54,ok
11800,8956.0,9040.8,84.85,ok
25344,9037.5,9063.7,26.11,ok
25478,9040.8,9066.7,25.82,ok
12305,9039.8,9069.7,29.91,ok
6388,9063.7,9091.6,27.94,ok
16494,8937.6,9099.9,162.36,ok
14738,9066.7,9111.1,44.46,ok
25831,9111.1,9118.9,7.77,ok
25834,9118.9,9124.0,5.09,ok
25783,9124.0,9153.9,29.96,ok
25585,9153.9,9174.4,20.4,ok
25498,9099.9,9178.9,78.94,ok
17856,9174.4,9191.0,16.67,ok
26165,9178.9,9193.3,14.44,ok
13132,9069.7,9232.2,162.5,ok
10109,9091.6,9239.8,148.2,ok
2895,9232.2,9253.3,21.09,ok
26520,9191.0,9265.5,74.48,ok
25715,9253.3,9270.6,17.23,ok
17182,9193.3,9276.6,83.31,ok
11334,9270.6,9292.3,21.72,ok
5114,9265.5,9305.5,39.93,ok
20054,9292.3,9308.4,16.14,ok
26456,9305.5,9323.3,17.86,ok
10075,9276.6,9337.1,60.44,ok
7857,9323.3,9346.3,22.91,ok
13805,9308.4,9351.4,42.97,ok
25305,9346.3,9354.6,8.35,ok
26749,9239.8,9371.7,131.91,ok
14904,9351.4,9377.8,26.38,ok
11964,9354.6,9380.6,25.97,ok
25804,9377.8,9402.4,24.62,ok
16495,9337.1,9419.5,82.38,ok
26040,9371.7,9454.7,82.97,ok
6836,9454.7,9463.4,8.71,ok
10506,9419.5,9467.1,47.57,ok
26210,9467.1,9495.2,28.12,ok
26353,9402.4,9499.8,97.4,ok
14342,9495.2,9523.1,27.9,ok
25885,9499.8,9525.1,25.27,ok
25712,9525.1,9529.4,4.32,ok
10601,9523.1,9540.2,17.1,ok
26479,9529.4,9551.8,22.4,ok
26040,9463.4,9559.3,95.88,ok
25783,9559.3,9585.6,26.29,ok
26720,9585.6,9598.1,12.57,ok
15014,9551.8,9626.5,74.66,ok
7587,9626.5,9637.9,11.46,ok
12849,9380.6,9640.9,260.33,ok
26025,9540.2,9655.8,115.57,ok
25469,9637.9,9658.5,20.59,ok
26022,9640.9,9696.2,55.31,ok
25577,9696.2,9709.1,12.9,ok
13132,9598.1,9727.6,129.46,ok
26281,9709.1,9742.9,33.79,ok
25631,9658.5,9759.5,100.95,ok
14051,9742.9,9765.1,22.17,ok
26712,9765.1,9768.7,3.6,ok
16495,9655.8,9777.3,121.54,ok
26614,9768.7,9783.8,15.05,ok
26783,9777.3,9789.7,12.4,ok
8793,9783.8,9804.4,20.62,ok
26426,9804.4,9835.5,31.16,ok
9614,9835.5,9849.4,13.89,ok
7073,9759.5,9861.6,102.17,ok
10260,9727.6,9869.1,141.5,ok
26324,9861.6,9870.8,9.12,ok
17875,9789.7,9872.1,82.36,ok
25831,9870.8,9889.0,18.26,ok
25425,9872.1,9903.6,31.51,ok
6531,9889.0,9906.9,17.89,ok
25746,9906.9,9926.9,19.96,ok
26517,9926.9,9929.0,2.1,ok
8812,9869.1,9936.3,67.18,ok
9953,9936.3,9947.3,11.07,ok
2895,9929.0,9950.2,21.14,ok
17332,9849.4,9970.5,121.09,ok
25871,9947.3,9980.5,33.18,ok
25714,9980.5,9992.8,12.32,ok
16115,9903.6,10004.3,100.71,ok
5114,9970.5,10006.0,35.48,ok
9618,10006.0,10019.8,13.73,ok
14203,10004.3,10019.9,15.64,ok
26660,10019.9,10045.0,25.09,ok
26749,9950.2,10057.5,107.39,ok
25467,9992.8,10058.8,65.99,ok
25934,10019.8,10063.4,43.56,ok
26144,10063.4,10069.8,6.48,ok
25527,10057.5,10077.9,20.39,ok
11334,10058.8,10082.7,23.9,ok
9547,10045.0,10086.5,41.47,ok
26256,10082.7,10107.2,24.45,ok
12982,10107.2,10121.8,14.55,ok
26414,10086.5,10128.2,41.72,ok
26752,10121.8,10139.7,17.92,ok
14018,10139.7,10145.6,5.88,ok
26810,10145.6,10155.4,9.8,ok
26439,10128.2,10155.6,27.37,ok
17970,10155.6,10161.1,5.44,ok
11769,10155.4,10164.0,8.61,ok
10543,10161.1,10223.4,62.34,ok
26321,10223.4,10237.3,13.89,ok
7787,10237.3,10254.6,17.29,ok
25397,10164.0,10272.1,108.11,ok
6107,10272.1,10299.2,27.14,ok
8309,10299.2,10308.8,9.53,ok
26368,10308.8,10320.0,11.19,ok
17922,10320.0,10347.3,27.3,ok
11063,10077.9,10360.0,282.03,ok
15150,10360.0,10378.4,18.4,ok
15906,10069.8,10449.6,379.77,ok
12343,10449.6,10451.5,1.92,ok
18457,10451.5,10453.1,1.59,ok
4741,10453.1,10466.2,13.01,ok
13237,10466.2,10480.3,14.18,ok
10319,10254.6,10480.7,226.09,ok
11614,10347.3,10500.4,153.1,ok
26673,10378.4,10510.0,131.6,ok
4693,10480.7,10526.0,45.3,ok
8569,10526.0,10540.0,13.99,ok
10229,10480.3,10545.4,65.07,ok
13805,10510.0,10548.6,38.68,ok
26718,10540.0,10553.3,13.29,ok
9876,10548.6,10569.3,20.71,ok
26805,10553.3,10571.2,17.84,ok
25937,10569.3,10590.1,20.76,ok
26327,10590.1,10605.5,15.35,ok
5794,10500.4,10621.1,120.75,ok
23470,10545.4,10631.7,86.25,ok
26608,10621.1,10637.6,16.44,ok
5765,10631.7,10638.8,7.17,ok
10795,10571.2,10653.3,82.15,ok
25324,10653.3,10657.6,4.3,ok
12889,10657.6,10696.7,39.08,ok
19186,10637.6,10712.9,75.35,ok
26276,10712.9,10720.7,7.78,ok
11729,10605.5,10743.6,138.15,ok
4383,10743.6,10752.0,8.4,ok
11968,10638.8,10761.9,123.03,ok
15010,10696.7,10768.7,72.0,ok
25834,10768.7,10777.0,8.27,ok
6373,10761.9,10779.5,17.61,ok
15326,10752.0,10785.4,33.33,ok
25968,10777.0,10794.9,17.91,ok
25804,10794.9,10811.6,16.68,ok
26741,10811.6,10840.8,29.18,ok
26787,10720.7,10841.3,120.59,ok
7857,10840.8,10864.0,23.26,ok
26456,10864.0,10884.3,20.24,ok
9173,10785.4,10896.2,110.87,ok
14438,10884.3,10907.2,22.89,ok
9057,10841.3,10929.9,88.62,ok
9000,10907.2,10943.1,35.92,ok
5216,10896.2,10953.2,56.92,ok
11800,10929.9,10961.3,31.37,ok
11439,10943.1,10969.5,26.46,ok
3609,10779.5,10987.1,207.59,ok
22624,10961.3,10992.7,31.44,ok
25305,10992.7,11001.0,8.27,ok
26382,11001.0,11003.9,2.93,ok
26214,11003.9,11012.3,8.4,ok
8925,10987.1,11022.0,34.96,ok
26201,10969.5,11026.1,56.54,ok
26508,10953.2,11044.0,90.79,ok
10073,11022.0,11047.7,25.66,ok
7565,11012.3,11062.4,50.04,ok
11964,11044.0,11075.2,31.26,ok
26425,11062.4,11084.7,22.29,ok
17034,11026.1,11099.1,73.01,ok
10087,11047.7,11108.0,60.33,ok
26496,11108.0,11124.0,15.95,ok
10653,11075.2,11136.7,61.43,ok
11082,11084.7,11147.2,62.49,ok
15077,11124.0,11147.4,23.39,ok
25478,11136.7,11157.5,20.87,ok
12305,11147.2,11169.2,22.05,ok
14569,11147.4,11201.5,54.16,ok
18011,11201.5,11207.5,5.95,ok
17471,11169.2,11233.1,63.86,ok
26294,11233.1,11261.0,27.9,ok
26353,11157.5,11273.6,116.07,ok
25279,11207.5,11283.5,76.01,ok
14308,11283.5,11301.2,17.72,ok
11822,11261.0,11303.1,42.08,ok
26668,11273.6,11309.2,35.56,ok
10538,11301.2,11321.6,20.4,ok
7559,11309.2,11324.1,14.96,ok
11778,11303.1,11325.4,22.31,ok
4291,11321.6,11339.0,17.4,ok
15015,11324.1,11360.6,36.48,ok
15243,11339.0,11363.3,24.22,ok
26115,11099.1,11368.8,269.7,ok
26243,11368.8,11373.4,4.63,ok
26813,11360.6,11384.4,23.83,ok
14319,11373.4,11404.1,30.69,ok
10948,11384.4,11415.7,31.26,ok
25435,11363.3,11424.6,61.37,ok
7436,11404.1,11431.8,27.69,ok
25977,11325.4,11449.3,123.94,ok
3924,11431.8,11452.8,20.93,ok
10075,11415.7,11470.9,55.23,ok
24675,11470.9,11484.5,13.59,ok
25788,11484.5,11491.4,6.86,ok
11555,11452.8,11499.4,46.59,ok
26263,11491.4,11510.8,19.46,ok
17168,11424.6,11513.5,88.85,ok
18038,11449.3,11530.0,80.68,ok
12950,11510.8,11532.9,22.09,ok
10001,11532.9,11552.1,19.19,ok
10322,11513.5,11554.7,41.2,ok
26818,11552.1,11556.2,4.05,ok
15474,11530.0,11562.8,32.74,ok
11399,11499.4,11575.9,76.51,ok
15832,11554.7,11581.0,26.31,ok
4601,11556.2,11599.0,42.83,ok
25315,11599.0,11609.8,10.76,ok
12381,11562.8,11633.8,70.98,ok
13640,11575.9,11641.7,65.81,ok
25498,11581.0,11652.4,71.37,ok
15092,11633.8,11657.1,23.3,ok
25882,11641.7,11663.6,21.79,ok
18656,11609.8,11682.9,73.13,ok
7488,11663.6,11712.0,48.45,ok
12050,11712.0,11715.3,3.28,ok
15049,11652.4,11731.3,78.9,ok
11482,11715.3,11738.3,22.98,ok
26520,11682.9,11745.6,62.68,ok
26373,11738.3,11765.0,26.7,ok
26637,11731.3,11770.8,39.47,ok
26067,11745.6,11780.2,34.56,ok
17856,11780.2,11793.6,13.4,ok
11598,11657.1,11811.0,153.91,ok
25320,11793.6,11819.1,25.52,ok
15149,11765.0,11830.7,65.72,ok
11512,11811.0,11835.3,24.3,ok
15348,11770.8,11845.9,75.16,ok
25824,11835.3,11851.6,16.21,ok
9990,11845.9,11867.4,21.52,ok
14904,11851.6,11867.6,15.99,ok
25464,11819.1,11884.7,65.55,ok
17182,11830.7,11889.3,58.57,ok
25715,11867.6,11889.9,22.34,ok
25409,11889.3,11911.2,21.89,ok
15078,11884.7,11917.1,32.45,ok
7660,11917.1,11932.6,15.49,ok
14738,11911.2,11944.0,32.82,ok
26240,11944.0,11956.1,12.13,ok
9421,11867.4,11978.8,111.31,ok
15697,11932.6,12002.6,69.95,ok
13012,11889.9,12023.1,133.17,ok
14451,11956.1,12068.3,112.11,ok
3955,11978.8,12085.3,106.58,ok
6388,12085.3,12097.4,12.09,ok
12518,12002.6,12114.0,111.46,ok
25470,12114.0,12128.6,14.58,ok
14674,12128.6,12138.0,9.39,ok
25445,12023.1,12151.0,127.9,ok
16494,12068.3,12164.2,95.95,ok
17817,12138.0,12165.4,27.39,ok
5069,12164.2,12183.9,19.65,ok
26027,12165.4,12206.0,40.56,ok
26112,12206.0,12227.4,21.4,ok
18604,12183.9,12244.3,60.41,ok
8198,12227.4,12249.7,22.24,ok
26165,12244.3,12262.0,17.75,ok
13216,12097.4,12275.5,178.06,ok
25585,12262.0,12286.9,24.89,ok
26283,12275.5,12297.3,21.8,ok
11810,12286.9,12305.4,18.46,ok
25648,12305.4,12325.6,20.17,ok
12849,12151.0,12326.4,175.45,ok
26005,12297.3,12329.7,32.35,ok
25259,12249.7,12337.0,87.29,ok
11028,12326.4,12382.0,55.59,ok
26245,12337.0,12394.6,57.6,ok
25384,12329.7,12404.8,75.18,ok
6836,12404.8,12413.3,8.45,ok
7609,12325.6,12446.5,120.9,ok
25629,12382.0,12453.8,71.71,ok
10109,12413.3,12506.3,93.01,ok
14075,12506.3,12508.3,1.96,ok
23711,12394.6,12515.0,120.4,ok
13458,12508.3,12528.2,19.96,ok
25752,12446.5,12541.8,95.31,ok
26486,12528.2,12559.4,31.14,ok
26658,12453.8,12560.7,106.9,ok
25545,12541.8,12569.0,27.18,ok
20054,12559.4,12584.5,25.09,ok
11844,12560.7,12596.8,36.17,ok
4399,12584.5,12614.5,30.02,ok
22566,12596.8,12623.2,26.39,ok
26710,12515.0,12627.0,112.04,ok
25344,12623.2,12642.7,19.45,ok
12102,12627.0,12652.6,25.55,ok
8569,12652.6,12666.9,14.37,ok
10506,12614.5,12679.0,64.53,ok
25585,12642.7,12681.6,38.88,ok
17182,12679.0,12742.4,63.4,ok
9000,12742.4,12757.0,14.53,ok
14674,12757.0,12766.3,9.36,ok
26327,12766.3,12782.3,15.92,ok
25871,12782.3,12798.3,16.02,ok
13216,12666.9,12829.3,162.35,ok
26522,12569.0,12833.1,264.1,ok
7587,12833.1,12850.7,17.58,ok
17817,12850.7,12869.0,18.34,ok
25834,12869.0,12874.2,5.19,ok
12849,12681.6,12884.8,203.25,ok
26040,12829.3,12895.4,66.08,ok
23711,12798.3,12922.5,124.2,ok
14569,12895.4,12924.2,28.85,ok
25467,12874.2,12933.2,58.98,ok
17471,12884.8,12942.2,57.36,ok
13458,12922.5,12944.8,22.32,ok
25715,12942.2,12965.7,23.55,ok
10229,12944.8,12978.2,33.41,ok
8925,12965.7,12982.9,17.18,ok
26373,12978.2,12998.3,20.06,ok
7436,12982.9,13002.3,19.4,ok
25885,13002.3,13016.1,13.73,ok
11810,12998.3,13029.5,31.17,ok
15149,12924.2,13038.4,114.16,ok
25824,13038.4,13052.3,13.86,ok
10506,13052.3,13086.4,34.15,ok
25714,13086.4,13097.8,11.33,ok
9173,12933.2,13113.5,180.29,ok
5114,13097.8,13128.2,30.35,ok
26283,13113.5,13152.7,39.26,ok
25783,13128.2,13158.0,29.88,ok
26508,13016.1,13166.8,150.75,ok
11334,13152.7,13171.6,18.82,ok
26353,13029.5,13185.9,156.46,ok
25315,13171.6,13191.1,19.54,ok
26439,13185.9,13210.1,24.19,ok
25712,13210.1,13213.5,3.33,ok
12381,13158.0,13234.4,76.4,ok
10322,13166.8,13245.6,78.82,ok
10653,13191.1,13257.5,66.35,ok
3924,13234.4,13263.5,29.0,ok
18038,13263.5,13325.0,61.53,ok
26787,13213.5,13348.8,135.34,ok
15015,13325.0,13359.8,34.82,ok
7787,13348.8,13369.2,20.37,ok
25445,13245.6,13371.4,125.71,ok
10319,13359.8,13387.2,27.42,ok
15078,13371.4,13395.5,24.15,ok
9990,13369.2,13400.7,31.55,ok
7660,13400.7,13416.6,15.87,ok
26673,13395.5,13421.8,26.29,ok
14051,13416.6,13432.4,15.82,ok
10073,13421.8,13441.9,20.12,ok
26522,13257.5,13446.0,188.56,ok
11822,13441.9,13475.9,33.96,ok
11968,13387.2,13502.2,114.96,ok
5794,13432.4,13514.2,81.73,ok
16115,13475.9,13533.5,57.56,ok
26025,13446.0,13536.6,90.61,ok
4693,13533.5,13565.9,32.47,ok
26112,13536.6,13570.3,33.61,ok
11399,13502.2,13586.4,84.24,ok
26818,13586.4,13591.7,5.26,ok
15326,13565.9,13597.0,31.07,ok
26243,13597.0,13603.4,6.34,ok
26810,13591.7,13605.8,14.06,ok
26456,13603.4,13621.0,17.65,ok
26027,13570.3,13626.0,55.73,ok
26214,13626.0,13634.8,8.81,ok
9876,13621.0,13635.1,14.1,ok
6107,13514.2,13661.1,146.96,ok
26005,13635.1,13668.0,32.84,ok
14075,13668.0,13670.0,2.05,ok
6531,13670.0,13679.0,8.94,ok
25629,13634.8,13682.1,47.3,ok
12982,13661.1,13682.5,21.37,ok
10109,13605.8,13690.6,84.78,ok
15243,13682.1,13706.5,24.35,ok
11439,13682.5,13708.9,26.41,ok
10538,13706.5,13728.9,22.49,ok
13132,13690.6,13749.3,58.69,ok
15049,13728.9,13768.5,39.56,ok
5216,13708.9,13768.6,59.65,ok
26281,13749.3,13777.8,28.52,ok
6373,13768.6,13793.3,24.7,ok
4291,13777.8,13799.8,21.98,ok
26426,13768.5,13807.5,39.02,ok
18604,13799.8,13819.7,19.93,ok
12102,13807.5,13826.3,18.76,ok
18656,13819.7,13850.9,31.21,ok
25320,13826.3,13855.3,28.95,ok
26321,13850.9,13863.0,12.11,ok
12950,13855.3,13876.1,20.88,ok
10795,13863.0,13889.3,26.29,ok
13237,13876.1,13904.6,28.45,ok
26294,13889.3,13915.6,26.29,ok
25577,13915.6,13926.8,11.15,ok
14018,13926.8,13932.5,5.75,ok
26712,13932.5,13939.3,6.74,ok
26520,13904.6,13946.8,42.24,ok
25478,13946.8,13962.7,15.8,ok
24675,13962.7,13973.8,11.14,ok
10087,13939.3,13977.0,37.75,ok
11063,13793.3,13984.9,191.58,ok
26256,13973.8,14002.9,29.12,ok
26660,14002.9,14019.9,16.98,ok
25804,14019.9,14032.2,12.33,ok
26479,14032.2,14043.8,11.59,ok
26201,13984.9,14053.4,68.53,ok
7565,13977.0,14061.5,84.48,ok
13640,14043.8,14076.5,32.64,ok
9618,14061.5,14080.4,18.85,ok
25425,14080.4,14101.5,21.11,ok
17332,14053.4,14109.0,55.57,ok
17856,14101.5,14114.2,12.75,ok
6836,14114.2,14126.0,11.72,ok
26741,14126.0,14152.0,26.04,ok
25435,14109.0,14152.3,43.34,ok
26749,14076.5,14154.1,77.66,ok
18457,14152.0,14170.8,18.81,ok
26165,14152.3,14171.2,18.95,ok
26614,14154.1,14183.1,29.0,ok
11778,14170.8,14194.9,24.11,ok
11800,14183.1,14208.5,25.38,ok
26720,14208.5,14220.2,11.66,ok
25545,14220.2,14236.4,16.23,ok
14451,14171.2,14249.1,77.88,ok
3609,13679.0,,600,timeout
16494,14236.4,14288.2,51.81,ok
12518,14249.1,14304.5,55.31,ok
6388,14304.5,14315.7,11.28,ok
19186,14279.1,14320.7,41.66,ok
8812,14315.7,14344.7,28.94,ok
22566,14320.7,14348.0,27.25,ok
25746,14344.7,14365.5,20.81,ok
13805,14348.0,14375.9,27.92,ok
25324,14375.9,14380.9,4.94,ok
25977,14380.9,14429.5,48.62,ok
9057,14365.5,14447.8,82.26,ok
26637,14447.8,14458.8,11.04,ok
11028,14429.5,14465.6,36.15,ok
11614,14194.9,14476.7,281.74,ok
15348,14458.8,14481.3,22.47,ok
14438,14465.6,14483.6,17.91,ok
11555,14288.2,14495.2,206.88,ok
11769,14483.6,14500.8,17.24,ok
11512,14476.7,14501.1,24.45,ok
25648,14495.2,14526.6,31.39,ok
25788,14526.6,14532.9,6.34,ok
8198,14501.1,14539.2,38.06,ok
25882,14532.9,14559.8,26.87,ok
26276,14559.8,14565.9,6.08,ok
9421,14500.8,14590.5,89.71,ok
16495,14481.3,14602.3,120.99,ok
26245,14565.9,14613.4,47.53,ok
18011,14613.4,14620.3,6.86,ok
10543,14539.2,14628.5,89.29,ok
11844,14620.3,14651.8,31.52,ok
10948,14651.8,14676.0,24.19,ok
9547,14628.5,14681.6,53.07,ok
25305,14676.0,14684.8,8.79,ok
4601,14684.8,14713.3,28.5,ok
3955,14602.3,14723.6,121.34,ok
8309,14713.3,14725.4,12.11,ok
26805,14725.4,14743.7,18.33,ok
26067,14743.7,14763.3,19.51,ok
8793,14763.3,14775.7,12.39,ok
26115,14590.5,14832.9,242.35,ok
26022,14775.7,14837.2,61.59,ok
26486,14832.9,14854.4,21.58,ok
15474,14723.6,14862.0,138.34,ok
26368,14862.0,14880.3,18.28,ok
25397,14681.6,14901.1,219.49,ok
25384,14880.3,14922.0,41.73,ok
15906,14901.1,14934.4,33.32,ok
25344,14922.0,14950.3,28.2,ok
26382,14950.3,14953.1,2.81,ok
10260,14837.2,14963.1,125.87,ok
5765,14963.1,14967.9,4.82,ok
26144,14967.9,14972.8,4.87,ok
25752,14854.4,14974.2,119.79,ok
15092,14972.8,14995.5,22.72,ok
10075,14953.1,14998.7,45.64,ok
25469,14995.5,15010.7,15.15,ok
2895,14998.7,15030.4,31.63,ok
17875,14974.2,15044.2,70.01,ok
7857,15044.2,15056.5,12.21,ok
14308,15030.4,15065.2,34.8,ok
26496,15056.5,15077.5,21.0,ok
13012,14934.4,15079.2,144.77,ok
11964,15077.5,15098.7,21.24,ok
17034,15010.7,15114.2,103.52,ok
15077,15098.7,15125.3,26.64,ok
17970,15125.3,15130.2,4.83,ok
25937,15130.2,15145.5,15.34,ok
7488,15079.2,15147.6,68.46,ok
4741,15114.2,15160.3,46.13,ok
14203,15145.5,15165.8,20.3,ok
25470,15147.6,15172.2,24.56,ok
15832,15165.8,15189.5,23.64,ok
26710,15065.2,15191.0,125.85,ok
12305,15191.0,15209.9,18.86,ok
14342,15189.5,15212.0,22.55,ok
9614,15209.9,15233.6,23.72,ok
25631,15172.2,15263.3,91.12,ok
11729,15160.3,15263.4,103.04,ok
26718,15263.3,15277.8,14.46,ok
25498,15233.6,15278.1,44.44,ok
12343,15263.4,15284.0,20.65,ok
12889,15278.1,,30.79,oom
14319,15277.8,15322.5,44.68,ok
7609,15212.0,15324.5,112.46,ok
26668,15322.5,15345.3,22.81,ok
25409,15345.3,15360.9,15.65,ok
26210,15338.8,15378.4,39.55,ok
15697,15324.5,15383.3,58.76,ok
14904,15360.9,15383.3,22.35,ok
26414,15284.0,15384.3,100.25,ok
22624,15378.4,15410.2,31.82,ok
10001,15383.3,15421.6,38.29,ok
15014,15384.3,15455.6,71.33,ok
25464,15410.2,15472.3,62.12,ok
17168,15421.6,15482.7,61.11,ok
9953,15472.3,15487.8,15.51,ok
26517,15487.8,15490.5,2.61,ok
26752,15490.5,15506.7,16.23,ok
25934,15482.7,15518.8,36.08,ok
26608,15506.7,15521.0,14.32,ok
26240,15521.0,15533.0,11.96,ok
11482,15518.8,15535.1,16.34,ok
25968,15535.1,15552.2,17.06,ok
4383,15552.2,15560.4,8.28,ok
15150,15455.6,15567.5,111.87,ok
11598,15383.3,15568.4,185.17,ok
26324,15568.4,15579.9,11.49,ok
26263,15579.9,15590.9,10.98,ok
20054,15567.5,15602.2,34.75,ok
25527,15590.9,15610.1,19.15,ok
10601,15602.2,15616.6,14.31,ok
7559,15610.1,15624.9,14.8,ok
4399,15616.6,15643.8,27.23,ok
23470,15560.4,15660.3,99.87,ok
12050,15660.3,15663.9,3.54,ok
25831,15663.9,15673.3,9.48,ok
11082,15624.9,15683.0,58.13,ok
26425,15683.0,15699.8,16.83,ok
14738,15673.3,15708.6,35.21,ok
26658,15533.0,15719.1,186.09,ok
25279,15643.8,15721.2,77.41,ok
5069,15699.8,15723.9,24.1,ok
26783,15723.9,15744.9,21.0,ok
7073,15719.1,15766.8,47.74,ok
26813,15744.9,15771.3,26.38,ok
15010,15721.2,15779.9,58.65,ok
25259,15708.6,15787.5,78.95,ok
11964,15771.3,15797.3,25.92,ok
14342,15787.5,15812.1,24.61,ok
25714,15812.1,15827.1,14.93,ok
14203,15827.1,15845.0,17.91,ok
17922,15766.8,15862.5,95.64,ok
26414,15779.9,15870.7,90.89,ok
5765,15870.7,15878.9,8.1,ok
7436,15878.9,15891.1,12.22,ok
26658,15797.3,15904.2,106.9,ok
15049,15845.0,15914.1,69.11,ok
26425,15914.1,15929.3,15.19,ok
17817,15904.2,15929.3,25.13,ok
14308,15929.3,15954.2,24.9,ok
25478,15954.2,15969.9,15.74,ok
9173,15862.5,16013.6,151.14,ok
26787,15891.1,16020.5,129.4,ok
15015,16013.6,16043.4,29.82,ok
6388,16043.4,16055.6,12.13,ok
10260,15929.3,16058.0,128.75,ok
11822,16055.6,16090.9,35.34,ok
11598,15969.9,16091.1,121.16,ok
17168,16020.5,16106.6,86.1,ok
7073,16058.0,16122.1,64.03,ok
11028,16091.1,16132.1,41.03,ok
9876,16132.1,16148.3,16.21,ok
26368,16148.3,16162.6,14.29,ok
26067,16162.6,16177.8,15.11,ok
25834,16177.8,16182.8,4.99,ok
26040,16090.9,16192.8,101.92,ok
26373,16192.8,16204.7,11.9,ok
25527,16182.8,16206.9,24.1,ok
25470,16206.9,16228.1,21.24,ok
25435,16106.6,16230.3,123.74,ok
9547,16122.1,16236.0,113.89,ok
26281,16204.7,16236.4,31.64,ok
12343,16230.3,16258.4,28.1,ok
26712,16258.4,16262.6,4.21,ok
10319,16228.1,16263.9,35.82,ok
10506,16236.4,16277.6,41.26,ok
16494,16236.0,16291.7,55.78,ok
15326,16262.6,16302.1,39.48,ok
26210,16277.6,16309.4,31.75,ok
25467,16263.9,16331.1,67.16,ok
17034,16331.1,16378.9,47.82,ok
26382,16378.9,16381.8,2.91,ok
25831,16381.8,16389.5,7.66,ok
11399,16309.4,16398.1,88.68,ok
26508,16291.7,16399.2,107.49,ok
10322,16389.5,16424.9,35.38,ok
23711,16302.1,16434.0,131.86,ok
26214,16434.0,16442.4,8.35,ok
10087,16442.4,16472.1,29.69,ok
7787,16472.1,16488.7,16.62,ok
25631,16424.9,16502.5,77.65,ok
11482,16488.7,16508.2,19.55,ok
9057,16399.2,16514.2,114.99,ok
26668,16502.5,16523.0,20.42,ok
10948,16508.2,16533.0,24.77,ok
26263,16523.0,16544.5,21.55,ok
14569,16514.2,16560.5,46.24,ok
11063,16398.1,16568.0,169.98,ok
26027,16544.5,16588.8,44.27,ok
25320,16568.0,16592.5,24.43,ok
15014,16533.0,16603.2,70.18,ok
26240,16588.8,16603.9,15.1,ok
11769,16592.5,16605.7,13.21,ok
12889,16560.5,16617.4,56.88,ok
9614,16603.9,16619.7,15.83,ok
13458,16603.2,16626.4,23.21,ok
15078,16605.7,16627.8,22.13,ok
18011,16626.4,16640.1,13.74,ok
17332,16617.4,16682.8,65.45,ok
25464,16627.8,16698.2,70.38,ok
8569,16698.2,16712.0,13.73,ok
5794,16640.1,16718.6,78.42,ok
7488,16682.8,16730.1,47.3,ok
14904,16712.0,16731.7,19.79,ok
26243,16730.1,16747.5,17.41,ok
2895,16747.5,16770.5,22.93,ok
26276,16770.5,16776.6,6.14,ok
13012,16718.6,16785.5,66.96,ok
16495,16731.7,16797.7,65.95,ok
17182,16785.5,16822.9,37.41,ok
17922,16797.7,16835.6,37.88,ok
14051,16822.9,16841.5,18.57,ok
6531,16776.6,16842.7,66.1,ok
25648,16835.6,16854.4,18.87,ok
26321,16841.5,16871.8,30.31,ok
26486,16854.4,16890.8,36.34,ok
7609,16871.8,16941.0,69.16,ok
25344,16941.0,16960.3,19.29,ok
25425,16960.3,16973.3,13.0,ok
25715,16973.3,16986.5,13.23,ok
26522,16842.7,16992.0,149.3,ok
26520,16992.0,17010.4,18.35,ok
11800,17010.4,17027.2,16.85,ok
11968,17027.2,17056.2,29.0,ok
25259,16986.5,17067.1,80.54,ok
14738,17056.2,17067.9,11.66,ok
12305,17067.9,17070.4,2.54,ok
17970,17067.1,17072.3,5.23,ok
24675,17070.4,17086.1,15.62,ok
26353,17072.3,17132.2,59.85,ok
25804,17132.2,17143.7,11.53,ok
6107,17086.1,17147.4,61.32,ok
26805,17147.4,17184.1,36.74,ok
4601,17184.1,17198.8,14.61,ok
9990,17198.8,17202.6,3.82,ok
12050,17202.6,17205.7,3.12,ok
25746,17205.7,17218.1,12.39,ok
3609,16619.7,,600,timeout
11614,16890.8,17233.9,343.09,ok
26456,17233.9,17251.6,17.77,ok
10001,17251.6,17272.2,20.54,ok
15474,17143.7,17280.3,136.48,ok
14674,17272.2,17288.4,16.25,ok
25752,17218.1,17307.3,89.18,ok
8198,17280.3,17308.1,27.81,ok
26813,17288.4,17312.8,24.4,ok
25315,17308.1,17324.1,16.05,ok
10073,17312.8,17340.8,27.97,ok
4291,17340.8,17349.1,8.33,ok
26517,17349.1,17351.2,2.06,ok
12518,17219.8,17352.4,132.6,ok
26810,17352.4,17361.6,9.21,ok
26718,17361.6,17374.6,12.95,ok
15243,17351.2,17379.3,28.09,ok
7587,17379.3,17394.1,14.82,ok
23470,17307.3,17396.5,89.21,ok
26426,17394.1,17432.0,37.87,ok
15697,17374.6,17459.7,85.08,ok
9421,17396.5,17481.0,84.53,ok
26283,17481.0,17507.1,26.03,ok
14018,17507.1,17512.8,5.7,ok
8812,17512.8,17541.7,28.94,ok
12849,17324.2,17566.3,242.09,ok
26741,17541.7,17568.1,26.4,ok
26324,17566.3,17576.4,10.19,ok
14451,17432.0,17579.8,147.85,ok
15832,17576.4,17602.7,26.28,ok
4741,17602.7,17635.6,32.89,ok
18656,17568.1,17651.9,83.72,ok
5114,17635.6,17667.5,31.79,ok
26710,17579.8,17682.6,102.81,ok
26201,17651.9,17707.7,55.83,ok
25397,17459.7,17715.5,255.79,ok
14319,17682.6,17716.1,33.45,ok
25629,17667.5,17722.4,54.94,ok
11810,17707.7,17728.1,20.38,ok
6373,17716.1,17732.8,16.72,ok
26783,17722.4,17736.4,13.98,ok
15092,17715.5,17742.2,26.71,ok
25885,17728.1,17750.3,22.23,ok
18457,17732.8,17763.2,30.41,ok
4399,17736.4,17781.2,44.82,ok
13237,17781.2,17814.8,33.57,ok
10653,17750.3,17825.2,74.88,ok
26720,17814.8,17829.7,14.9,ok
15150,17742.2,17847.0,104.85,ok
26112,17829.7,17852.2,22.47,ok
22624,17825.2,17855.0,29.8,ok
8309,17855.0,17877.1,22.12,ok
15077,17852.2,17877.9,25.74,ok
17856,17877.1,17890.2,13.02,ok
26749,17763.2,17906.4,143.15,ok
11439,17877.9,17942.2,64.24,ok
25498,17906.4,17945.2,38.8,ok
25788,17945.2,17951.2,6.05,ok
25937,17942.2,17972.7,30.56,ok
26608,17972.7,17985.9,13.16,ok
3955,17890.2,18002.1,111.92,ok
13216,17847.0,18011.1,164.04,ok
9000,18002.1,18015.8,13.69,ok
6836,18011.1,18027.4,16.29,ok
18038,17951.2,18031.2,79.96,ok
7857,18027.4,18047.3,19.92,ok
26637,18047.3,18059.3,11.97,ok
26752,18059.3,18073.2,13.91,ok
12381,18031.2,18089.2,58.02,ok
11334,18073.2,18090.9,17.7,ok
15149,18015.8,18098.8,83.02,ok
26818,18098.8,18101.7,2.88,ok
9618,18089.2,18106.5,17.34,ok
11512,18090.9,18109.3,18.39,ok
10543,17985.9,18120.4,134.51,ok
25968,18120.4,18130.9,10.45,ok
10229,18130.9,18148.9,18.05,ok
9953,18148.9,18159.7,10.75,ok
26005,18106.5,18159.8,53.2,ok
17471,18101.7,18174.6,72.91,ok
14438,18159.7,18176.3,16.64,ok
25882,18159.8,18180.7,20.93,ok
17875,18109.3,18192.4,83.1,ok
12102,18174.6,18199.8,25.15,ok
7559,18180.7,18201.2,20.52,ok
25824,18199.8,18217.8,18.05,ok
8793,18192.4,18230.3,37.95,ok
26660,18176.3,18233.1,56.73,ok
22566,18217.8,18242.3,24.48,ok
4693,18230.3,18259.4,29.08,ok
5069,18259.4,18274.1,14.64,ok
15010,18233.1,18298.8,65.72,ok
26165,18298.8,18314.8,16.04,ok
13132,18201.2,18330.0,128.75,ok
11844,18242.3,18350.4,108.11,ok
8925,18350.4,18364.7,14.26,ok
25577,18364.7,18377.1,12.36,ok
7565,18314.8,18384.5,69.71,ok
26614,18377.1,18391.0,13.9,ok
25384,18330.0,18419.6,89.57,ok
25783,18391.0,18428.3,37.31,ok
25445,18274.1,18428.5,154.4,ok
25545,18428.3,18453.1,24.8,ok
25934,18419.6,18457.0,37.43,ok
25324,18453.1,18458.4,5.33,ok
25409,18458.4,18482.1,23.7,ok
11082,18428.5,18494.8,66.31,ok
10075,18457.0,18498.8,41.81,ok
10538,18482.1,18501.1,18.98,ok
26144,18498.8,18509.2,10.35,ok
12950,18494.8,18513.8,19.02,ok
10601,18509.2,18521.7,12.49,ok
26439,18501.1,18539.4,38.31,ok
26022,18521.7,18550.7,28.97,ok
25977,18384.5,18557.9,173.36,ok
26256,18550.7,18576.0,25.3,ok
15906,18557.9,18586.2,28.33,ok
26479,18576.0,18593.9,17.9,ok
25305,18586.2,18594.3,8.1,ok
25871,18594.3,18617.4,23.07,ok
11729,18539.4,18650.1,110.64,ok
26025,18617.4,18664.2,46.83,ok
25585,18650.1,18670.9,20.84,ok
26327,18664.2,18685.8,21.59,ok
5216,18593.9,18701.8,107.91,ok
3924,18685.8,18706.8,20.93,ok
14075,18706.8,18709.2,2.4,ok
25469,18709.2,18727.6,18.46,ok
18604,18670.9,18733.1,62.2,ok
4383,18733.1,18746.1,12.99,ok
26115,18513.8,18758.0,244.18,ok
25712,18758.0,18761.3,3.28,ok
11778,18761.3,18762.7,1.4,ok
20054,18762.7,18772.7,9.99,ok
12982,18772.7,18774.5,1.83,ok
26245,18727.6,18787.5,59.9,ok
19186,18774.5,18807.4,32.88,ok
13640,18787.5,18820.2,32.64,ok
26673,18746.1,18832.5,86.38,ok
7660,18820.2,18840.4,20.17,ok
11555,18701.8,18845.9,144.03,ok
13805,18845.9,18866.6,20.77,ok
10795,18807.4,18875.4,68.0,ok
26294,18840.4,18887.5,47.12,ok
26496,18887.5,18904.6,17.09,ok
15348,18832.5,18918.9,86.44,ok
6836,18918.9,18929.3,10.34,ok
25279,18875.4,18953.7,78.26,ok
16115,18904.6,18971.2,66.62,ok
10795,18929.3,18975.5,46.24,ok
10109,18866.6,18979.5,112.83,ok
26382,18979.5,18982.5,3.0,ok
11778,18975.5,18995.8,20.28,ok
26165,18971.2,18999.5,28.32,ok
25464,18953.7,19034.4,80.75,ok
26368,19034.4,19051.1,16.66,ok
3955,18982.5,19081.4,98.92,ok
26025,18995.8,19084.4,88.63,ok
25648,19081.4,19098.2,16.86,ok
11555,19051.1,19105.1,53.91,ok
10948,19084.4,19114.1,29.68,ok
15326,19098.2,19126.1,27.82,ok
12982,19114.1,19129.7,15.59,ok
26522,18999.5,19163.8,164.33,ok
14319,19129.7,19170.2,40.46,ok
15049,19105.1,19181.7,76.59,ok
15832,19163.8,19186.6,22.73,ok
8198,19170.2,19194.0,23.75,ok
17182,19126.1,19204.9,78.85,ok
25824,19186.6,19211.2,24.66,ok
15906,19194.0,19223.1,29.11,ok
6531,19204.9,19224.1,19.19,ok
26783,19224.1,19242.2,18.07,ok
7587,19223.1,19248.8,25.78,ok
25384,19181.7,19267.1,85.47,ok
4693,19211.2,19276.5,65.21,ok
25315,19276.5,19286.6,10.12,ok
14308,19248.8,19297.6,48.73,ok
8925,19286.6,19302.5,15.91,ok
10653,19242.2,19336.1,93.93,ok
8812,19302.5,19350.7,48.2,ok
22566,19336.1,19359.0,22.88,ok
25470,19359.0,19373.7,14.66,ok
26517,19373.7,19375.8,2.16,ok
11769,19375.8,19386.9,11.05,ok
9953,19386.9,19397.3,10.35,ok
4291,19397.3,19406.4,9.15,ok
16495,19267.1,19436.7,169.56,ok
11399,19350.7,19447.9,97.24,ok
26749,19297.6,19455.0,157.37,ok
10073,19436.7,19458.9,22.2,ok
17332,19406.4,19468.4,61.95,ok
11810,19455.0,19476.7,21.77,ok
18011,19476.7,19483.4,6.68,ok
17817,19468.4,19486.0,17.64,ok
25831,19483.4,19494.5,11.09,ok
15015,19494.5,19528.1,33.57,ok
12050,19528.1,19531.6,3.53,ok
15697,19447.9,19536.1,88.13,ok
25977,19458.9,19591.7,132.83,ok
17168,19536.1,19596.3,60.19,ok
25882,19591.7,19613.8,22.02,ok
14904,19596.3,19617.5,21.28,ok
10260,19531.6,19630.2,98.54,ok
22624,19617.5,19640.2,22.62,ok
26486,19640.2,19652.8,12.62,ok
10087,19613.8,19673.5,59.72,ok
11028,19630.2,19688.2,58.08,ok
25467,19652.8,19711.0,58.25,ok
14018,19711.0,19716.6,5.51,ok
25397,19486.0,19726.4,240.35,ok
17856,19716.6,19730.1,13.58,ok
9618,19726.4,19745.5,19.12,ok
15149,19688.2,19746.7,58.41,ok
9876,19745.5,19762.4,16.85,ok
13132,19673.5,19771.3,97.8,ok
5069,19771.3,19785.6,14.25,ok
14051,19762.4,19786.7,24.32,ok
11439,19785.6,19802.2,16.59,ok
25445,19730.1,19837.6,107.47,ok
11800,19802.2,19837.9,35.7,ok
26373,19837.6,19854.1,16.54,ok
23711,19746.7,19875.5,128.84,ok
26414,19786.7,19894.2,107.48,ok
26712,19894.2,19898.6,4.4,ok
15150,19854.2,19905.2,51.09,ok
26324,19905.2,19920.3,15.06,ok
25279,19837.9,19921.6,83.72,ok
25937,19898.6,19924.9,26.31,ok
26276,19920.3,19928.8,8.49,ok
25788,19928.8,19941.2,12.44,ok
15078,19921.6,19943.4,21.85,ok
25425,19924.9,19949.5,24.65,ok
17922,19875.5,19959.8,84.26,ok
15092,19943.4,19966.6,23.12,ok
10229,19966.6,19986.3,19.69,ok
16115,19941.2,19999.9,58.65,ok
26214,19999.9,20008.2,8.31,ok
26281,20008.2,20031.4,23.16,ok
26439,20031.4,20046.1,14.77,ok
26240,20046.1,20058.5,12.34,ok
10601,20058.5,20068.5,10.02,ok
11968,19959.8,20077.6,117.81,ok
10319,19949.5,20082.0,132.43,ok
4383,20082.0,20091.9,9.93,ok
25324,20091.9,20096.2,4.34,ok
13012,19986.3,20112.2,125.96,ok
3924,20068.5,20115.7,47.22,ok
9990,20115.7,20140.1,24.38,ok
4741,20112.2,20140.7,28.5,ok
15010,20077.6,20157.7,80.09,ok
12343,20140.1,20165.8,25.67,ok
26022,20140.7,20168.4,27.67,ok
26256,20168.4,20193.2,24.76,ok
10109,20096.2,20215.8,119.54,ok
11082,20157.7,20224.3,66.62,ok
26810,20215.8,20224.9,9.08,ok
6373,20224.3,20243.5,19.23,ok
17970,20243.5,20248.5,4.9,ok
26294,20193.2,20249.4,56.21,ok
17875,20165.8,20267.9,102.13,ok
11063,20249.4,20271.3,21.93,ok
7488,20224.9,20280.6,55.75,ok
26456,20271.3,20288.9,17.6,ok
2895,20267.9,20291.5,23.59,ok
8569,20291.5,20312.7,21.15,ok
9614,20280.6,20322.3,41.68,ok
26327,20322.3,20337.5,15.17,ok
13805,20337.5,20355.8,18.37,ok
26818,20355.8,20359.2,3.4,ok
26720,20359.2,20372.8,13.53,ok
13640,20312.7,20381.0,68.28,ok
26508,20248.5,20412.8,164.35,ok
25629,20412.8,20458.5,45.64,ok
26658,20381.0,20481.1,100.15,ok
14075,20481.1,20483.0,1.86,ok
9057,20288.9,20484.3,195.34,ok
9173,20372.8,20502.1,129.34,ok
10538,20483.0,20504.7,21.65,ok
5114,20484.3,20516.4,32.13,ok
25545,20504.7,20532.8,28.17,ok
5794,20458.5,20545.6,87.16,ok
7787,20532.8,20550.3,17.48,ok
11822,20502.1,20565.4,63.31,ok
26608,20545.6,20570.3,24.68,ok
26027,20565.4,20596.4,30.92,ok
17034,20570.3,20612.2,41.93,ok
26243,20612.2,20623.1,10.82,ok
14438,20623.1,20641.7,18.58,ok
11614,20516.4,20648.8,132.39,ok
26710,20596.4,20657.8,61.45,ok
26321,20657.8,20673.5,15.67,ok
26005,20641.7,20677.2,35.51,ok
15474,20648.8,20687.6,38.72,ok
25715,20677.2,20699.1,21.9,ok
12849,20550.3,20733.6,183.33,ok
7073,20687.6,20750.6,63.01,ok
25934,20733.6,20757.3,23.67,ok
15014,20673.5,20773.6,100.14,ok
26637,20773.6,20785.3,11.65,ok
24675,20785.3,20796.9,11.6,ok
26283,20757.3,20797.6,40.26,ok
26210,20750.6,20818.8,68.19,ok
5216,20699.1,20819.3,120.21,ok
12102,20797.6,20819.7,22.14,ok
25714,20818.8,20835.6,16.74,ok
18656,20796.9,20861.1,64.16,ok
15077,20861.1,20875.1,14.0,ok
9547,20819.7,20898.5,78.73,ok
26040,20819.3,20906.0,86.74,ok
13458,20898.5,20919.1,20.68,ok
10506,20906.0,20945.1,39.02,ok
12518,20835.6,20956.5,120.94,ok
26614,20945.1,20959.7,14.66,ok
25409,20959.7,20981.2,21.51,ok
17471,20919.1,20994.1,74.98,ok
25577,20981.2,20994.5,13.26,ok
14451,20875.1,21012.1,137.01,ok
14203,20994.5,21019.8,25.25,ok
25804,21012.1,21032.8,20.74,ok
26668,20994.1,21037.8,43.73,ok
9000,21032.8,21046.3,13.45,ok
25746,21037.8,21056.7,18.83,ok
25752,20956.5,21075.6,119.05,ok
18604,21019.8,21079.8,59.99,ok
26112,21056.7,21080.7,23.99,ok
25712,21080.7,21094.1,13.43,ok
26263,21079.8,21100.9,21.12,ok
12381,21075.6,21116.5,40.93,ok
11512,21094.1,21117.5,23.34,ok
10001,21100.9,21120.6,19.74,ok
11482,21117.5,21140.2,22.72,ok
4601,21116.5,21149.1,32.62,ok
25305,21149.1,21154.7,5.59,ok
26496,21140.2,21157.1,16.87,ok
4399,21154.7,21182.9,28.15,ok
26067,21157.1,21185.0,27.96,ok
25527,21185.0,21200.3,15.3,ok
25320,21200.3,21223.9,23.59,ok
25631,21120.6,21224.2,103.56,ok
25435,21182.9,21227.4,44.5,ok
26425,21224.2,21248.3,24.13,ok
26144,21248.3,21255.6,7.24,ok
25344,21224.0,21259.4,35.4,ok
19186,21255.6,21314.2,58.61,ok
25968,21314.2,21324.9,10.71,ok
7857,21324.9,21341.3,16.42,ok
26787,21227.4,21353.8,126.39,ok
26479,21353.8,21367.1,13.28,ok
11598,21259.4,21376.9,117.55,ok
7660,21376.9,21390.3,13.4,ok
12889,21367.1,21415.1,47.98,ok
15348,21415.1,21456.0,40.94,ok
10543,21390.3,21461.5,71.16,ok
25469,21456.0,21475.1,19.08,ok
13216,21341.3,21482.9,141.57,ok
3609,21046.3,21492.9,446.64,ok
26718,21461.5,21494.1,32.59,ok
20054,21492.9,21514.6,21.7,ok
10322,21475.1,21538.3,63.19,ok
16494,21482.9,21562.5,79.63,ok
7609,21494.1,21583.9,89.79,ok
11844,21538.3,21587.9,49.66,ok
26353,21514.6,21596.3,81.67,ok
5765,21587.9,21600.2,12.27,ok
25783,21596.3,21633.8,37.5,ok
25259,21562.5,21642.6,80.06,ok
26752,21642.6,21656.3,13.73,ok
25885,21633.8,21658.6,24.82,ok
14569,21600.2,21663.8,63.57,ok
8309,21663.8,21676.3,12.54,ok
12950,21656.3,21683.0,26.7,ok
14342,21658.6,21686.2,27.6,ok
12305,21683.0,21699.3,16.31,ok
26426,21686.2,21715.6,29.44,ok
18457,21699.3,21718.3,18.97,ok
11729,21583.9,21721.9,138.02,ok
25498,21676.3,21742.5,66.2,ok
8793,21742.5,21754.2,11.63,ok
23470,21715.6,21787.1,71.45,ok
18038,21721.9,21796.7,74.78,ok
25834,21796.7,21802.0,5.32,ok
26741,21787.1,21812.5,25.39,ok
26201,21754.2,21821.3,67.09,ok
25871,21802.0,21831.7,29.65,ok
14738,21821.3,21847.1,25.83,ok
26660,21831.7,21858.8,27.12,ok
7436,21847.1,21860.1,13.0,ok
6107,21718.3,21875.3,156.94,ok
7559,21860.1,21875.6,15.48,ok
26813,21858.8,21885.6,26.8,ok
6388,21875.3,21895.2,19.91,ok
7565,21812.5,21895.2,82.7,ok
15243,21875.6,21907.8,32.24,ok
25585,21895.2,21926.5,31.29,ok
26673,21907.8,21935.5,27.64,ok
26520,21885.6,21941.6,55.98,ok
11334,21935.5,21956.8,21.3,ok
25478,21941.6,21959.4,17.83,ok
26805,21956.8,21966.3,9.47,ok
14674,21959.4,21970.9,11.43,ok
11964,21966.3,21981.8,15.59,ok
13237,21926.5,21981.9,55.44,ok
9421,21895.2,21986.6,91.42,ok
10075,21970.9,22005.3,34.45,ok
9876,21986.6,22014.2,27.56,ok
25885,22014.2,22034.1,19.93,ok
26245,21981.8,22048.5,66.62,ok
26281,22034.1,22058.9,24.77,ok
17471,22005.3,22076.4,71.09,ok
15906,22048.5,22082.4,33.91,ok
25464,22076.4,22133.1,56.65,ok
14308,22133.1,22151.4,18.33,ok
26783,22151.4,22159.6,8.16,ok
10260,22058.9,22181.8,122.91,ok
11598,22082.4,22195.7,113.29,ok
25425,22181.8,22203.6,21.81,ok
17168,22159.6,22223.1,63.48,ok
14438,22203.6,22227.6,24.01,ok
17856,22227.6,22239.5,11.91,ok
26115,21981.9,22263.4,281.48,ok
11028,22223.1,22279.1,56.06,ok
4693,22263.4,22284.8,21.36,ok
26508,22195.7,22298.5,102.79,ok
10538,22284.8,22304.4,19.58,ok
10075,22298.5,22347.9,49.42,ok
26040,22279.1,22352.5,73.33,ok
25478,22352.5,22366.9,14.42,ok
23711,22239.5,22368.1,128.52,ok
12102,22347.9,22370.2,22.27,ok
25409,22370.2,22400.9,30.75,ok
25320,22366.9,22404.6,37.73,ok
25344,22400.9,22425.9,24.94,ok
26294,22425.9,22453.2,27.38,ok
11800,22404.6,22463.9,59.23,ok
26637,22453.2,22473.5,20.29,ok
26479,22463.9,22483.5,19.6,ok
4383,22483.5,22493.1,9.6,ok
25934,22473.5,22502.7,29.13,ok
10601,22502.7,22513.3,10.6,ok
9057,22304.4,22517.2,212.81,ok
26327,22517.2,22532.1,14.91,ok
9990,22513.3,22540.5,27.19,ok
14075,22540.5,22543.9,3.41,ok
25631,22368.1,22556.5,188.43,ok
7488,22532.1,22577.4,45.28,ok
11512,22556.5,22588.6,32.12,ok
25324,22588.6,22593.1,4.52,ok
18011,22593.1,22599.5,6.32,ok
25577,22599.5,22611.8,12.37,ok
15077,22611.8,22627.1,15.25,ok
11769,22627.1,22641.4,14.31,ok
25977,22493.1,22641.5,148.38,ok
20054,22641.5,22657.6,16.12,ok
11729,22543.9,22669.5,125.6,ok
8309,22669.5,22683.7,14.23,ok
11968,22577.4,22704.7,127.37,ok
15149,22683.7,22738.5,54.8,ok
7857,22738.5,22752.6,14.11,ok
26373,22752.6,22765.6,12.97,ok
25384,22704.7,22774.5,69.8,ok
26749,22657.6,22791.1,133.48,ok
25824,22774.5,22792.9,18.37,ok
26752,22791.1,22814.0,22.97,ok
14738,22792.9,22821.1,28.15,ok
26165,22814.0,22830.0,15.95,ok
3609,22641.4,22834.4,192.96,ok
19186,22765.6,22843.9,78.35,ok
11482,22830.0,22847.5,17.53,ok
12950,22834.4,22849.7,15.31,ok
4601,22821.1,22878.5,57.42,ok
11439,22878.5,22890.3,11.81,ok
25831,22890.3,22899.0,8.65,ok
25783,22849.7,22910.3,60.59,ok
11822,22843.9,22912.2,68.24,ok
7660,22899.0,22921.1,22.16,ok
3924,22912.2,22946.0,33.82,ok
15326,22910.3,22949.0,38.72,ok
5794,22847.5,22959.4,111.89,ok
2895,22946.0,22967.7,21.67,ok
26256,22949.0,22977.5,28.53,ok
11964,22967.7,22988.9,21.16,ok
14674,22988.9,22999.0,10.15,ok
15697,22959.4,23030.7,71.23,ok
18656,22977.5,23041.5,63.97,ok
26005,23030.7,23055.4,24.79,ok
15832,23041.5,23066.5,25.01,ok
25752,22999.0,23072.5,73.44,ok
26496,23072.5,23090.7,18.26,ok
12849,22921.1,23099.9,178.76,ok
26439,23099.9,23113.5,13.62,ok
23470,23055.4,23117.6,62.19,ok
26276,23113.5,23119.1,5.59,ok
26517,23117.6,23120.9,3.24,ok
17970,23119.1,23124.0,4.94,ok
26210,23090.7,23134.7,43.92,ok
15078,23124.0,23140.3,16.26,ok
26243,23134.7,23141.3,6.63,ok
8198,23120.9,23144.3,23.43,ok
5216,23066.5,23145.9,79.36,ok
15243,23141.3,23168.9,27.63,ok
26660,23168.9,23185.6,16.64,ok
26426,23185.6,23215.5,29.9,ok
10109,23140.3,23233.6,93.32,ok
7787,23215.5,23235.9,20.44,ok
10319,23144.3,23239.6,95.27,ok
6531,23239.6,23257.1,17.5,ok
22566,23233.6,23257.3,23.68,ok
3955,23145.9,23261.2,115.27,ok
11334,23257.1,23278.7,21.62,ok
26144,23278.7,23283.7,4.98,ok
8812,23261.2,23299.4,38.18,ok
10506,23235.9,23309.0,73.07,ok
17034,23283.7,23343.3,59.57,ok
26025,23257.3,23363.0,105.67,ok
26658,23299.4,23398.6,99.22,ok
26353,23309.0,23407.3,98.35,ok
26425,23407.3,23422.5,15.15,ok
18604,23363.0,23428.4,65.45,ok
12982,23422.5,23439.3,16.81,ok
26368,23428.4,23444.0,15.6,ok
26787,23343.3,23455.2,111.88,ok
10073,23444.0,23468.4,24.33,ok
11555,23439.3,23483.2,43.85,ok
12050,23483.2,23486.4,3.2,ok
11399,23398.6,23496.6,98.01,ok
25804,23496.6,23509.4,12.84,ok
4399,23486.4,23512.6,26.19,ok
6388,23512.6,23525.0,12.36,ok
14904,23509.5,23534.2,24.75,ok
26810,23525.0,23536.0,11.03,ok
15348,23455.2,23547.2,92.03,ok
25305,23547.2,23553.3,6.13,ok
14203,23534.2,23557.9,23.72,ok
10229,23536.0,23574.2,38.23,ok
13640,23574.2,23611.2,36.97,ok
17922,23468.4,23621.2,152.87,ok
25871,23611.2,23625.5,14.32,ok
16115,23557.9,23627.5,69.53,ok
15092,23621.2,23643.4,22.18,ok
26214,23643.4,23651.7,8.29,ok
14451,23553.3,23685.6,132.29,ok
26720,23685.6,23700.2,14.54,ok
15150,23651.7,23711.5,59.78,ok
10948,23700.2,23725.8,25.66,ok
17817,23711.5,23733.8,22.32,ok
15015,23733.8,23758.2,24.36,ok
10653,23725.8,23773.5,47.63,ok
13216,23627.5,23796.2,168.71,ok
26245,23758.2,23809.0,50.84,ok
26486,23809.0,23821.9,12.88,ok
15014,23773.5,23837.2,63.7,ok
14342,23821.9,23842.3,20.4,ok
10795,23796.2,23860.9,64.7,ok
5114,23837.2,23880.2,42.97,ok
9618,23860.9,23884.0,23.1,ok
9614,23884.0,23902.8,18.85,ok
25527,23880.2,23905.5,25.34,ok
25834,23905.5,23910.8,5.28,ok
25714,23902.8,23918.6,15.74,ok
25968,23918.6,23930.8,12.18,ok
26115,23625.5,23933.5,307.94,ok
25937,23910.8,23946.9,36.08,ok
26712,23946.9,23949.7,2.79,ok
4741,23933.5,23982.7,49.21,ok
17875,23949.7,24007.4,57.71,ok
26673,23982.7,24009.0,26.36,ok
11778,24009.0,24020.2,11.14,ok
7587,24007.4,24025.3,17.86,ok
6836,24020.2,,13.32,oom
26414,23930.8,24051.5,120.7,ok
8925,24051.5,24065.4,13.97,ok
9421,24025.3,24100.4,75.08,ok
26522,23842.3,24109.5,267.14,ok
10087,24065.4,24112.2,46.71,ok
26718,24109.5,24133.1,23.61,ok
15474,24100.4,24142.7,42.23,ok
10322,24112.2,24153.7,41.51,ok
10001,24133.1,24158.0,24.9,ok
25882,24142.7,24164.9,22.16,ok
4291,24158.0,24175.1,17.13,ok
10543,24063.5,24188.0,124.5,ok
14569,24188.0,24224.6,36.6,ok
25629,24153.7,24226.7,72.99,ok
26324,24226.7,24240.4,13.77,ok
26240,24224.6,24241.3,16.65,ok
7559,24240.4,24260.7,20.24,ok
13012,24164.9,24279.0,114.15,ok
25585,24260.7,24280.2,19.56,ok
25712,24279.0,24283.0,3.94,ok
8569,24283.0,24302.6,19.59,ok
16495,24175.1,24320.7,145.56,ok
26818,24320.7,24324.0,3.33,ok
26283,24302.6,24327.4,24.83,ok
26520,24241.3,24330.3,89.0,ok
13458,24324.0,24339.5,15.5,ok
18457,24327.4,24342.2,14.79,ok
25498,24280.2,24352.0,71.74,ok
26805,24339.5,24354.1,14.6,ok
26614,24342.2,24359.2,16.99,ok
24675,24352.0,24373.3,21.28,ok
14051,24359.2,24384.3,25.07,ok
8793,24354.1,24384.4,30.29,ok
26027,24330.3,24401.1,70.77,ok
25648,24384.3,24402.8,18.52,ok
26112,24373.3,24413.4,40.07,ok
12889,24402.8,24421.2,18.43,ok
25470,24421.2,24433.0,11.81,ok
22624,24433.0,24444.6,11.52,ok
9000,24413.4,24445.1,31.71,ok
25467,24384.4,24465.5,81.12,ok
26321,24445.1,24474.1,29.0,ok
7073,24444.6,24493.3,48.71,ok
25469,24493.3,24510.8,17.49,ok
25788,24510.8,24518.0,7.19,ok
9173,24465.5,24539.6,74.02,ok
11082,24518.0,24552.4,34.4,ok
25279,24474.1,24559.6,85.52,ok
26382,24559.6,24563.7,4.07,ok
26741,24539.6,24565.3,25.77,ok
11844,24401.1,24572.3,171.19,ok
13805,24552.4,24582.2,29.86,ok
6373,24582.2,24592.4,9.99,ok
12305,24572.3,24595.6,23.37,ok
12343,24592.4,24616.7,24.21,ok
26813,24595.6,24617.9,22.24,ok
18038,24563.7,24640.1,76.42,ok
7565,24565.3,24642.8,77.46,ok
26067,24617.9,24649.8,31.92,ok
5765,24640.1,24653.6,13.49,ok
25545,24649.8,24678.4,28.55,ok
12381,24653.6,24700.7,46.88,ok
14319,24700.7,24730.0,29.32,ok
25259,24642.8,24730.5,87.65,ok
14018,24730.0,24736.5,6.52,ok
26022,24678.4,24741.0,62.64,ok
13237,24736.5,24774.6,38.12,ok
9547,24774.6,24817.3,42.64,ok
25315,24817.3,24828.2,10.88,ok
13132,24741.0,24840.9,99.87,ok
25397,24616.7,24848.4,231.77,ok
11614,24730.5,24857.5,127.07,ok
26608,24848.4,24868.3,19.86,ok
25715,24868.3,24890.1,21.77,ok
17182,24828.2,24899.8,71.64,ok
11063,24890.1,24901.2,11.13,ok
9953,24901.2,24916.2,14.99,ok
17332,24840.9,24928.0,87.13,ok
5069,24899.8,24928.7,28.92,ok
15010,24857.5,24947.6,90.07,ok
7436,24928.7,24958.7,30.0,ok
25746,24947.6,24970.8,23.23,ok
26263,24970.8,24981.8,10.97,ok
26456,24981.8,24998.2,16.41,ok
16494,24928.0,25032.2,104.18,ok
26201,24998.2,25042.8,44.55,ok
12518,24958.7,25069.7,110.91,ok
25445,24916.2,25081.1,164.85,ok
15049,25042.8,25112.4,69.61,ok
11810,25112.4,25134.0,21.61,ok
7609,25032.2,25150.5,118.32,ok
26710,25081.1,25153.2,72.17,ok
26668,25134.0,25168.7,34.69,ok
6107,25069.7,25181.2,111.54,ok
25783,25181.2,25207.4,26.19,ok
25435,25150.5,25212.5,61.96,ok
13640,25168.7,25225.1,56.36,ok
17332,25153.2,25236.7,83.42,ok
5765,25236.7,25241.7,5.0,ok
26005,25207.4,25252.4,45.05,ok
10506,25212.5,25259.5,46.99,ok
17817,25252.4,25270.6,18.19,ok
11769,25259.5,25273.1,13.66,ok
7565,25225.1,25283.7,58.63,ok
25715,25270.6,25287.9,17.3,ok
20054,25283.7,25303.1,19.36,ok
13458,25273.1,25305.3,32.16,ok
7559,25305.3,25320.0,14.67,ok
17856,25303.1,25326.8,23.7,ok
26787,25241.7,25340.6,98.97,ok
15697,25287.9,25344.7,56.75,ok
3924,25320.0,25348.9,28.88,ok
2895,25326.8,25350.2,23.37,ok
9614,25350.2,25366.9,16.77,ok
25882,25344.7,25369.2,24.45,ok
26214,25348.9,25373.8,24.9,ok
26660,25366.9,25388.2,21.24,ok
4291,25388.2,25398.2,10.06,ok
26818,25398.2,25401.9,3.66,ok
26040,25369.2,25426.2,57.06,ok
25824,25401.9,25435.9,34.02,ok
26283,25426.2,25449.2,22.95,ok
26439,25449.2,25461.6,12.38,ok
14051,25461.6,25463.9,2.29,ok
9876,25435.9,25466.7,30.82,ok
25259,25373.8,25484.1,110.36,ok
25315,25466.7,25486.5,19.72,ok
26321,25463.9,25487.0,23.18,ok
10601,25486.5,25503.5,17.06,ok
26668,25503.5,25522.1,18.55,ok
4383,25522.1,25531.1,9.07,ok
26353,25487.0,25543.9,56.82,ok
26425,25543.9,25554.5,10.59,ok
22566,25554.5,25570.0,15.57,ok
6531,25531.1,25578.1,46.99,ok
25478,25570.0,25589.0,18.94,ok
15474,25484.1,25592.4,108.17,ok
25714,25592.4,25603.3,10.87,ok
24675,25603.3,25614.7,11.42,ok
9990,25589.0,25623.1,34.15,ok
8793,25623.1,25635.4,12.22,ok
17182,25578.1,25639.7,61.55,ok
25469,25635.4,25650.8,15.46,ok
25324,25650.8,25660.8,10.02,ok
7660,25660.8,25674.1,13.29,ok
16494,25614.7,25693.0,78.35,ok
26479,25693.0,25706.8,13.73,ok
15326,25674.1,25712.7,38.53,ok
11810,25706.8,25719.1,12.33,ok
18011,25712.7,25720.0,7.28,ok
14451,25639.7,25732.1,92.36,ok
10087,25732.1,25758.8,26.75,ok
18604,25720.0,25759.9,39.95,ok
19186,25759.9,25778.1,18.14,ok
11800,25778.1,25793.4,15.3,ok
14438,25793.4,25795.7,2.3,ok
17970,25795.7,25799.8,4.1,ok
15077,25799.8,25808.3,8.51,ok
26256,25808.3,25822.7,14.43,ok
15092,25822.7,25823.7,0.93,ok
15832,25823.7,25825.7,2.06,ok
15348,25825.7,25844.0,18.27,ok
25937,25844.0,25856.2,12.22,ok
10260,25856.2,25883.2,27.02,ok
11614,25719.1,25886.8,167.72,ok
10319,25758.8,25904.8,146.04,ok
10948,25886.8,25917.1,30.29,ok
3609,25340.6,25922.5,581.84,ok
16495,25883.2,25955.6,72.37,ok
14319,25922.5,25965.2,42.76,ok
26783,25965.2,25974.2,8.95,ok
25834,25974.2,25979.3,5.12,ok
23470,25917.1,25995.9,78.82,ok
10653,25979.3,26013.2,33.85,ok
18457,25995.9,26017.2,21.25,ok
26741,26013.2,26036.8,23.62,ok
25384,25955.6,26043.3,87.67,ok
25545,26017.2,26055.6,38.48,ok
10109,25904.8,26067.2,162.34,ok
26426,26067.2,26099.1,31.95,ok
18038,26036.8,26116.7,79.91,ok
17875,26055.6,26129.5,73.85,ok
26486,26116.7,26131.0,14.3,ok
7787,26131.0,26155.7,24.71,ok
11334,26155.7,26168.2,12.53,ok
25968,26168.2,26179.0,10.79,ok
15149,26099.1,26180.0,80.86,ok
3955,26043.3,26190.9,147.59,ok
22624,26179.0,26203.7,24.66,ok
15150,26129.5,26206.4,76.88,ok
25648,26190.9,26214.4,23.53,ok
14342,26203.7,26229.6,25.93,ok
16115,26206.4,26262.5,56.12,ok
26245,26214.4,26265.9,51.53,ok
11968,26180.0,26291.5,111.47,ok
26294,26265.9,26305.6,39.62,ok
25527,26291.5,26306.9,15.44,ok
25585,26306.9,26332.8,25.84,ok
9953,26332.8,26343.5,10.72,ok
9173,26229.6,26353.6,123.96,ok
12343,26343.5,26369.2,25.73,ok
9057,26262.5,26377.7,115.18,ok
23711,26305.6,26379.9,74.37,ok
25435,26353.6,26381.6,28.0,ok
26368,26369.2,26407.4,38.22,ok
26373,26379.9,26410.3,30.39,ok
26673,26381.6,26412.0,30.43,ok
26382,26410.3,26418.2,7.87,ok
10538,26407.4,26427.2,19.78,ok
26456,26427.2,26443.0,15.78,ok
25746,26443.0,26460.9,17.86,ok
25577,26460.9,26473.8,12.95,ok
7488,26412.0,26492.0,79.94,ok
7587,26492.0,26503.8,11.84,ok
11028,26503.8,26540.1,36.24,ok
26720,26540.1,26553.5,13.42,ok
12518,26377.7,26562.5,184.83,ok
25409,26562.5,26578.5,15.98,ok
10543,26418.2,26589.2,171.02,ok
6107,26473.8,26612.4,138.6,ok
26027,26578.5,26618.7,40.22,ok
26165,26612.4,26630.7,18.3,ok
10322,26589.2,26635.4,46.17,ok
11439,26630.7,26643.2,12.45,ok
14018,26643.2,26648.9,5.72,ok
26112,26648.9,26671.3,22.35,ok
8198,26635.4,26672.3,36.85,ok
26144,26671.3,26683.3,11.98,ok
4399,26683.3,26703.4,20.15,ok
7857,26703.4,26722.5,19.05,ok
11399,26618.7,26730.4,111.62,ok
11063,26722.5,26742.3,19.88,ok
26614,26742.3,26756.5,14.12,ok
26517,26756.5,26758.7,2.19,ok
26508,26672.3,26796.7,124.44,ok
12849,26553.5,26805.4,251.92,ok
8925,26805.4,26819.2,13.76,ok
25831,26819.2,26827.0,7.79,ok
25712,26827.0,26830.2,3.21,ok
13237,26830.2,26863.2,33.03,ok
11598,26730.4,26864.9,134.53,ok
17471,26796.7,26891.3,94.55,ok
26281,26863.2,26905.7,42.48,ok
25344,26905.7,26924.7,18.95,ok
15049,26864.9,26947.8,82.86,ok
26240,26947.8,26959.7,11.95,ok
9421,26891.3,26978.2,86.93,ok
18656,26924.7,26999.4,74.74,ok
25397,26758.7,27035.4,276.76,ok
25464,26978.2,27046.4,68.24,ok
10795,26999.4,27058.3,58.89,ok
6388,27035.4,27064.3,28.86,ok
8569,27046.4,27067.9,21.45,ok
26243,27064.3,27076.0,11.7,ok
25305,27067.9,27078.3,10.45,ok
4693,27058.3,27088.2,29.85,ok
13012,26959.7,27089.1,129.38,ok
9000,27076.0,27089.6,13.6,ok
4601,27078.3,27122.1,43.78,ok
26810,27089.6,27132.2,42.6,ok
14308,27122.1,27146.7,24.61,ok
6836,27146.7,27155.7,8.97,ok
9547,27088.2,27177.7,89.53,ok
25425,27177.7,27193.1,15.43,ok
26520,27089.1,27194.9,105.79,ok
26263,27194.9,27208.4,13.51,ok
25498,27132.2,27210.3,78.13,ok
5794,27155.7,27231.4,75.63,ok
12950,27210.3,27233.3,22.95,ok
25320,27208.4,27237.2,28.76,ok
11555,27193.1,27241.8,48.56,ok
26637,27231.4,27250.4,19.07,ok
25788,27233.3,27260.6,27.28,ok
9618,27260.6,27282.8,22.21,ok
14674,27282.8,27291.4,8.57,ok
12889,27237.2,27303.6,66.42,ok
26752,27291.4,27313.6,22.19,ok
15015,27313.6,27334.7,21.15,ok
25629,27250.4,27338.8,88.35,ok
15014,27241.8,27358.4,116.66,ok
25470,27358.4,27374.7,16.25,ok
11822,27334.7,27379.2,44.48,ok
25934,27338.8,27381.1,42.33,ok
12102,27374.7,27401.1,26.38,ok
12050,27401.1,27404.3,3.27,ok
26712,27404.3,27407.4,3.06,ok
26496,27407.4,27421.8,14.45,ok
10001,27421.8,27440.1,18.28,ok
25977,27303.6,27458.4,154.8,ok
14738,27458.4,27475.9,17.52,ok
26749,27379.2,27510.5,131.31,ok
25279,27440.1,27514.2,74.04,ok
7609,27381.1,27527.6,146.47,ok
7436,27527.6,27539.6,12.01,ok
25804,27514.2,27540.2,26.06,ok
7073,27475.9,27548.2,72.29,ok
26276,27548.2,27555.2,6.96,ok
11482,27539.6,27562.9,23.26,ok
26805,27555.2,27566.9,11.76,ok
14569,27510.5,27579.3,68.77,ok
17168,27540.2,27591.9,51.66,ok
10073,27579.3,27604.9,25.63,ok
13805,27604.9,27620.6,15.7,ok
12381,27591.9,27633.8,41.88,ok
25871,27633.8,27647.5,13.67,ok
25631,27562.9,27649.1,86.21,ok
15010,27620.6,27656.5,35.85,ok
14904,27649.1,27668.6,19.42,ok
14203,27647.5,27669.0,21.48,ok
8309,27669.0,27684.7,15.71,ok
11512,27684.7,27719.2,34.49,ok
15906,27566.9,27738.7,171.75,ok
12305,27719.2,27741.5,22.35,ok
13216,27656.5,27755.9,99.44,ok
26327,27741.5,27767.8,26.26,ok
25467,27738.7,27804.3,65.6,ok
26324,27804.3,27813.7,9.35,ok
5216,27755.9,27819.9,63.95,ok
26025,27767.8,27828.3,60.5,ok
12982,27813.7,27831.0,17.33,ok
26115,27668.6,27864.0,195.44,ok
25885,27864.0,27877.6,13.56,ok
10075,27828.3,27882.4,54.11,ok
26718,27877.6,27891.7,14.13,ok
11082,27882.4,27915.3,32.9,ok
15243,27891.7,27916.9,25.18,ok
11729,27819.9,27941.4,121.5,ok
14075,27941.4,27943.3,1.94,ok
25445,27831.0,27957.6,126.6,ok
26210,27916.9,27962.7,45.76,ok
26608,27962.7,27976.6,13.91,ok
17034,27943.3,27991.0,47.64,ok
11964,27976.6,28002.3,25.77,ok
5069,27991.0,28004.8,13.84,ok
17922,27915.3,28015.4,100.09,ok
26067,28015.4,28031.5,16.12,ok
26813,28004.8,28036.6,31.76,ok
10229,28036.6,28054.1,17.46,ok
11778,28054.1,28066.5,12.42,ok
26414,28002.3,28067.2,64.9,ok
5114,28031.5,28068.1,36.57,ok
15078,28067.2,28088.3,21.09,ok
4741,28066.5,28099.2,32.73,ok
26022,28088.3,28128.5,40.11,ok
6373,28128.5,28138.2,9.74,ok
26658,28068.1,28161.3,93.19,ok
8812,28138.2,28169.3,31.07,ok
25752,28099.2,28169.8,70.58,ok
11844,27957.6,28170.0,212.37,ok
26201,28161.3,28222.4,61.08,ok
26710,28169.8,28257.9,88.11,ok
25409,28257.9,28274.0,16.13,ok
19186,28222.4,28292.1,69.65,ok
13132,28169.3,28298.8,129.53,ok
26752,28298.8,28314.1,15.31,ok
17817,28292.1,28316.4,24.32,ok
26245,28274.0,28324.5,50.49,ok
12889,28314.1,28370.0,55.87,ok
10601,28370.0,28379.3,9.31,ok
25885,28379.3,28393.3,13.97,ok
25464,28316.4,28405.3,88.92,ok
11399,28324.5,28424.6,100.03,ok
26522,28170.0,28435.0,265.05,ok
25977,28393.3,28451.8,58.5,ok
9990,28435.0,28456.5,21.49,ok
2895,28451.8,28480.4,28.57,ok
10543,28456.5,28486.1,29.55,ok
26240,28480.4,28504.5,24.03,ok
26720,28504.5,28518.0,13.53,ok
12050,28518.0,28521.6,3.55,ok
25259,28424.6,28525.4,100.86,ok
10322,28486.1,28539.8,53.69,ok
7787,28521.6,28546.8,25.26,ok
10229,28539.8,28565.4,25.57,ok
13640,28546.8,28586.4,39.54,ok
17332,28525.4,28607.0,81.52,ok
4693,28586.4,28608.4,22.02,ok
7587,28608.4,28625.9,17.52,ok
14569,28625.9,28659.9,33.92,ok
17922,28565.4,28671.5,106.19,ok
25871,28659.9,28674.0,14.12,ok
14018,28674.0,28680.4,6.4,ok
26813,28671.5,28692.4,20.82,ok
12305,28680.4,28696.4,15.95,ok
25324,28696.4,28706.7,10.36,ok
25746,28692.4,28720.0,27.65,ok
11810,28720.0,28746.8,26.75,ok
26660,28746.8,28764.2,17.47,ok
26263,28764.2,28775.9,11.69,ok
25648,28775.9,28792.5,16.51,ok
26115,28607.0,28807.6,200.67,ok
25804,28807.6,28820.5,12.86,ok
9057,28706.7,28832.7,125.96,ok
10653,28820.5,28861.9,41.34,ok
6373,28861.9,28872.6,10.73,ok
9953,28872.6,28883.4,10.83,ok
22566,28883.4,28901.0,17.54,ok
26749,28792.5,28916.5,124.05,ok
10001,28916.5,28932.3,15.82,ok
25714,28932.3,28942.8,10.5,ok
25445,28832.7,28955.6,122.92,ok
3609,28405.3,28956.7,551.36,ok
25435,28901.0,28973.0,72.06,ok
25577,28973.0,28986.3,13.25,ok
7488,28942.8,29011.5,68.65,ok
25315,29011.5,29021.5,10.0,ok
15015,28986.3,29033.9,47.63,ok
15014,28955.6,29045.3,89.75,ok
26668,29021.5,29050.7,29.22,ok
13458,29033.9,29054.2,20.24,ok
26712,29054.2,29058.8,4.65,ok
26710,28956.7,29068.2,111.5,ok
7073,29058.8,29093.7,34.91,ok
17471,29068.2,29098.5,30.34,ok
15474,29045.3,29104.2,58.76,ok
11512,29093.7,29112.8,19.06,ok
6388,29098.5,29120.6,22.02,ok
4601,29104.2,29135.7,31.55,ok
25279,29050.7,29136.1,85.35,ok
26027,29120.6,29148.8,28.22,ok
23470,29112.8,29159.7,46.92,ok
6836,29159.7,29169.0,9.28,ok
11555,29135.7,29186.3,50.49,ok
26673,29148.8,29190.4,41.6,ok
25585,29169.0,29190.9,21.95,ok
10538,29190.4,29201.2,10.81,ok
14674,29190.9,29207.6,16.7,ok
26608,29201.2,29214.1,12.89,ok
7609,29136.1,29220.6,84.54,ok
26112,29186.3,29223.7,37.36,ok
12982,29214.1,29226.7,12.64,ok
14342,29207.6,29231.0,23.37,ok
4291,29220.6,29234.4,13.76,ok
26144,29231.0,29242.9,11.9,ok
26368,29223.7,29260.3,36.63,ok
25344,29242.9,29278.5,35.61,ok
25545,29260.3,29279.7,19.39,ok
7436,29278.5,29292.8,14.29,ok
25384,29226.7,29301.2,74.46,ok
25882,29279.7,29308.8,29.1,ok
7857,29308.8,29323.5,14.65,ok
4399,29301.2,29327.1,25.93,ok
26005,29292.8,29329.3,36.49,ok
25498,29327.1,29388.6,61.46,ok
18604,29329.3,29398.3,68.93,ok
26486,29388.6,29401.6,12.99,ok
26805,29401.6,29418.7,17.1,ok
11844,29234.4,29419.3,184.9,ok
14904,29398.3,29420.7,22.45,ok
26165,29419.3,29441.3,22.02,ok
25425,29441.3,29458.9,17.6,ok
14075,29458.9,29460.8,1.89,ok
9421,29460.8,29523.8,62.99,ok
25397,29323.5,29536.2,212.73,ok
26508,29420.7,29548.3,127.55,ok
26281,29523.8,29548.6,24.8,ok
3955,29418.7,29550.3,131.6,ok
25834,29548.6,29556.0,7.43,ok
10319,29536.2,29568.5,32.21,ok
9618,29550.3,29578.6,28.32,ok
10073,29556.0,29581.9,25.91,ok
14319,29578.6,29625.9,47.28,ok
10795,29581.9,29626.5,44.6,ok
25788,29626.5,29633.8,7.24,ok
25831,29633.8,29643.0,9.19,ok
5794,29548.3,29658.6,110.32,ok
15326,29625.9,29660.8,34.87,ok
11028,29643.0,29681.7,38.78,ok
11334,29660.8,29683.2,22.43,ok
26818,29681.7,29686.5,4.72,ok
9876,29686.5,29703.2,16.77,ok
25631,29568.5,29705.5,137.08,ok
11082,29683.2,29724.1,40.93,ok
11778,29703.2,29726.3,23.01,ok
26456,29726.3,29741.5,15.21,ok
26256,29724.1,29757.6,33.5,ok
26810,29757.6,29768.2,10.53,ok
17182,29705.5,29783.3,77.75,ok
26022,29741.5,29785.0,43.52,ok
26353,29658.6,29794.5,135.91,ok
9614,29783.3,29798.9,15.57,ok
26214,29794.5,29819.2,24.71,ok
26414,29785.0,29845.6,60.62,ok
17875,29798.9,29846.1,47.26,ok
23711,29768.2,29877.2,109.05,ok
26040,29819.2,29893.0,73.74,ok
15243,29893.0,29919.1,26.18,ok
17168,29877.2,29923.3,46.09,ok
8925,29923.3,29937.3,13.94,ok
12343,29919.1,29941.4,22.27,ok
25470,29941.4,29960.8,19.33,ok
5069,29960.8,29975.4,14.67,ok
26787,29846.1,29986.7,140.54,ok
4741,29937.3,29988.1,50.83,ok
25469,29986.7,30005.0,18.34,ok
9173,29845.6,30020.1,174.53,ok
26321,30020.1,30035.1,14.92,ok
25478,30035.1,30050.0,14.94,ok
16115,29975.4,30070.7,95.26,ok
12381,30070.7,30108.4,37.67,ok
18038,30050.0,30116.4,66.35,ok
26479,30116.4,30128.8,12.44,ok
16495,29988.1,30140.4,152.34,ok
10109,30005.0,30153.4,148.36,ok
8569,30140.4,30162.9,22.45,ok
13237,30108.4,30179.5,71.16,ok
26294,30128.8,30180.7,51.9,ok
8198,30153.4,30184.5,31.11,ok
17970,30179.5,30185.4,5.86,ok
26276,30185.4,30195.8,10.43,ok
26783,30195.8,30205.7,9.88,ok
25712,30205.7,30209.0,3.25,ok
18011,30209.0,30215.9,6.88,ok
26327,30180.7,30230.7,50.01,ok
25934,30184.5,30240.9,56.42,ok
26426,30240.9,30271.6,30.64,ok
10087,30230.7,30285.2,54.45,ok
5765,30285.2,30290.4,5.18,ok
26496,30290.4,30305.0,14.62,ok
11598,30162.9,30324.8,161.93,ok
5114,30305.0,30336.1,31.08,ok
25715,30324.8,30341.9,17.04,ok
13012,30215.9,30352.8,136.97,ok
18656,30271.6,30360.5,88.94,ok
14308,30336.1,30365.7,29.6,ok
11439,30352.8,30368.2,15.36,ok
26425,30368.2,30396.3,28.09,ok
14738,30365.7,30410.7,45.01,ok
8812,30360.5,30410.8,50.27,ok
3924,30396.3,30425.6,29.31,ok
17856,30410.7,30429.3,18.55,ok
25527,30429.3,30448.6,19.31,ok
13132,30341.9,30480.0,138.16,ok
15150,30425.6,30491.4,65.8,ok
24675,30480.0,30493.2,13.11,ok
11729,30410.8,30498.5,87.68,ok
25467,30448.6,30508.6,59.97,ok
15832,30491.4,30516.5,25.02,ok
11614,30493.2,30527.3,34.13,ok
26283,30508.6,30533.3,24.74,ok
12950,30516.5,30545.0,28.57,ok
26382,30545.0,30548.0,3.02,ok
26520,30498.5,30552.6,54.11,ok
22624,30527.3,30556.4,29.07,ok
10506,30533.3,30566.1,32.77,ok
15078,30548.0,30571.5,23.43,ok
14051,30556.4,30580.1,23.72,ok
7559,30566.1,30583.6,17.51,ok
4383,30571.5,30585.0,13.48,ok
26067,30585.0,30609.6,24.66,ok
26373,30609.6,30622.2,12.58,ok
26439,30622.2,30638.6,16.4,ok
11822,30583.6,30641.4,57.77,ok
16494,30552.6,30655.0,102.46,ok
25968,30655.1,30665.9,10.81,ok
26243,30641.4,30680.9,39.54,ok
26025,30580.1,30684.9,104.84,ok
26637,30680.9,30708.1,27.18,ok
10075,30665.9,30708.8,42.95,ok
25783,30684.9,30720.3,35.37,ok
12102,30708.8,30722.0,13.19,ok
20054,30708.1,30726.5,18.42,ok
26517,30726.5,30733.8,7.25,ok
26741,30722.0,30749.0,27.01,ok
26210,30720.3,30755.8,35.53,ok
15906,30638.6,30766.6,127.98,ok
11769,30766.6,30780.4,13.81,ok
25320,30749.0,30785.0,35.92,ok
13805,30755.8,30801.9,46.07,ok
7565,30785.0,30844.1,59.14,ok
14451,30733.8,30853.3,119.47,ok
5216,30780.4,30872.7,92.32,ok
26658,30801.9,30878.0,76.11,ok
8309,30878.0,30889.5,11.49,ok
11482,30872.7,30896.4,23.67,ok
15049,30853.3,30902.6,49.35,ok
10948,30896.4,30920.9,24.52,ok
7660,30920.9,30934.7,13.74,ok
15149,30889.5,30940.9,51.43,ok
11063,30844.1,30946.4,102.23,ok
18457,30934.7,30960.4,25.73,ok
25937,30960.4,30978.3,17.9,ok
8793,30978.3,30990.6,12.3,ok
17034,30940.9,31012.0,71.06,ok
14203,30990.6,31017.6,26.97,ok
26614,31017.6,31032.1,14.51,ok
25824,31032.1,31046.3,14.21,ok
13216,30946.4,31112.6,166.25,ok
26522,30902.6,31140.9,238.27,ok
11968,31046.3,31144.7,98.4,ok
26324,31140.9,31149.5,8.64,ok
9000,31149.5,31163.4,13.87,ok
11964,31144.7,31168.0,23.25,ok
25305,31163.4,31171.2,7.77,ok
25752,31112.6,31198.3,85.68,ok
12849,31012.0,31200.6,188.61,ok
15092,31198.3,31222.9,24.62,ok
14438,31222.9,31243.1,20.21,ok
15348,31200.6,31251.9,51.33,ok
10260,31171.2,31270.6,99.41,ok
12518,31168.0,31270.7,102.7,ok
9547,31251.9,31312.3,60.35,ok
15010,31243.1,31314.0,70.82,ok
6531,31312.3,31322.9,10.59,ok
15077,31314.0,31339.4,25.46,ok
25629,31270.7,31344.4,73.71,ok
11800,31322.9,31367.6,44.68,ok
26718,31367.6,31380.4,12.86,ok
26201,31339.4,31382.1,42.65,ok
6107,31270.6,31383.9,113.28,ok
15697,31344.4,31386.4,42.02,ok
