qid,arrival,start,finish,serial_runtime,wait_time,n_concurrent,overlapping_ids
10003,4.7,4.69,31.29,26.6,0,0,
10015,34.8,34.79,102.99,68.2,0,9,10058;10068;10073;10075;1008;10083;10091;10211;10218
10058,48.0,47.96,53.61,5.65,0,1,10015
10068,57.1,57.09,57.56,0.46,0,1,10015
10073,58.8,58.79,80.39,21.6,0,3,10015;10075;1008
10075,60.5,60.48,79.28,18.8,0,3,10015;10073;1008
1008,61.1,61.08,69.92,8.84,0,3,10015;10073;10075
10083,81.2,81.19,90.45,9.26,0,2,10015;10091
10091,90.4,90.38,108.18,17.8,0,4,10015;10083;10211;10218
10211,102.7,102.7,130.0,27.3,0,3,10015;10091;10218
10218,102.9,102.91,127.01,24.1,0,3,10015;10091;10211
10229,137.9,137.94,149.34,11.4,0,0,
10234,155.8,155.8,157.88,2.08,0,0,
10237,158.2,158.19,296.19,138.0,0,18,10242;10243;10257;10262;10294;10316;10335;10361;10368;10391;10399;10450;10506;10521;1054;10555;10606;10610
10242,160.2,160.2,183.5,23.3,0,5,10237;10243;10257;10262;10294
10243,162.2,162.22,168.59,6.37,0,3,10237;10242;10257
10257,165.9,165.85,166.97,1.12,0,3,10237;10242;10243
10262,173.3,173.29,579.09,405.8,0,43,10237;10242;10294;10316;10335;10361;10368;10391;10399;10450;10506;10521;1054;10555;10606;10610;10645;10664;10678;10682;10711;10759;10817;10828;10829;10833;10861;10866;10990;10991;11063;11100;11144;11154;11156;11160;11193;11210;11289;11345;11358;11439;11467
10294,178.9,178.95,219.05,40.1,0,4,10237;10242;10262;10316
10316,182.4,183.5,235.8,52.3,1.11,5,10237;10262;10294;10335;10361
10335,191.9,219.05,220.06,1.01,27.19,3,10237;10262;10316
10361,193.4,220.06,237.96,17.9,26.7,4,10237;10262;10316;10368
10368,196.8,235.8,238.31,2.51,38.99,4,10237;10262;10361;10391
10391,201.4,237.96,250.96,13.0,36.58,4,10237;10262;10368;10399
10399,207.5,238.31,280.21,41.9,30.85,8,10237;10262;10391;10450;10506;10521;1054;10555
10450,222.8,250.96,252.26,1.3,28.12,3,10237;10262;10399
10506,225.1,252.26,265.76,13.5,27.19,3,10237;10262;10399
10521,232.3,265.76,268.68,2.92,33.47,3,10237;10262;10399
1054,241.3,268.68,279.88,11.2,27.41,3,10237;10262;10399
10555,241.7,279.88,285.2,5.32,38.14,4,10237;10262;10399;10606
10606,251.1,280.21,301.21,21.0,29.12,6,10237;10262;10555;10610;10645;10664
10610,253.0,285.2,301.0,15.8,32.23,5,10237;10262;10606;10645;10664
10645,253.6,296.19,297.77,1.58,42.56,3,10262;10606;10610
10664,283.4,297.77,368.87,71.1,14.4,10,10262;10606;10610;10678;10682;10711;10759;10817;10828;10829
10678,317.1,317.08,366.88,49.8,0,7,10262;10664;10682;10711;10759;10817;10828
10682,333.6,333.6,341.33,7.73,0,3,10262;10664;10678
10711,337.2,341.33,343.24,1.91,4.1,3,10262;10664;10678
10759,338.3,343.24,348.17,4.93,4.98,3,10262;10664;10678
10817,349.8,349.79,351.11,1.32,0,3,10262;10664;10678
10828,355.6,355.59,469.89,114.3,0,12,10262;10664;10678;10829;10833;10861;10866;10990;10991;11063;11100;11144
10829,356.9,366.88,387.98,21.1,9.99,4,10262;10664;10828;10833
10833,363.7,368.87,440.37,71.5,5.14,6,10262;10828;10829;10861;10866;10990
10861,364.1,387.98,413.78,25.8,23.9,3,10262;10828;10833
10866,388.1,413.78,419.54,5.76,25.7,3,10262;10828;10833
10990,391.1,419.54,460.44,40.9,28.46,5,10262;10828;10833;10991;11063
10991,401.9,440.37,457.87,17.5,38.43,3,10262;10828;10990
11063,405.7,457.87,627.67,169.8,52.2,23,10262;10828;10990;11100;11144;11154;11156;11160;11193;11210;11289;11345;11358;11439;11467;11469;11471;11487;11547;11556;11584;11598;11700
11100,413.0,460.44,462.47,2.03,47.42,3,10262;10828;11063
11144,420.9,462.47,485.47,23.0,41.54,4,10262;10828;11063;11154
11154,423.0,469.89,492.69,22.8,46.92,5,10262;11063;11144;11156;11160
11156,457.9,485.47,490.53,5.06,27.57,3,10262;11063;11154
11160,472.8,490.53,497.09,6.56,17.71,3,10262;11063;11154
11193,500.9,500.87,530.17,29.3,0,3,10262;11063;11210
11210,523.4,523.4,570.1,46.7,0,7,10262;11063;11193;11289;11345;11358;11439
11289,532.5,532.51,534.64,2.13,0,3,10262;11063;11210
11345,558.0,558.0,564.2,6.2,0,3,10262;11063;11210
11358,558.9,564.2,568.22,4.02,5.27,3,10262;11063;11210
11439,561.1,568.22,586.82,18.6,7.11,5,10262;11063;11210;11467;11469
11467,561.6,570.1,600.0,29.9,8.52,6,10262;11063;11439;11469;11471;11487
11469,565.5,579.09,602.39,23.3,13.59,6,11063;11439;11467;11471;11487;11547
11471,570.4,586.82,599.62,12.8,16.39,3,11063;11467;11469
11487,573.6,599.62,607.88,8.26,26.03,5,11063;11467;11469;11547;11556
11547,591.2,600.0,625.5,25.5,8.76,6,11063;11469;11487;11556;11584;11598
11556,595.7,602.39,712.49,110.1,6.74,8,11063;11487;11547;11584;11598;11700;11703;11717
11584,598.9,607.88,612.65,4.77,8.93,3,11063;11547;11556
11598,606.8,612.65,638.15,25.5,5.88,5,11063;11547;11556;11700;11703
11700,608.3,625.5,844.4,218.9,17.2,15,11063;11556;11598;11703;11717;11719;11740;11777;11825;11883;11919;11944;11959;11968;12019
11703,624.5,627.67,834.17,206.5,3.17,9,11556;11598;11700;11717;11719;11740;11777;11825;11883
11717,625.3,638.15,855.75,217.6,12.88,14,11556;11700;11703;11719;11740;11777;11825;11883;11919;11944;11959;11968;12019;12023
11719,668.6,712.49,756.49,44.0,43.88,3,11700;11703;11717
11740,683.4,756.49,777.39,20.9,73.08,3,11700;11703;11717
11777,685.6,777.39,800.89,23.5,91.77,3,11700;11703;11717
11825,685.7,800.89,821.89,21.0,115.21,3,11700;11703;11717
11883,702.6,821.89,835.69,13.8,119.31,4,11700;11703;11717;11919
11919,714.8,834.17,842.13,7.96,119.32,6,11700;11717;11883;11944;11959;11968
11944,727.9,835.69,836.01,0.32,107.79,3,11700;11717;11919
11959,742.7,836.01,837.69,1.68,93.36,3,11700;11717;11919
11968,743.4,837.69,863.19,25.5,94.27,7,11700;11717;11919;12019;12023;12096;121
12019,747.9,842.13,881.63,39.5,94.27,8,11700;11717;11968;12023;12096;121;12161;12175
12023,749.1,844.4,871.6,27.2,95.3,6,11717;11968;12019;12096;121;12161
12096,769.0,855.75,857.85,2.1,86.77,3,11968;12019;12023
121,778.7,857.85,902.45,44.6,79.1,12,11968;12019;12023;12161;12175;12195;12196;12212;12232;1227;12285;12297
12161,782.8,863.19,895.29,32.1,80.43,9,12019;12023;121;12175;12195;12196;12212;12232;1227
12175,783.4,871.6,882.4,10.8,88.17,4,12019;121;12161;12195
12195,787.1,881.63,888.77,7.14,94.49,5,121;12161;12175;12196;12212
12196,791.1,882.4,886.47,4.07,91.32,3,121;12161;12195
12212,804.2,886.47,907.57,21.1,82.31,9,121;12161;12195;12232;1227;12285;12297;12343;12398
12232,814.3,888.77,891.56,2.79,74.47,3,121;12161;12212
1227,836.1,891.56,900.2,8.64,55.43,4,121;12161;12212;12285
12285,842.5,895.29,928.79,33.5,52.77,12,121;12212;1227;12297;12343;12398;12431;12477;12511;12585;12589;12613
12297,843.8,900.2,942.7,42.5,56.41,13,121;12212;12285;12343;12398;12431;12477;12511;12585;12589;12613;12646;12647
12343,856.3,902.45,904.36,1.91,46.17,3,12212;12285;12297
12398,870.6,904.36,909.41,5.05,33.77,4,12212;12285;12297;12431
12431,878.8,907.57,910.86,3.29,28.74,4,12285;12297;12398;12477
12477,893.6,909.41,911.05,1.64,15.84,4,12285;12297;12431;12511
12511,900.4,910.86,934.66,23.8,10.48,7,12285;12297;12477;12585;12589;12613;12646
12585,907.8,911.05,921.65,10.6,3.28,3,12285;12297;12511
12589,913.3,921.65,922.79,1.14,8.3,3,12285;12297;12511
12613,913.6,922.79,962.19,39.4,9.18,8,12285;12297;12511;12646;12647;12664;12694;12716
12646,914.7,928.79,1014.29,85.5,14.05,11,12297;12511;12613;12647;12664;12694;12716;12735;12744;12805;12827
12647,915.1,934.66,946.46,11.8,19.59,4,12297;12613;12646;12664
12664,925.2,942.7,973.2,30.5,17.52,6,12613;12646;12647;12694;12716;12735
12694,929.0,946.46,951.59,5.13,17.5,3,12613;12646;12664
12716,936.1,951.59,1027.29,75.7,15.52,10,12613;12646;12664;12735;12744;12805;12827;12877;12889;12959
12735,959.9,962.19,1013.39,51.2,2.31,5,12646;12664;12716;12744;12805
12744,962.7,973.2,986.4,13.2,10.46,3,12646;12716;12735
12805,968.0,986.4,1015.5,29.1,18.38,5,12646;12716;12735;12827;12877
12827,982.1,1013.39,1022.07,8.68,31.28,5,12646;12716;12805;12877;12889
12877,984.7,1014.29,1032.09,17.8,29.58,7,12716;12805;12827;12889;12959;13009;1303
12889,985.5,1015.5,1032.0,16.5,29.99,5,12716;12827;12877;12959;13009
12959,988.9,1022.07,1088.77,66.7,33.14,10,12716;12877;12889;13009;1303;13050;13110;13162;13172;13187
13009,990.7,1027.29,1037.69,10.4,36.59,5,12877;12889;12959;1303;13050
1303,1017.2,1032.0,1042.7,10.7,14.76,4,12877;12959;13009;13050
13050,1033.8,1033.75,1098.45,64.7,0,7,12959;13009;1303;13110;13162;13172;13187
13110,1043.8,1043.79,1073.99,30.2,0,3,12959;13050;13162
13162,1064.3,1064.3,1065.62,1.32,0,3,12959;13050;13110
13172,1080.6,1080.58,1108.88,28.3,0,4,12959;13050;13187;13213
13187,1082.6,1082.65,1083.76,1.11,0,3,12959;13050;13172
13213,1105.0,1104.95,1126.35,21.4,0,2,13172;13268
13268,1112.7,1112.7,1114.15,1.45,0,1,13213
13360,1129.2,1129.18,1135.75,6.57,0,0,
13382,1151.8,1151.82,1235.62,83.8,0,10,13417;13465;13479;13483;13490;13493;13499;13575;13597;13674
13417,1155.6,1155.65,1160.67,5.02,0,3,13382;13465;13479
13465,1156.8,1156.81,1167.61,10.8,0,4,13382;13417;13479;13483
13479,1159.4,1159.4,1166.55,7.15,0,4,13382;13417;13465;13483
13483,1165.0,1164.97,1167.26,2.29,0,3,13382;13465;13479
13490,1182.0,1182.01,1184.81,2.8,0,1,13382
13493,1201.7,1201.72,1759.92,558.2,0,64,13382;13499;13575;13597;13674;13790;13805;13814;13826;13838;13868;13902;13912;13920;13925;13932;13940;1396;13976;14018;14051;14063;14119;14129;14155;14160;14194;14199;14203;14222;14238;14313;14315;14333;14370;14409;14450;14468;14569;14587;14610;14628;14691;14695;14706;1473;14744;14753;14759;14789;14848;14850;14854;14855;1486;14898;14951;14972;14996;15015;15046;15077;15192;15204
13499,1201.8,1201.79,1211.61,9.82,0,3,13382;13493;13575
13575,1208.9,1208.94,1210.98,2.04,0,3,13382;13493;13499
13597,1214.3,1214.34,1253.04,38.7,0,6,13382;13493;13674;13790;13805;13814
13674,1216.9,1216.86,1238.16,21.3,0,5,13382;13493;13597;13790;13805
13790,1218.1,1235.62,1237.49,1.87,17.49,3,13493;13597;13674
13805,1222.3,1237.49,1280.09,42.6,15.24,6,13493;13597;13674;13814;13826;13838
13814,1250.9,1250.88,1254.59,3.71,0,3,13493;13597;13805
13826,1254.8,1254.79,1381.79,127.0,0,11,13493;13805;13838;13868;13902;13912;13920;13925;13932;13940;1396
13838,1262.1,1262.1,1285.5,23.4,0,4,13493;13805;13826;13868
13868,1274.2,1280.09,1309.49,29.4,5.85,4,13493;13826;13838;13902
13902,1278.8,1285.5,1287.64,2.14,6.74,3,13493;13826;13868
13912,1314.4,1314.44,1315.76,1.32,0,2,13493;13826
13920,1347.3,1347.26,1373.76,26.5,0,4,13493;13826;13925;13932
13925,1350.2,1350.16,1373.06,22.9,0,3,13493;13826;13920
13932,1357.0,1373.06,1413.66,40.6,16.02,11,13493;13826;13920;13940;1396;13976;14018;14051;14063;14119;14129
13940,1360.6,1373.76,1376.11,2.35,13.14,3,13493;13826;13932
1396,1364.0,1376.11,1386.41,10.3,12.14,4,13493;13826;13932;13976
13976,1364.3,1381.79,1386.78,4.99,17.44,4,13493;13932;1396;14018
14018,1373.7,1386.41,1392.05,5.64,12.66,5,13493;13932;13976;14051;14063
14051,1380.7,1386.78,1388.78,2.0,6.04,3,13493;13932;14018
14063,1381.3,1388.78,1437.68,48.9,7.51,8,13493;13932;14018;14119;14129;14155;14160;14194
14119,1384.5,1392.05,1401.33,9.28,7.52,3,13493;13932;14063
14129,1408.4,1408.42,1447.72,39.3,0,6,13493;13932;14063;14155;14160;14194
14155,1411.2,1413.66,1419.57,5.91,2.5,3,13493;14063;14129
14160,1412.7,1419.57,1422.15,2.58,6.85,3,13493;14063;14129
14194,1419.4,1422.15,1425.01,2.86,2.71,3,13493;14063;14129
14199,1461.9,1461.89,1483.89,22.0,0,3,13493;14203;14222
14203,1464.7,1464.66,1467.14,2.48,0,2,13493;14199
14222,1475.8,1475.81,1480.67,4.86,0,2,13493;14199
14238,1490.1,1490.15,1582.35,92.2,0,10,13493;14313;14315;14333;14370;14409;14450;14468;14569;14587
14313,1492.9,1492.86,1496.82,3.96,0,2,13493;14238
14315,1505.9,1505.89,1521.19,15.3,0,4,13493;14238;14333;14370
14333,1510.5,1510.47,1516.59,6.12,0,3,13493;14238;14315
14370,1520.5,1520.48,1531.48,11.0,0,4,13493;14238;14315;14409
14409,1530.5,1530.52,1532.91,2.39,0,3,13493;14238;14370
14450,1538.2,1538.19,1601.49,63.3,0,6,13493;14238;14468;14569;14587;14610
14468,1539.1,1539.14,1565.34,26.2,0,3,13493;14238;14450
14569,1557.2,1565.34,1580.54,15.2,8.16,3,13493;14238;14450
14587,1561.0,1580.54,1669.74,89.2,19.5,12,13493;14238;14450;14610;14628;14691;14695;14706;1473;14744;14753;14759
14610,1563.1,1582.35,1605.75,23.4,19.24,4,13493;14450;14587;14628
14628,1563.5,1601.49,1621.19,19.7,37.97,7,13493;14587;14610;14691;14695;14706;1473
14691,1572.5,1605.75,1608.96,3.21,33.29,3,13493;14587;14628
14695,1583.8,1608.96,1613.35,4.39,25.18,3,13493;14587;14628
14706,1583.9,1613.35,1621.18,7.83,29.4,3,13493;14587;14628
1473,1591.1,1621.18,1720.98,99.8,30.06,16,13493;14587;14628;14744;14753;14759;14789;14848;14850;14854;14855;1486;14898;14951;14972;14996
14744,1593.7,1621.19,1623.68,2.49,27.5,3,13493;14587;1473
14753,1604.1,1623.68,1666.88,43.2,19.63,3,13493;14587;1473
14759,1606.0,1666.88,1676.98,10.1,60.91,4,13493;14587;1473;14789
14789,1617.7,1669.74,1696.24,26.5,52.03,9,13493;1473;14759;14848;14850;14854;14855;1486;14898
14848,1622.6,1676.98,1685.87,8.89,54.38,3,13493;1473;14789
14850,1650.2,1685.87,1686.89,1.02,35.67,3,13493;1473;14789
14854,1651.7,1686.89,1688.81,1.92,35.21,3,13493;1473;14789
14855,1655.9,1688.81,1689.57,0.76,32.96,3,13493;1473;14789
1486,1657.1,1689.57,1694.15,4.58,32.52,3,13493;1473;14789
14898,1682.9,1694.15,1696.82,2.67,11.23,3,13493;1473;14789
14951,1703.9,1703.9,1726.4,22.5,0,4,13493;1473;14972;14996
14972,1706.9,1706.89,1711.68,4.79,0,3,13493;1473;14951
14996,1717.7,1717.67,1787.37,69.7,0,9,13493;1473;14951;15015;15046;15077;15192;15204;15259
15015,1734.7,1734.67,1745.47,10.8,0,3,13493;14996;15046
15046,1742.8,1742.77,1751.17,8.4,0,4,13493;14996;15015;15077
15077,1750.3,1750.31,1758.64,8.33,0,4,13493;14996;15046;15192
15192,1753.1,1753.08,1758.87,5.79,0,4,13493;14996;15077;15204
15204,1754.1,1758.64,1803.44,44.8,4.58,5,13493;14996;15192;15259;15351
15259,1776.8,1776.81,1782.31,5.5,0,2,14996;15204
15351,1799.9,1799.88,1819.88,20.0,0,4,15204;15409;15436;15503
15409,1809.9,1809.9,1830.4,20.5,0,3,15351;15436;15503
15436,1814.0,1814.04,1815.82,1.78,0,2,15351;15409
15503,1818.3,1818.34,1875.34,57.0,0,4,15351;15409;15540;15561
15540,1831.3,1831.29,1838.79,7.5,0,1,15503
15561,1854.0,1854.03,1855.71,1.68,0,1,15503
15563,1875.8,1875.84,1878.9,3.06,0,0,
15567,1891.0,1890.97,1892.82,1.85,0,0,
15615,1901.2,1901.25,1911.65,10.4,0,2,15662;15678
15662,1902.1,1902.12,1904.4,2.28,0,2,15615;15678
15678,1903.9,1903.89,1906.03,2.14,0,2,15615;15662
15679,1926.8,1926.77,1957.17,30.4,0,6,15697;15728;15747;15792;15832;15864
15697,1936.1,1936.1,1953.6,17.5,0,6,15679;15728;15747;15792;15832;15864
15728,1936.2,1936.19,1941.67,5.48,0,3,15679;15697;15747
15747,1937.3,1937.26,1938.31,1.05,0,3,15679;15697;15728
15792,1948.1,1948.15,1950.15,2.0,0,3,15679;15697;15832
15832,1948.2,1948.2,1950.21,2.01,0,4,15679;15697;15792;15864
15864,1950.0,1950.15,1958.94,8.79,0.2,4,15679;15697;15832;15906
15906,1957.9,1957.91,1983.51,25.6,0,4,15864;15973;16017;16059
15973,1969.7,1969.68,1972.62,2.94,0,1,15906
16017,1980.2,1980.24,1981.18,0.94,0,1,15906
16059,1982.8,1982.78,1983.72,0.94,0,1,15906
16119,1995.2,1995.23,2001.31,6.08,0,1,16206
16206,1997.9,1997.94,2000.75,2.81,0,1,16119
16257,2001.9,2001.88,2007.25,5.37,0,0,
16299,2015.6,2015.6,2064.3,48.7,0,4,16330;16347;164;16410
16330,2026.1,2026.09,2031.1,5.01,0,1,16299
16347,2045.0,2045.01,2050.98,5.97,0,1,16299
164,2055.7,2055.72,2086.92,31.2,0,6,16299;16410;16447;16461;16462;16494
16410,2064.1,2064.13,2105.03,40.9,0,6,16299;164;16447;16461;16462;16494
16447,2065.1,2065.11,2104.41,39.3,0,5,164;16410;16461;16462;16494
16461,2069.7,2069.69,2071.37,1.68,0,3,164;16410;16447
16462,2072.8,2072.77,2075.64,2.87,0,3,164;16410;16447
16494,2075.6,2075.64,2112.04,36.4,0.07,4,164;16410;16447;16519
16519,2111.7,2111.69,2113.65,1.96,0,1,16494
16563,2116.7,2116.69,2152.59,35.9,0,2,16612;16738
16612,2138.9,2138.95,2140.98,2.03,0,1,16563
16738,2148.9,2148.92,2149.98,1.06,0,1,16563
16751,2164.8,2164.76,2168.74,3.98,0,0,
16778,2171.7,2171.75,2172.71,0.97,0,0,
16846,2180.3,2180.35,2182.99,2.64,0,0,
16875,2187.1,2187.13,2188.89,1.76,0,0,
16989,2189.3,2189.3,2221.2,31.9,0,3,17034;17117;17190
17034,2202.1,2202.12,2231.32,29.2,0,5,16989;17117;17190;17297;17371
17117,2205.4,2205.42,2225.42,20.0,0,4,16989;17034;17190;17297
17190,2205.7,2205.66,2231.36,25.7,0,5,16989;17034;17117;17297;17371
17297,2216.0,2221.2,2280.5,59.3,5.17,6,17034;17117;17190;17371;17388;17478
17371,2218.0,2225.42,2334.52,109.1,7.43,9,17034;17190;17297;17388;17478;17527;17597;17650;17813
17388,2246.2,2246.19,2247.73,1.54,0,2,17297;17371
17478,2277.0,2276.97,2278.14,1.17,0,2,17297;17371
17527,2301.6,2301.6,2304.48,2.88,0,1,17371
17597,2306.2,2306.22,2317.02,10.8,0,2,17371;17650
17650,2306.4,2306.38,2309.17,2.79,0,2,17371;17597
17813,2332.7,2332.74,2334.73,1.99,0,1,17371
17870,2338.3,2338.33,2346.78,8.45,0,0,
17919,2372.3,2372.33,2382.09,9.76,0,0,
17922,2405.5,2405.47,2463.47,58.0,0,6,17941;17966;17990;18032;18153;18539
17941,2424.6,2424.64,2426.63,1.99,0,1,17922
17966,2428.1,2428.13,2450.23,22.1,0,2,17922;17990
17990,2433.0,2433.0,2558.6,125.6,0,11,17922;17966;18032;18153;18539;18578;18593;18604;18664;18846;18926
18032,2452.0,2452.04,2454.88,2.84,0,2,17922;17990
18153,2455.9,2455.85,2457.24,1.39,0,2,17922;17990
18539,2457.7,2457.71,2501.31,43.6,0,4,17922;17990;18578;18593
18578,2465.8,2465.85,3016.15,550.3,0,39,17990;18539;18593;18604;18664;18846;18926;19169;19186;19366;19434;19471;19566;19647;19673;19727;19865;19867;20054;20114;20203;20210;20307;2100;21150;21870;22013;2270;2289;23072;23616;23711;23762;24624;25048;2505;25134;25246;25264
18593,2493.4,2493.36,2495.2,1.84,0,3,17990;18539;18578
18604,2505.3,2505.27,2541.87,36.6,0,5,17990;18578;18664;18846;18926
18664,2513.7,2513.71,2515.84,2.13,0,3,17990;18578;18604
18846,2514.7,2515.84,2518.27,2.43,1.11,3,17990;18578;18604
18926,2524.3,2524.28,2560.48,36.2,0,3,17990;18578;18604
19169,2570.4,2570.38,2605.58,35.2,0,4,18578;19186;19366;19434
19186,2571.9,2571.89,2602.09,30.2,0,3,18578;19169;19366
19366,2579.2,2579.2,2910.8,331.6,0,18,18578;19169;19186;19434;19471;19566;19647;19673;19727;19865;19867;20054;20114;20203;20210;20307;2100;21150
19434,2600.2,2602.09,2632.49,30.4,1.91,5,18578;19169;19366;19471;19566
19471,2613.7,2613.68,2614.68,0.99,0,3,18578;19366;19434
19566,2625.6,2625.63,2627.03,1.4,0,3,18578;19366;19434
19647,2637.7,2637.75,2657.15,19.4,0,4,18578;19366;19673;19727
19673,2642.2,2642.2,2651.17,8.97,0,3,18578;19366;19647
19727,2645.7,2651.17,2658.66,7.49,5.49,3,18578;19366;19647
19865,2662.3,2662.25,2670.6,8.35,0,2,18578;19366
19867,2678.9,2678.87,2680.89,2.02,0,2,18578;19366
20054,2699.0,2699.05,2709.45,10.4,0,2,18578;19366
20114,2723.5,2723.49,2792.19,68.7,0,3,18578;19366;20203
20203,2730.7,2730.65,2853.75,123.1,0,5,18578;19366;20114;20210;20307
20210,2737.6,2792.19,2802.0,9.81,54.58,3,18578;19366;20203
20307,2753.6,2802.0,2916.3,114.3,48.38,6,18578;19366;20203;2100;21150;21870
2100,2764.1,2853.75,2857.51,3.76,89.63,3,18578;19366;20307
21150,2776.2,2857.51,2921.41,63.9,81.29,5,18578;19366;20307;21870;22013
21870,2792.1,2910.8,2926.3,15.5,118.69,5,18578;20307;21150;22013;2270
22013,2814.2,2916.3,2929.9,13.6,102.12,6,18578;21150;21870;2270;2289;23072
2270,2818.3,2921.41,2928.72,7.31,103.1,4,18578;21870;22013;2289
2289,2823.0,2926.3,2934.9,8.6,103.28,5,18578;22013;2270;23072;23616
23072,2824.0,2928.72,3024.02,95.3,104.72,13,18578;22013;2289;23616;23711;23762;24624;25048;2505;25134;25246;25264;25272
23616,2832.6,2929.9,2942.4,12.5,97.26,4,18578;2289;23072;23711
23711,2833.0,2934.9,2967.6,32.7,101.89,4,18578;23072;23616;23762
23762,2839.3,2942.4,2974.4,32.0,103.13,4,18578;23072;23711;24624
24624,2847.1,2967.6,3000.4,32.8,120.5,5,18578;23072;23762;25048;2505
25048,2850.5,2974.4,2996.3,21.9,123.93,3,18578;23072;24624
2505,2859.4,2996.3,3070.8,74.5,136.89,12,18578;23072;24624;25134;25246;25264;25272;25278;25280;25282;25287;25289
25134,2859.7,3000.4,3004.32,3.92,140.68,3,18578;23072;2505
25246,2860.1,3004.32,3014.72,10.4,144.22,3,18578;23072;2505
25264,2877.4,3014.72,3024.51,9.79,137.33,5,18578;23072;2505;25272;25278
25272,2881.9,3016.15,3335.75,319.6,134.29,32,23072;2505;25264;25278;25280;25282;25287;25289;25304;25310;25312;25328;25331;25335;25345;25347;25353;25361;25385;25388;25389;25390;25398;25400;25403;25426;25429;25434;25438;25448;25449;25450
25278,2883.2,3024.02,3040.42,16.4,140.8,6,2505;25264;25272;25280;25282;25287
25280,2890.6,3024.51,3030.64,6.13,133.9,3,2505;25272;25278
25282,2905.3,3030.64,3038.68,8.04,125.34,3,2505;25272;25278
25287,2907.7,3038.68,3085.28,46.6,130.95,5,2505;25272;25278;25289;25304
25289,2917.5,3040.42,3108.42,68.0,122.94,7,2505;25272;25287;25304;25310;25312;25328
25304,2918.4,3070.8,3092.4,21.6,152.43,4,25272;25287;25289;25310
25310,2918.9,3085.28,3105.28,20.0,166.37,4,25272;25289;25304;25312
25312,2926.5,3092.4,3118.5,26.1,165.92,5,25272;25289;25310;25328;25331
25328,2934.3,3105.28,3174.38,69.1,171.01,9,25272;25289;25312;25331;25335;25345;25347;25353;25361
25331,2944.4,3108.42,3189.62,81.2,164.01,9,25272;25312;25328;25335;25345;25347;25353;25361;25385
25335,2957.4,3118.5,3126.46,7.96,161.14,3,25272;25328;25331
25345,2994.6,3126.46,3134.37,7.91,131.87,3,25272;25328;25331
25347,3001.9,3134.37,3145.57,11.2,132.51,3,25272;25328;25331
25353,3005.8,3145.57,3161.87,16.3,139.81,3,25272;25328;25331
25361,3021.6,3161.87,3299.47,137.6,140.26,13,25272;25328;25331;25385;25388;25389;25390;25398;25400;25403;25426;25429;25434
25385,3024.8,3174.38,3252.78,78.4,149.6,8,25272;25331;25361;25388;25389;25390;25398;25400
25388,3030.6,3189.62,3218.02,28.4,159.07,3,25272;25361;25385
25389,3031.4,3218.02,3230.42,12.4,186.65,3,25272;25361;25385
25390,3031.6,3230.42,3247.12,16.7,198.8,3,25272;25361;25385
25398,3064.5,3247.12,3251.54,4.42,182.62,3,25272;25361;25385
25400,3082.6,3251.54,3257.39,5.85,168.96,4,25272;25361;25385;25403
25403,3094.5,3252.78,3271.48,18.7,158.29,4,25272;25361;25400;25426
25426,3099.7,3257.39,3276.09,18.7,157.65,4,25272;25361;25403;25429
25429,3101.6,3271.48,3373.18,101.7,169.83,14,25272;25361;25426;25434;25438;25448;25449;25450;25459;25460;25461;25462;25476;25478
25434,3103.3,3276.09,3300.19,24.1,172.74,4,25272;25361;25429;25438
25438,3106.2,3299.47,3345.97,46.5,193.24,7,25272;25429;25434;25448;25449;25450;25459
25448,3114.2,3300.19,3309.86,9.67,186.0,3,25272;25429;25438
25449,3126.7,3309.86,3330.96,21.1,183.13,3,25272;25429;25438
25450,3137.5,3330.96,3366.66,35.7,193.43,7,25272;25429;25438;25459;25460;25461;25462
25459,3140.8,3335.75,3359.15,23.4,194.94,4,25429;25438;25450;25460
25460,3171.8,3345.97,3890.17,544.2,174.18,38,25429;25450;25459;25461;25462;25476;25478;25483;25493;25495;25496;25507;25512;25519;25521;25531;25544;25553;25566;25579;25584;25604;25665;25672;25674;25678;25680;25683;25687;25698;25699;25700;25705;25706;25707;25714;25717;25718
25461,3185.2,3359.15,3360.03,0.88,173.96,3,25429;25450;25460
25462,3193.3,3360.03,3366.87,6.84,166.76,4,25429;25450;25460;25476
25476,3202.7,3366.66,3389.46,22.8,163.94,7,25429;25460;25462;25478;25483;25493;25495
25478,3208.2,3366.87,3378.47,11.6,158.7,4,25429;25460;25476;25483
25483,3211.0,3373.18,3392.88,19.7,162.16,6,25460;25476;25478;25493;25495;25496
25493,3215.4,3378.47,3383.25,4.78,163.05,3,25460;25476;25483
25495,3229.6,3383.25,3392.95,9.7,153.65,5,25460;25476;25483;25496;25507
25496,3229.7,3389.46,3426.76,37.3,159.72,5,25460;25483;25495;25507;25512
25507,3231.0,3392.88,3488.28,95.4,161.9,6,25460;25495;25496;25512;25519;25521
25512,3231.4,3392.95,3451.15,58.2,161.5,4,25460;25496;25507;25519
25519,3231.9,3426.76,3546.56,119.8,194.9,6,25460;25507;25512;25521;25531;25544
25521,3251.2,3451.15,3679.85,228.7,199.94,8,25460;25507;25519;25531;25544;25553;25566;25579
25531,3263.4,3488.28,3497.04,8.76,224.91,3,25460;25519;25521
25544,3269.8,3497.04,3651.74,154.7,227.25,4,25460;25519;25521;25553
25553,3270.8,3546.56,3749.16,202.6,275.74,9,25460;25521;25544;25566;25579;25584;25604;25665;25672
25566,3277.6,3651.74,3669.64,17.9,374.15,3,25460;25521;25553
25579,3284.0,3669.64,3785.14,115.5,385.64,10,25460;25521;25553;25584;25604;25665;25672;25674;25678;25680
25584,3285.9,3679.85,3711.95,32.1,393.94,3,25460;25553;25579
25604,3291.6,3711.95,3719.04,7.09,420.35,3,25460;25553;25579
25665,3296.7,3719.04,3726.36,7.32,422.36,3,25460;25553;25579
25672,3306.2,3726.36,3813.86,87.5,420.11,9,25460;25553;25579;25674;25678;25680;25683;25687;25698
25674,3316.3,3749.16,3762.56,13.4,432.84,3,25460;25579;25672
25678,3316.8,3762.56,3783.46,20.9,445.77,3,25460;25579;25672
25680,3321.5,3783.46,3827.36,43.9,461.98,7,25460;25579;25672;25683;25687;25698;25699
25683,3331.3,3785.14,3799.64,14.5,453.82,3,25460;25672;25680
25687,3338.3,3799.64,3812.84,13.2,461.33,3,25460;25672;25680
25698,3357.7,3812.84,3840.64,27.8,455.12,5,25460;25672;25680;25699;25700
25699,3368.5,3813.86,3853.86,40.0,445.38,5,25460;25680;25698;25700;25705
25700,3370.3,3827.36,3860.76,33.4,457.11,5,25460;25698;25699;25705;25706
25705,3371.0,3840.64,3868.74,28.1,469.66,6,25460;25699;25700;25706;25707;25714
25706,3381.3,3853.86,3867.06,13.2,472.59,4,25460;25700;25705;25707
25707,3381.5,3860.76,3928.86,68.1,479.23,11,25460;25705;25706;25714;25717;25718;25723;25730;25737;25739;25741
25714,3390.3,3867.06,3872.36,5.3,476.71,4,25460;25705;25707;25717
25717,3418.5,3868.74,3900.74,32.0,450.22,5,25460;25707;25714;25718;25723
25718,3427.1,3872.36,3910.56,38.2,445.27,5,25460;25707;25717;25723;25730
25723,3432.0,3890.17,3911.77,21.6,458.17,5,25707;25717;25718;25730;25737
25730,3442.3,3900.74,3939.14,38.4,458.43,9,25707;25718;25723;25737;25739;25741;25742;25748;25750
25737,3448.4,3910.56,3931.26,20.7,462.12,6,25707;25723;25730;25739;25741;25742
25739,3456.3,3911.77,3918.89,7.12,455.44,3,25707;25730;25737
25741,3484.7,3918.89,3972.39,53.5,434.18,16,25707;25730;25737;25742;25748;25750;25753;25755;25759;25766;25771;25774;25781;2585;260;2690
25742,3489.6,3928.86,3938.96,10.1,439.27,4,25730;25737;25741;25748
25748,3522.1,3931.26,3942.06,10.8,409.18,5,25730;25741;25742;25750;25753
25750,3545.7,3938.96,3947.67,8.71,393.31,6,25730;25741;25748;25753;25755;25759
25753,3547.8,3939.14,3946.27,7.13,391.3,4,25741;25748;25750;25755
25755,3548.6,3942.06,3957.56,15.5,393.5,6,25741;25750;25753;25759;25766;25771
25759,3549.6,3946.27,3954.78,8.51,396.65,4,25741;25750;25755;25766
25766,3549.8,3947.67,3961.37,13.7,397.87,5,25741;25755;25759;25771;25774
25771,3550.8,3954.78,3968.48,13.7,403.99,6,25741;25755;25766;25774;25781;2585
25774,3562.3,3957.56,3969.26,11.7,395.28,6,25741;25766;25771;25781;2585;260
25781,3563.0,3961.37,3963.63,2.26,398.35,3,25741;25771;25774
2585,3566.9,3963.63,4032.33,68.7,396.77,8,25741;25771;25774;260;2690;2826;2828;285
260,3585.5,3968.48,4487.98,519.5,382.98,55,25741;25774;2585;2690;2826;2828;285;2999;3050;3386;3405;3455;3487;3501;3609;3836;392;3924;407;426;4291;4412;4443;4464;4513;4601;4690;4693;4741;4753;486;4883;5065;5069;5071;5085;5244;5310;5459;5465;5529;5543;5689;5726;5765;5794;5888;5937;5982;6103;6125;6172;6235;6284;6288
2690,3585.7,3969.26,3981.36,12.1,383.52,4,25741;2585;260;2826
2826,3602.6,3972.39,3984.09,11.7,369.82,4,2585;260;2690;2828
2828,3605.9,3981.36,4181.76,200.4,375.47,13,2585;260;2826;285;2999;3050;3386;3405;3455;3487;3501;3609;3836
285,3607.1,3984.09,4072.29,88.2,376.95,6,2585;260;2828;2999;3050;3386
2999,3619.1,4032.33,4057.03,24.7,413.26,3,260;2828;285
3050,3629.0,4057.03,4065.69,8.66,428.04,3,260;2828;285
3386,3650.0,4065.69,4091.99,26.3,415.71,4,260;2828;285;3405
3405,3663.3,4072.29,4111.89,39.6,409.03,4,260;2828;3386;3455
3455,3679.5,4091.99,4191.69,99.7,412.46,9,260;2828;3405;3487;3501;3609;3836;392;3924
3487,3682.8,4111.89,4133.69,21.8,429.04,3,260;2828;3455
3501,3684.8,4133.69,4156.29,22.6,448.89,3,260;2828;3455
3609,3698.7,4156.29,4167.29,11.0,457.6,3,260;2828;3455
3836,3715.1,4167.29,4188.69,21.4,452.16,4,260;2828;3455;392
392,3761.7,4181.76,4192.86,11.1,420.05,5,260;3455;3836;3924;407
3924,3767.0,4188.69,4207.69,19.0,421.67,6,260;3455;392;407;426;4291
407,3771.7,4191.69,4202.59,10.9,420.02,4,260;392;3924;426
426,3786.7,4192.86,4218.66,25.8,406.2,6,260;3924;407;4291;4412;4443
4291,3790.8,4202.59,4211.3,8.71,411.77,4,260;3924;426;4412
4412,3817.5,4207.69,4233.09,25.4,390.17,6,260;426;4291;4443;4464;4513
4443,3837.1,4211.3,4311.9,100.6,374.23,11,260;426;4412;4464;4513;4601;4690;4693;4741;4753;486
4464,3842.7,4218.66,4226.93,8.27,375.98,3,260;4412;4443
4513,3856.6,4226.93,4309.93,83.0,370.35,8,260;4412;4443;4601;4690;4693;4741;4753
4601,3870.6,4233.09,4250.09,17.0,362.47,3,260;4443;4513
4690,3871.7,4250.09,4253.67,3.58,378.38,3,260;4443;4513
4693,3895.0,4253.67,4271.47,17.8,358.68,3,260;4443;4513
4741,3902.0,4271.47,4285.67,14.2,369.44,3,260;4443;4513
4753,3919.5,4285.67,4312.87,27.2,366.13,5,260;4443;4513;486;4883
486,3923.4,4309.93,4324.73,14.8,386.52,6,260;4443;4753;4883;5065;5069
4883,3946.0,4311.9,4315.25,3.35,365.91,4,260;4753;486;5065
5065,3950.9,4312.87,4351.37,38.5,361.95,8,260;486;4883;5069;5071;5085;5244;5310
5069,3951.0,4315.25,4327.25,12.0,364.22,4,260;486;5065;5071
5071,3974.6,4324.73,4330.66,5.93,350.12,4,260;5065;5069;5085
5085,3975.6,4327.25,4382.55,55.3,351.69,8,260;5065;5071;5244;5310;5459;5465;5529
5244,3979.4,4330.66,4338.89,8.23,351.24,3,260;5065;5085
5310,4009.4,4338.89,4355.99,17.1,329.5,4,260;5065;5085;5459
5459,4039.5,4351.37,4423.97,72.6,311.91,11,260;5085;5310;5465;5529;5543;5689;5726;5765;5794;5888
5465,4048.0,4355.99,4368.99,13.0,308.01,3,260;5085;5459
5529,4058.0,4368.99,4410.39,41.4,311.01,4,260;5085;5459;5543
5543,4063.9,4382.55,4418.35,35.8,318.63,5,260;5459;5529;5689;5726
5689,4067.4,4410.39,4413.49,3.1,342.99,3,260;5459;5543
5726,4071.4,4413.49,4423.39,9.9,342.11,5,260;5459;5543;5765;5794
5765,4082.5,4418.35,4423.02,4.67,335.81,3,260;5459;5726
5794,4096.5,4423.02,4448.72,25.7,326.52,7,260;5459;5726;5888;5937;5982;6103
5888,4112.2,4423.39,4446.59,23.2,311.2,5,260;5459;5794;5937;5982
5937,4127.8,4423.97,4426.41,2.44,296.2,3,260;5794;5888
5982,4128.7,4426.41,4483.51,57.1,297.69,8,260;5794;5888;6103;6125;6172;6235;6284
6103,4135.5,4446.59,4769.29,322.7,311.04,39,260;5794;5982;6125;6172;6235;6284;6288;6343;6383;6523;6537;6618;6632;6727;6891;6917;6958;7011;703;7073;7164;7186;7205;7256;7393;7439;7502;7504;7551;7552;7586;7587;7615;7670;7674;7733;7777;7795
6125,4136.1,4448.72,4451.61,2.89,312.58,3,260;5982;6103
6172,4144.1,4451.61,4460.74,9.13,307.5,3,260;5982;6103
6235,4149.9,4460.74,4470.43,9.69,310.8,3,260;5982;6103
6284,4171.8,4470.43,4491.83,21.4,298.63,6,260;5982;6103;6288;6343;6383
6288,4176.1,4483.51,4491.65,8.14,307.38,4,260;6103;6284;6343
6343,4177.4,4487.98,4501.88,13.9,310.61,6,6103;6284;6288;6383;6523;6537
6383,4178.9,4491.65,4510.45,18.8,312.74,6,6103;6284;6343;6523;6537;6618
6523,4193.2,4491.83,4494.15,2.32,298.58,3,6103;6343;6383
6537,4202.9,4494.15,4587.05,92.9,291.27,11,6103;6343;6383;6618;6632;6727;6891;6917;6958;7011;703
6618,4203.9,4501.88,4558.48,56.6,297.93,4,6103;6383;6537;6632
6632,4204.8,4510.45,4562.45,52.0,305.63,4,6103;6537;6618;6727
6727,4216.9,4558.48,4572.58,14.1,341.58,4,6103;6537;6632;6891
6891,4217.7,4562.45,4576.15,13.7,344.8,5,6103;6537;6727;6917;6958
6917,4234.9,4572.58,4575.57,2.99,337.68,3,6103;6537;6891
6958,4247.2,4575.57,4827.87,252.3,328.42,35,6103;6537;6891;7011;703;7073;7164;7186;7205;7256;7393;7439;7502;7504;7551;7552;7586;7587;7615;7670;7674;7733;7777;7795;7950;8147;8282;831;8339;8447;8462;8507;8513;8706;8755
7011,4248.0,4576.15,4578.75,2.6,328.15,3,6103;6537;6958
703,4248.9,4578.75,4606.75,28.0,329.86,4,6103;6537;6958;7073
7073,4292.0,4587.05,4615.65,28.6,295.01,6,6103;6958;703;7164;7186;7205
7164,4296.7,4606.75,4609.14,2.39,310.02,3,6103;6958;7073
7186,4301.4,4609.14,4611.77,2.63,307.78,3,6103;6958;7073
7205,4318.1,4611.77,4625.47,13.7,293.65,5,6103;6958;7073;7256;7393
7256,4347.5,4615.65,4618.01,2.36,268.11,3,6103;6958;7205
7393,4390.2,4618.01,4632.81,14.8,227.79,4,6103;6958;7205;7439
7439,4404.2,4625.47,4637.67,12.2,221.25,4,6103;6958;7393;7502
7502,4408.9,4632.81,4643.91,11.1,223.87,4,6103;6958;7439;7504
7504,4409.8,4637.67,4702.87,65.2,227.85,5,6103;6958;7502;7551;7552
7551,4424.8,4643.91,4647.92,4.01,219.08,3,6103;6958;7504
7552,4433.0,4647.92,4738.22,90.3,214.92,7,6103;6958;7504;7586;7587;7615;7670
7586,4438.5,4702.87,4705.41,2.54,264.35,3,6103;6958;7552
7587,4462.2,4705.41,4716.71,11.3,243.21,3,6103;6958;7552
7615,4463.4,4716.71,4719.7,2.99,253.33,3,6103;6958;7552
7670,4470.2,4719.7,4780.6,60.9,249.53,9,6103;6958;7552;7674;7733;7777;7795;7950;8147
7674,4470.3,4738.22,4741.73,3.51,267.94,3,6103;6958;7670
7733,4476.6,4741.73,4741.83,0.1,265.12,3,6103;6958;7670
7777,4477.2,4741.83,4753.43,11.6,264.65,3,6103;6958;7670
7795,4478.5,4753.43,4776.33,22.9,274.98,4,6103;6958;7670;7950
7950,4479.7,4769.29,4796.89,27.6,289.58,6,6958;7670;7795;8147;8282;831
8147,4490.2,4776.33,4802.13,25.8,286.15,6,6958;7670;7950;8282;831;8339
8282,4503.9,4780.6,4788.45,7.85,276.72,3,6958;7950;8147
831,4512.6,4788.45,4812.25,23.8,275.81,7,6958;7950;8147;8339;8447;8462;8507
8339,4545.4,4796.89,4809.59,12.7,251.5,4,6958;8147;831;8447
8447,4550.1,4802.13,4811.84,9.71,252.05,4,6958;831;8339;8462
8462,4553.4,4809.59,4855.79,46.2,256.14,11,6958;831;8447;8507;8513;8706;8755;8870;8890;9073;9112
8507,4573.7,4811.84,4817.12,5.28,238.1,4,6958;831;8462;8513
8513,4576.3,4812.25,4854.95,42.7,235.98,8,6958;8462;8507;8706;8755;8870;8890;9073
8706,4609.3,4817.12,4822.09,4.97,207.82,3,6958;8462;8513
8755,4609.4,4822.09,4839.79,17.7,212.67,4,6958;8462;8513;8870
8870,4644.5,4827.87,5208.37,380.5,183.42,31,8462;8513;8755;8890;9073;9112;9117;9125;9173;9179;9181;9182;9205;9409;9414;9443;9453;9548;9593;9651;9665;9669;9688;9747;9819;9855;9897;9909;9924;9968;9994
8890,4644.9,4839.79,4846.0,6.21,194.9,3,8462;8513;8870
9073,4667.1,4846.0,5039.2,193.2,178.93,18,8462;8513;8870;9112;9117;9125;9173;9179;9181;9182;9205;9409;9414;9443;9453;9548;9593;9651
9112,4674.6,4854.95,4857.88,2.93,180.38,4,8462;8870;9073;9117
9117,4724.1,4855.79,4909.99,54.2,131.65,4,8870;9073;9112;9125
9125,4724.9,4857.88,4932.98,75.1,132.98,4,8870;9073;9117;9173
9173,4733.0,4909.99,4939.09,29.1,177.01,4,8870;9073;9125;9179
9179,4767.8,4932.98,4941.19,8.21,165.17,4,8870;9073;9173;9181
9181,4775.2,4939.09,4963.39,24.3,163.87,4,8870;9073;9179;9182
9182,4785.1,4941.19,4981.59,40.4,156.05,4,8870;9073;9181;9205
9205,4797.0,4963.39,5009.99,46.6,166.34,8,8870;9073;9182;9409;9414;9443;9453;9548
9409,4803.1,4981.59,4984.25,2.66,178.49,3,8870;9073;9205
9414,4813.0,4984.25,4986.55,2.3,171.27,3,8870;9073;9205
9443,4821.8,4986.55,5004.85,18.3,164.79,3,8870;9073;9205
9453,4844.9,5004.85,5006.28,1.43,159.95,3,8870;9073;9205
9548,4845.4,5006.28,5245.98,239.7,160.91,16,8870;9073;9205;9593;9651;9665;9669;9688;9747;9819;9855;9897;9909;9924;9968;9994
9593,4848.7,5009.99,5012.68,2.69,161.32,3,8870;9073;9548
9651,4878.7,5012.68,5041.28,28.6,133.97,4,8870;9073;9548;9665
9665,4900.8,5039.2,5044.36,5.16,138.4,5,8870;9548;9651;9669;9688
9669,4906.9,5041.28,5043.55,2.27,134.39,3,8870;9548;9665
9688,4916.6,5043.55,5135.25,91.7,126.98,7,8870;9548;9665;9747;9819;9855;9897
9747,4919.8,5044.36,5050.24,5.88,124.55,3,8870;9548;9688
9819,4921.9,5050.24,5125.04,74.8,128.35,3,8870;9548;9688
9855,4928.1,5125.04,5131.04,6.0,196.92,3,8870;9548;9688
9897,4932.5,5131.04,5153.24,22.2,198.56,5,8870;9548;9688;9909;9924
9909,4941.2,5135.25,5150.05,14.8,194.0,3,8870;9548;9897
9924,4942.1,5150.05,5195.15,45.1,207.99,5,8870;9548;9897;9968;9994
9968,4978.7,5153.24,5162.0,8.76,174.54,3,8870;9548;9924
9994,5021.5,5162.0,5203.8,41.8,140.46,3,8870;9548;9924
