qid,start,runtime,status
8060,126304.0,600,penalty
17650,126304.0,600,penalty
16206,126304.0,600,penalty
25313,126304.0,22.48,ok
13485,126383.9,15.13,ok
10906,126399.6,600,penalty
3030,126383.9,600,penalty
25372,126383.7,22.28,ok
25642,126406.3,11.48,ok
4399,126418.3,16.11,ok
14246,126326.8,110.24,ok
17162,126434.7,5.49,ok
13935,126437.4,2.97,ok
13417,126440.5,10.1,ok
7026,126440.8,11.41,ok
25134,126450.9,18.7,ok
12462,126452.7,22.73,ok
15678,126463.8,29.06,ok
25714,126463.8,35.28,ok
25712,126493.3,8.04,ok
10274,126499.4,600,penalty
10211,126501.6,600,penalty
25765,126470.0,600,penalty
22761,126475.8,600,penalty
6294,126564.3,11.85,ok
10742,126564.3,22.64,ok
19920,126564.3,25.39,ok
14203,126590.2,600,penalty
10833,126587.3,600,penalty
23470,126564.1,56.72,ok
7392,126621.3,20.0,ok
10731,126641.6,6.33,ok
25699,126576.5,105.64,ok
10867,126682.4,600,penalty
10765,126673.6,16.33,ok
14710,126690.3,16.69,ok
13093,126668.5,38.71,ok
11163,126648.3,600,penalty
8282,126707.4,22.53,ok
14972,126730.3,8.33,ok
25258,126707.9,50.3,ok
9968,126758.6,14.5,ok
12429,126738.9,50.56,ok
10521,126773.5,18.96,ok
7141,126791.0,15.07,ok
15194,126745.6,89.48,ok
7497,126835.4,14.43,ok
25629,126806.4,65.94,ok
8403,126872.8,45.99,ok
2837,126790.0,132.54,ok
11559,126919.3,18.28,ok
25682,126923.1,28.12,ok
12575,126792.8,159.61,ok
15574,126951.5,10.03,ok
13360,126937.9,26.26,ok
12380,126952.7,19.36,ok
11123,126962.1,11.33,ok
19935,126850.3,169.05,ok
25321,126964.5,56.48,ok
13250,127021.5,10.61,ok
7551,127019.7,25.9,ok
14381,127046.1,3.05,ok
25469,127049.6,16.67,ok
14319,127032.6,59.27,ok
25340,127092.2,10.24,ok
25388,127103.3,600,penalty
10109,126972.6,149.13,ok
25261,127066.6,55.39,ok
8678,127122.1,12.74,ok
12137,127122.6,14.13,ok
7400,127135.2,8.81,ok
25676,127137.2,600,penalty
25478,127171.7,15.59,ok
25680,127187.7,51.54,ok
14786,127144.5,95.5,ok
25361,126973.8,269.82,ok
14114,127217.8,27.51,ok
13092,127239.7,600,penalty
23703,127240.4,20.32,ok
6456,127261.1,4.98,ok
13540,127244.0,22.07,ok
25336,127266.6,13.22,ok
15093,127280.3,1.87,ok
17034,127245.7,83.5,ok
10861,127282.7,57.85,ok
25413,127341.0,13.6,ok
9414,127355.1,2.96,ok
25464,127316.3,55.69,ok
12689,127372.5,4.88,ok
12102,127358.5,28.52,ok
25501,127387.5,600,penalty
11052,127266.5,123.37,ok
13341,127377.8,12.5,ok
10618,127390.3,600,penalty
9618,127390.6,600,penalty
23895,127329.6,600,penalty
11543,127456.6,40.9,ok
10371,127456.6,48.47,ok
14250,127497.9,22.26,ok
7857,127505.4,18.46,ok
11830,127452.7,72.07,ok
13541,127520.5,25.73,ok
5463,127524.6,109.63,ok
25345,127634.7,10.34,ok
17793,127645.5,5.53,ok
25279,127550.5,102.43,ok
25287,127546.6,106.6,ok
11787,127651.5,600,penalty
6292,127653.9,600,penalty
13210,127653.3,600,penalty
8277,127525.1,139.42,ok
4883,127664.9,16.45,ok
13074,127681.7,4.08,ok
10738,127686.1,17.6,ok
25366,127725.9,45.83,ok
14308,127725.7,52.08,ok
10001,127726.4,51.9,ok
25206,127778.7,22.21,ok
7034,127772.3,36.03,ok
4745,127809.1,15.84,ok
12054,127825.4,600,penalty
25394,127778.1,84.01,ok
25354,127704.0,193.3,ok
7107,127897.7,600,penalty
7670,127801.4,123.39,ok
25600,127925.3,600,penalty
8046,127891.6,46.74,ok
15679,127862.5,92.34,ok
17832,127955.2,1.9,ok
13839,127970.8,2.32,ok
25355,127938.8,39.85,ok
12827,127979.1,18.18,ok
13922,127973.5,47.52,ok
12118,128021.4,31.92,ok
12035,127996.3,59.07,ok
25673,128053.7,14.39,ok
7609,127957.4,118.54,ok
25471,128056.0,33.29,ok
4076,128076.4,600,penalty
10695,128089.6,12.11,ok
12431,128102.1,6.41,ok
11399,127998.2,116.42,ok
11038,128109.0,600,penalty
17693,128068.7,79.16,ok
17331,128148.4,2.78,ok
23189,128156.2,49.35,ok
14610,128114.9,113.43,ok
12829,128207.1,21.3,ok
9501,128228.7,600,penalty
25566,128205.9,50.1,ok
6388,128256.7,12.48,ok
13949,128269.6,9.67,ok
10458,128279.7,600,penalty
25412,128151.6,144.85,ok
12181,128229.1,81.1,ok
13826,128310.7,24.8,ok
7674,128335.9,3.61,ok
12370,128296.8,600,penalty
13932,128339.9,600,penalty
17213,128344.4,600,penalty
12646,128316.8,56.0,ok
9792,128373.1,2.74,ok
16743,128376.1,5.7,ok
10243,128382.1,1.91,ok
17987,128384.4,1.99,ok
7011,128386.7,2.32,ok
10187,128412.8,4.99,ok
11628,128418.2,12.01,ok
25367,128430.6,13.19,ok
11928,128444.2,17.26,ok
10866,128461.9,8.84,ok
13546,128406.8,80.11,ok
5460,128389.3,111.71,ok
13575,128487.4,26.43,ok
17297,128471.2,78.53,ok
16233,128550.2,38.47,ok
22447,128589.1,8.22,ok
11661,128597.7,43.24,ok
14823,128641.3,8.44,ok
13313,128501.5,169.62,ok
13712,128408.1,267.9,ok
25530,128514.2,166.81,ok
6727,128681.6,600,penalty
10569,128671.6,36.09,ok
11952,128650.2,71.94,ok
18604,128708.1,57.39,ok
25353,128751.1,600,penalty
15409,128765.8,50.97,ok
25651,128817.2,600,penalty
25370,128838.1,4.41,ok
15300,128843.0,4.05,ok
13127,128722.6,157.83,ok
25373,128902.9,600,penalty
19186,128880.7,55.07,ok
11889,128936.2,600,penalty
16853,128968.1,60.57,ok
10556,128999.6,29.63,ok
23782,129029.6,21.12,ok
11696,128847.6,252.85,ok
19571,129029.2,108.01,ok
25553,128676.3,600,penalty
8614,129051.1,110.35,ok
10543,129100.9,104.44,ok
16525,129222.7,600,penalty
25628,129205.7,90.14,ok
10682,129296.3,2.63,ok
10705,129299.3,600,penalty
25577,129285.6,20.22,ok
9876,129306.2,14.11,ok
7205,129320.7,600,penalty
10804,129137.6,222.59,ok
10755,129360.6,12.83,ok
11829,129365.7,15.01,ok
11341,129381.0,11.22,ok
12647,129385.5,18.15,ok
25441,129392.6,11.14,ok
25688,129404.1,600,penalty
25762,129373.8,36.25,ok
5887,129404.1,29.84,ok
25687,129434.4,9.81,ok
25278,129410.5,36.77,ok
12305,129444.5,14.63,ok
14018,129459.6,5.82,ok
15077,129447.7,26.77,ok
17169,129474.9,2.62,ok
8730,129465.7,12.42,ok
12855,129470.5,24.0,ok
17856,129478.9,19.61,ok
15204,129499.0,600,penalty
11949,129494.9,600,penalty
6409,129561.4,600,penalty
7414,129565.2,600,penalty
25385,129478.1,118.13,ok
12909,129596.7,21.65,ok
13614,129624.2,600,penalty
13404,129618.8,10.11,ok
14854,129629.4,2.14,ok
25294,129161.8,507.15,ok
5114,129642.1,30.11,ok
10172,129672.7,13.15,ok
9593,129688.1,7.58,ok
17875,129669.3,85.77,ok
25624,129755.5,36.77,ok
9972,129792.6,600,penalty
6703,129686.3,124.52,ok
11974,129811.2,9.74,ok
8332,129821.3,3.12,ok
12849,129632.1,220.07,ok
12760,129696.1,157.13,ok
9410,129824.8,48.13,ok
25334,129873.4,600,penalty
14904,129852.6,600,penalty
13917,129853.7,600,penalty
5216,129856.6,600,penalty
25746,129936.1,24.55,ok
25531,129935.7,24.97,ok
12991,129936.0,56.9,ok
25420,129961.0,34.77,ok
11170,129993.4,29.3,ok
10128,130023.0,600,penalty
12877,129935.7,96.84,ok
25350,130033.1,12.26,ok
8178,130045.8,15.24,ok
17125,129961.0,112.57,ok
12343,130061.4,22.23,ok
16969,130084.1,4.56,ok
7226,130089.7,5.03,ok
6725,130095.1,600,penalty
12184,130074.0,35.75,ok
11719,129996.3,128.62,ok
10375,130110.2,15.68,ok
12473,130125.3,8.84,ok
25570,130134.4,19.46,ok
10342,130160.0,600,penalty
10259,130154.3,12.52,ok
3969,130126.2,68.36,ok
8078,130089.0,151.86,ok
9351,130194.9,70.57,ok
25666,130241.3,33.54,ok
14364,130167.3,140.28,ok
25552,130275.3,41.85,ok
19031,130265.9,62.89,ok
10722,130329.2,600,penalty
6107,130226.0,107.81,ok
25310,130317.5,48.62,ok
13925,130366.5,600,penalty
16606,130393.8,23.7,ok
12959,130334.2,83.41,ok
12406,130430.1,600,penalty
10182,130418.0,600,penalty
25097,130418.0,20.28,ok
15259,130438.6,8.56,ok
14043,130307.9,157.16,ok
14051,130447.5,18.71,ok
25759,130465.6,15.93,ok
17990,130492.0,600,penalty
12915,130468.8,29.35,ok
13308,130499.2,9.29,ok
4618,130481.9,31.96,ok
13009,130509.4,16.45,ok
5957,130526.2,11.1,ok
18783,130498.6,600,penalty
9920,130538.0,600,penalty
8198,130514.4,35.74,ok
20103,130580.7,23.45,ok
3487,130604.6,600,penalty
8447,130611.0,22.62,ok
24675,130611.0,32.77,ok
14313,130644.2,6.55,ok
9822,130651.2,16.96,ok
10406,130634.1,47.56,ok
18059,130682.0,11.65,ok
15010,130668.5,69.69,ok
14129,130576.8,181.37,ok
7605,130758.5,3.04,ok
7399,130762.0,10.92,ok
25499,130773.3,600,penalty
13321,130682.7,107.62,ok
12530,130790.7,22.23,ok
9651,130813.3,600,penalty
6251,130694.1,129.29,ok
25576,130836.6,10.31,ok
25369,130847.3,27.03,ok
5085,130874.8,600,penalty
14034,130879.3,600,penalty
14553,130823.8,83.36,ok
25250,130738.5,173.51,ok
25403,130912.3,27.1,ok
11345,130939.9,1.18,ok
13307,130942.2,9.47,ok
14628,130907.7,48.32,ok
11540,130941.7,26.8,ok
10678,130958.5,23.48,ok
9752,130982.3,600,penalty
14809,130969.3,17.23,ok
25683,130952.4,41.49,ok
13805,130986.9,17.99,ok
12388,131005.3,19.82,ok
11769,131025.6,12.59,ok
8156,131038.5,7.27,ok
15614,131044.2,16.01,ok
25496,131046.3,600,penalty
12346,130949.3,131.06,ok
17922,131080.8,56.96,ok
25251,131125.1,13.31,ok
25689,131138.8,4.5,ok
19605,131138.2,38.84,ok
10614,131177.4,10.76,ok
7802,131188.6,600,penalty
13438,131060.6,166.93,ok
14677,130994.3,249.67,ok
25492,131228.0,22.72,ok
10074,131244.5,8.69,ok
25781,131253.7,14.23,ok
3924,131258.1,36.41,ok
25701,131251.1,48.19,ok
3050,131295.0,15.43,ok
25246,131310.9,8.34,ok
13912,131299.7,19.89,ok
12846,131320.0,7.29,ok
22951,131319.7,600,penalty
25447,131143.6,248.49,ok
12269,131268.2,127.8,ok
12511,131327.7,95.38,ok
25593,131392.7,46.24,ok
10073,131423.4,30.61,ok
12245,131454.4,8.98,ok
10639,131439.3,26.51,ok
15889,131463.8,7.89,ok
12878,131396.4,85.26,ok
10110,131472.1,29.58,ok
11112,131502.1,3.01,ok
9179,131505.5,26.8,ok
10319,131418.8,120.55,ok
25434,131539.8,600,penalty
11417,131466.4,84.0,ok
9398,131532.7,600,penalty
16177,131482.0,86.29,ok
6373,131568.7,11.26,ok
10499,131550.8,69.46,ok
10330,131617.9,10.1,ok
10549,131620.6,12.52,ok
5123,131633.6,3.6,ok
12150,131628.3,31.4,ok
25752,131604.7,144.28,ok
18997,131749.4,600,penalty
10664,131637.6,145.79,ok
19844,131660.1,141.22,ok
25283,131801.8,600,penalty
13678,131783.8,47.79,ok
25397,131580.4,251.45,ok
15697,131832.4,35.07,ok
10893,131868.0,24.47,ok
17175,131814.7,84.04,ok
10533,131881.0,18.92,ok
13593,131900.4,11.03,ok
17087,131899.3,23.53,ok
25702,131911.9,600,penalty
25377,131923.4,12.12,ok
18656,131893.1,52.19,ok
7653,131936.0,24.38,ok
19169,131960.9,35.66,ok
10237,131832.1,600,penalty
13612,131997.5,600,penalty
16434,131997.0,600,penalty
13133,131945.7,115.64,ok
4722,132073.5,15.04,ok
11235,132073.5,25.43,ok
25562,132074.5,28.37,ok
14409,132089.2,20.74,ok
14578,132099.4,16.18,ok
11584,132103.2,31.87,ok
19122,132116.2,43.46,ok
25559,132160.2,4.41,ok
9924,132061.6,119.29,ok
7308,132135.6,58.02,ok
16989,132110.4,83.25,ok
10335,132194.0,25.52,ok
25263,132194.3,600,penalty
14672,132165.1,68.18,ok
12661,132220.0,600,penalty
12465,132181.7,83.22,ok
11807,132234.9,60.32,ok
13790,132265.3,68.44,ok
10555,132312.2,33.77,ok
16107,132295.8,50.27,ok
3585,132346.4,9.7,ok
12950,132334.1,24.49,ok
11565,132356.6,15.43,ok
13615,132372.4,2.7,ok
14607,132359.1,17.72,ok
11798,132377.3,3.9,ok
2843,132381.5,600,penalty
11216,132346.6,54.18,ok
9594,132401.3,3.02,ok
10322,132375.5,52.36,ok
25679,132404.7,28.06,ok
4886,132453.0,600,penalty
25448,132428.4,34.64,ok
11631,132433.3,65.02,ok
14464,132312.0,198.41,ok
13292,132463.4,75.7,ok
17536,132539.5,5.24,ok
11007,132498.7,46.12,ok
13509,132545.7,4.73,ok
16115,132550.8,39.3,ok
6607,132524.7,72.17,ok
11968,132545.2,52.19,ok
18294,132597.7,2.33,ok
11100,132590.7,13.27,ok
13276,132597.4,19.49,ok
25315,132600.7,17.21,ok
14691,132617.3,12.96,ok
25750,132604.4,26.3,ok
13282,132618.3,12.94,ok
25718,132510.9,124.45,ok
12526,132630.6,11.65,ok
10189,132631.3,37.23,ok
15776,132632.3,600,penalty
11182,132668.9,10.87,ok
25342,132643.1,47.42,ok
7393,132680.2,32.57,ok
25715,132713.2,20.0,ok
7175,132636.2,600,penalty
11883,132735.7,600,penalty
10122,132690.9,600,penalty
11855,132806.7,27.39,ok
17168,132806.6,95.56,ok
15338,132902.7,600,penalty
11215,132806.7,120.83,ok
24380,132834.6,111.96,ok
14222,132928.0,57.04,ok
25563,132971.9,32.05,ok
6383,132985.4,25.01,ok
7203,133004.6,5.93,ok
15877,133010.9,37.96,ok
25395,132947.0,114.23,ok
25507,133010.8,52.73,ok
17870,133049.4,19.76,ok
25284,133063.9,14.01,ok
15243,133069.6,8.46,ok
7255,133078.2,3.12,ok
12384,133081.6,10.45,ok
13352,133092.4,22.09,ok
25435,133078.8,36.8,ok
11804,133114.8,17.01,ok
9000,133115.9,33.65,ok
19434,133132.1,35.84,ok
10914,133168.3,6.05,ok
14549,133174.8,2.66,ok
14468,133177.9,31.52,ok
12083,132733.6,482.43,ok
15619,133210.0,7.1,ok
4676,133216.7,9.08,ok
10225,133217.9,15.19,ok
10548,133226.1,600,penalty
15503,133150.0,600,penalty
9862,133061.7,600,penalty
11446,133266.0,26.01,ok
10501,133292.3,2.1,ok
18457,133298.3,26.78,ok
15508,133298.1,29.01,ok
6158,133325.4,6.98,ok
13516,133332.9,6.4,ok
10334,133294.7,48.73,ok
12805,133339.7,14.01,ok
12237,133343.9,13.66,ok
25324,133354.1,600,penalty
7346,133298.3,600,penalty
13920,133358.0,600,penalty
4464,133425.9,33.43,ok
15046,133425.8,74.82,ok
25582,133425.9,77.46,ok
18706,133501.2,4.98,ok
25691,133506.6,17.46,ok
7306,133503.8,22.81,ok
15015,133459.6,78.01,ok
16119,133527.1,36.61,ok
22838,133564.1,17.74,ok
25433,133538.1,110.83,ok
13591,133649.4,34.07,ok
15662,133683.9,2.75,ok
10696,133687.0,27.94,ok
13827,133715.4,3.04,ok
11063,133582.4,137.4,ok
12293,133327.4,401.56,ok
11518,133719.0,17.16,ok
13587,133729.3,10.04,ok
13063,133739.7,600,penalty
16299,133736.6,600,penalty
25415,133524.4,220.99,ok
16846,133745.9,2.59,ok
7559,133748.9,15.23,ok
11778,133764.5,17.78,ok
23615,133720.2,63.68,ok
6279,133804.7,600,penalty
8474,133784.7,49.94,ok
10316,133835.0,15.01,ok
25780,133850.3,3.21,ok
12467,133854.0,600,penalty
10563,133782.6,86.68,ok
25756,133870.6,14.77,ok
14507,133885.8,11.77,ok
25396,133897.9,34.65,ok
17190,133917.1,18.8,ok
12891,133933.0,13.97,ok
13808,133936.3,12.91,ok
9511,133947.5,5.21,ok
25487,133953.2,600,penalty
9210,133949.7,57.95,ok
16761,133869.6,153.19,ok
10821,134008.0,34.81,ok
25672,133804.7,239.5,ok
10872,134044.7,19.07,ok
11912,134032.8,41.81,ok
9669,134075.3,18.93,ok
25392,134043.2,600,penalty
21150,134023.1,106.93,ok
12735,134064.3,76.69,ok
15906,134130.4,24.53,ok
9012,134141.4,28.15,ok
14320,134169.9,600,penalty
16386,134239.0,20.19,ok
12280,134155.4,106.66,ok
5529,134172.7,600,penalty
16410,134262.5,58.68,ok
5365,134094.9,258.62,ok
14725,134259.6,95.26,ok
12533,134353.8,21.71,ok
8004,134355.3,31.25,ok
16547,134376.0,27.49,ok
25622,134321.6,87.89,ok
14160,134403.8,6.68,ok
13162,134411.0,21.08,ok
11028,134409.8,45.71,ok
15020,134455.9,2.56,ok
10526,134458.8,18.56,ok
12951,134477.8,18.02,ok
3955,134386.9,117.99,ok
14066,134496.2,10.0,ok
10407,134506.6,2.44,ok
13123,134432.5,600,penalty
11087,134359.6,600,penalty
25771,134509.4,600,penalty
17789,134505.3,54.47,ok
16462,134560.1,2.64,ok
13055,134563.1,1.82,ok
10601,134565.2,6.74,ok
19490,134576.8,6.46,ok
11895,134576.8,600,penalty
4412,134572.3,23.88,ok
7587,134584.0,23.78,ok
15217,134608.2,14.37,ok
8487,134651.5,600,penalty
6135,134623.0,74.52,ok
9447,134596.6,110.61,ok
23616,134707.7,30.94,ok
13114,134581.3,163.3,ok
25048,134739.1,600,penalty
7520,134745.0,600,penalty
9421,134697.9,600,penalty
14719,134815.7,92.91,ok
13877,134815.7,106.97,ok
5069,134909.1,19.21,ok
9553,134815.8,113.73,ok
5076,134929.9,3.03,ok
10688,134923.7,20.02,ok
15078,134928.8,15.01,ok
7254,134933.2,16.67,ok
14695,134944.5,20.26,ok
23340,134965.2,8.98,ok
25632,134974.6,600,penalty
8569,134950.2,31.48,ok
6289,134982.1,26.81,ok
17970,135009.5,8.34,ok
25419,135018.3,17.62,ok
7234,134715.2,340.85,ok
11982,135041.5,19.55,ok
10173,135056.5,10.19,ok
12545,135061.4,18.8,ok
25271,135080.7,6.56,ok
25736,135067.1,29.78,ok
7316,135087.6,600,penalty
9956,135097.4,30.57,ok
17697,135128.3,14.5,ok
25365,135167.1,600,penalty
10506,135143.2,39.31,ok
5254,135036.4,151.23,ok
10796,134944.1,247.67,ok
7502,135188.4,37.73,ok
23626,135182.9,49.26,ok
25526,135226.5,7.52,ok
15832,135232.5,4.49,ok
3752,135192.6,57.76,ok
12457,135237.4,21.72,ok
11069,135240.5,19.92,ok
19865,135250.7,600,penalty
25386,135261.7,15.9,ok
25564,135278.0,10.83,ok
8925,135289.2,13.44,ok
15954,135259.4,97.79,ok
13237,135329.5,40.04,ok
25282,135357.8,12.34,ok
9076,135370.4,4.82,ok
15728,135369.9,11.66,ok
12664,135375.7,21.85,ok
5310,135397.9,600,penalty
5119,135234.4,169.01,ok
25454,135404.0,9.35,ok
17332,135382.0,55.65,ok
25654,135438.1,36.74,ok
14194,135461.0,19.32,ok
11095,135475.2,8.01,ok
16751,135483.7,600,penalty
25362,135480.7,5.85,ok
14063,135413.8,84.09,ok
14996,135303.0,221.93,ok
11810,135498.6,26.4,ok
10644,135525.7,14.12,ok
18465,135525.7,600,penalty
11927,135546.9,600,penalty
19969,135540.4,600,penalty
15063,135486.9,114.8,ok
15888,135627.7,9.2,ok
25037,135637.2,3.5,ok
5244,135649.4,10.62,ok
19992,135660.2,37.65,ok
15828,135698.4,2.05,ok
11364,135700.9,29.27,ok
11039,135730.6,160.0,ok
4443,135641.1,286.63,ok
25704,135660.3,312.52,ok
10094,135928.2,44.78,ok
18934,135973.2,52.69,ok
7186,136026.8,6.66,ok
20270,135678.0,600,penalty
20789,135973.4,600,penalty
15326,136034.4,303.33,ok
9409,136338.2,3.09,ok
25519,135891.0,600,penalty
8334,137304.0,18.74,ok
16171,137304.1,19.45,ok
11325,137304.2,600,penalty
25375,137304.5,600,penalty
8053,137304.4,600,penalty
11355,137339.2,600,penalty
11227,137400.6,14.75,ok
16849,137400.8,27.76,ok
11959,137400.8,34.61,ok
25604,137435.9,600,penalty
10916,137400.8,600,penalty
11911,137415.7,600,penalty
25541,137428.9,600,penalty
19677,137497.9,600,penalty
13135,137498.2,600,penalty
25426,137498.2,600,penalty
15887,137498.2,600,penalty
11287,137570.6,600,penalty
14370,137570.6,600,penalty
25400,137571.2,600,penalty
13586,137571.4,600,penalty
15563,137643.6,8.58,ok
25617,137643.8,21.25,ok
15192,137643.8,21.44,ok
13813,137643.8,25.45,ok
25425,137665.7,26.6,ok
17163,137652.9,60.46,ok
25644,137692.7,20.63,ok
16435,137713.9,2.55,ok
16367,137665.5,64.96,ok
15567,137716.8,22.32,ok
6697,137739.4,600,penalty
25476,137730.9,600,penalty
6518,137713.9,48.34,ok
16373,137669.8,104.56,ok
17322,137762.6,38.79,ok
10646,137802.3,600,penalty
10091,137774.7,600,penalty
11740,137802.3,600,penalty
11474,137801.8,600,penalty
11479,137869.6,40.05,ok
18602,137869.3,59.3,ok
21454,137910.1,18.76,ok
14132,137929.0,27.46,ok
18926,137869.6,90.9,ok
13902,137956.9,14.15,ok
25329,137960.9,19.89,ok
11582,137971.4,27.64,ok
15178,137981.1,600,penalty
17966,137999.4,600,penalty
16510,137942.7,600,penalty
4601,137929.4,600,penalty
5543,138062.5,36.64,ok
25574,138064.5,36.69,ok
18664,138101.6,2.55,ok
12096,138099.5,13.49,ok
14936,138064.5,48.84,ok
11198,138104.5,14.36,ok
25678,138119.3,600,penalty
13503,138114.7,18.04,ok
10350,138133.2,8.53,ok
10993,138142.1,600,penalty
13899,138185.2,600,penalty
25508,138204.5,600,penalty
12839,138062.5,177.22,ok
15973,138240.2,3.29,ok
6066,138252.6,15.6,ok
11919,138271.6,21.46,ok
25641,138293.5,21.92,ok
13199,138315.9,20.65,ok
19727,138337.0,9.87,ok
25488,138347.3,14.91,ok
5055,138362.7,3.65,ok
25579,138113.4,278.62,ok
9057,138268.7,125.63,ok
25262,138392.4,28.28,ok
11796,138394.7,58.8,ok
12158,138421.1,44.99,ok
16563,138453.9,20.78,ok
16494,138466.5,33.41,ok
16586,138501.2,6.95,ok
25382,138475.1,56.65,ok
25437,138532.3,39.78,ok
5532,138508.6,68.16,ok
25335,138576.2,30.55,ok
15534,138607.2,9.71,ok
6765,138617.3,55.38,ok
25303,138577.1,109.04,ok
22018,138686.6,7.12,ok
25083,138694.2,4.84,ok
25745,138699.4,9.14,ok
14569,138673.1,37.4,ok
10088,138709.0,15.23,ok
25457,138243.9,515.66,ok
10808,138366.9,446.42,ok
13229,138724.6,90.68,ok
25223,138815.7,5.18,ok
12975,138760.0,62.65,ok
10199,138813.7,22.92,ok
12508,138710.8,142.84,ok
15396,138854.0,600,penalty
13423,138823.2,45.09,ok
25398,138868.8,5.43,ok
3609,138874.5,13.88,ok
11469,138821.3,68.3,ok
14770,138889.9,10.63,ok
25494,138888.9,13.5,ok
10446,138900.9,14.2,ok
25414,138919.6,11.67,ok
5888,138915.4,41.66,ok
14521,138837.0,167.78,ok
8812,139005.2,31.4,ok
19224,139037.0,600,penalty
9182,138902.8,169.7,ok
25690,139072.9,8.32,ok
14315,139104.4,600,penalty
12107,138957.5,194.5,ok
10119,139081.6,120.77,ok
6412,139202.8,600,penalty
13597,139152.5,600,penalty
8693,138931.6,291.09,ok
14471,139223.5,39.39,ok
12940,139263.2,36.51,ok
6917,139286.4,13.84,ok
12183,139300.9,13.48,ok
2895,139286.4,33.97,ok
5765,139315.4,13.16,ok
10125,139328.9,6.93,ok
25389,139320.9,15.34,ok
14099,139336.1,31.64,ok
17514,139368.3,21.74,ok
25703,139300.1,97.9,ok
10262,139168.2,239.09,ok
7164,139398.5,20.35,ok
15733,139419.2,9.26,ok
10368,139428.9,2.37,ok
9726,139431.7,2.6,ok
14830,139434.7,600,penalty
8953,139336.9,600,penalty
14239,139407.7,600,penalty
17391,139390.4,600,penalty
17919,139506.1,21.2,ok
25709,139506.1,27.47,ok
25770,139506.2,29.37,ok
22013,139534.1,600,penalty
14342,139527.7,600,penalty
10075,139507.1,600,penalty
12610,139536.1,600,penalty
18881,139597.6,15.09,ok
13995,139597.6,17.7,ok
3714,139597.8,30.4,ok
25486,139615.7,14.64,ok
8139,139629.0,13.34,ok
25304,139597.8,50.37,ok
4383,139631.1,20.32,ok
8706,139642.9,12.41,ok
17817,139648.7,15.47,ok
11726,139652.3,19.5,ok
25505,139613.6,71.28,ok
15024,139685.4,3.6,ok
19262,139672.3,600,penalty
10155,139664.7,600,penalty
9157,139689.4,600,penalty
25631,139655.7,600,penalty
7368,139756.6,28.13,ok
25545,139755.1,30.09,ok
8805,139785.1,11.45,ok
9855,139756.6,42.92,ok
14998,139786.1,17.42,ok
10361,139804.0,600,penalty
8624,139797.0,600,penalty
14183,139800.0,600,penalty
25436,139756.6,600,penalty
8334,139871.5,5.99,ok
25269,139877.9,4.25,ok
12889,139882.5,16.08,ok
25766,139898.9,15.6,ok
13406,139908.1,41.49,ok
20307,139866.5,149.29,ok
14371,140016.2,24.84,ok
14706,140041.4,10.43,ok
6553,140052.2,12.18,ok
25648,140064.8,20.76,ok
25317,139950.0,140.82,ok
12243,140085.9,10.35,ok
12860,140091.1,9.2,ok
12711,140096.6,12.61,ok
9202,139908.0,600,penalty
11236,140109.7,53.2,ok
13837,140163.2,4.06,ok
17018,140167.7,10.65,ok
25646,140216.8,600,penalty
6064,140100.8,131.29,ok
11547,140232.4,57.24,ok
12297,140178.8,153.18,ok
22566,140332.4,16.44,ok
10818,140349.2,2.91,ok
25623,139915.0,442.62,ok
25741,140290.1,75.57,ok
11266,140280.2,103.15,ok
10340,140366.1,57.82,ok
25658,140358.1,65.78,ok
15022,140424.3,3.78,ok
12764,140424.4,34.6,ok
13216,140383.7,88.12,ok
10759,140472.3,22.3,ok
7660,140495.1,12.18,ok
12190,140507.7,33.89,ok
11614,140352.4,214.05,ok
11082,140566.8,25.92,ok
9997,140593.1,4.08,ok
3676,140428.5,170.69,ok
8507,140599.6,9.24,ok
15014,140597.5,39.62,ok
11154,140609.3,47.55,ok
13380,140637.7,20.18,ok
11638,140657.3,64.82,ok
9117,140658.8,85.01,ok
7391,140722.6,30.36,ok
12142,140744.1,14.32,ok
12232,140758.7,3.22,ok
16447,140753.3,9.29,ok
25300,140762.6,19.47,ok
10170,140764.4,61.57,ok
23725,140782.5,51.92,ok
7777,140826.4,24.54,ok
11541,140834.8,20.81,ok
25753,140855.9,9.92,ok
5053,140866.3,5.11,ok
4690,140871.9,5.67,ok
25481,140878.1,12.14,ok
11753,140459.5,432.29,ok
11703,140542.0,350.12,ok
10754,140892.6,19.78,ok
11999,140912.7,2.14,ok
15092,140892.3,29.08,ok
10137,140915.3,21.07,ok
9814,140936.8,2.68,ok
15351,140890.6,62.77,ok
13626,140939.8,22.51,ok
10848,140962.6,2.02,ok
12518,140851.7,121.49,ok
12402,140921.7,70.68,ok
25446,140992.7,600,penalty
17471,140953.8,71.06,ok
10412,141025.2,12.62,ok
25144,141038.2,2.34,ok
25305,141040.9,7.36,ok
10439,140965.0,87.11,ok
8793,141052.5,20.61,ok
13486,141065.5,24.54,ok
13465,141090.4,600,penalty
14362,140973.5,131.19,ok
25523,141105.1,9.85,ok
12381,141073.5,61.94,ok
5646,141115.3,40.95,ok
19673,141157.7,18.32,ok
12125,141048.7,173.18,ok
18767,141156.6,67.22,ok
11437,141222.2,600,penalty
5080,141224.3,600,penalty
16032,141176.4,600,penalty
16858,141135.8,600,penalty
13479,141288.3,87.44,ok
16740,141288.3,87.44,ok
10829,141288.3,87.46,ok
12941,141288.3,87.46,ok
13673,141376.1,8.9,ok
4291,141376.1,32.75,ok
13364,141409.2,16.2,ok
3501,141425.8,600,penalty
5780,141376.1,122.92,ok
10015,141499.5,600,penalty
11821,141502.5,600,penalty
8218,141386.2,600,penalty
7356,141376.1,600,penalty
25748,141568.3,23.89,ok
6936,141571.2,50.22,ok
25518,141571.2,54.67,ok
15126,141626.3,3.67,ok
25533,141593.1,52.78,ok
25773,141646.3,12.75,ok
6705,141659.3,600,penalty
14790,141621.7,47.53,ok
25379,141669.6,5.57,ok
10031,141675.5,13.37,ok
7258,141689.2,14.56,ok
18038,141630.4,85.98,ok
25249,141723.0,6.86,ok
6618,141730.1,600,penalty
8147,141716.7,18.77,ok
12156,141735.8,8.68,ok
20054,141744.8,14.89,ok
25498,141704.1,75.39,ok
12019,141571.8,221.95,ok
11878,141796.9,600,penalty
14199,141794.2,48.83,ok
25650,141843.4,7.23,ok
25737,141851.0,600,penalty
11542,141760.1,600,penalty
10990,141779.8,600,penalty
9844,141860.6,42.36,ok
10803,141903.2,5.26,ok
10817,141908.9,1.24,ok
12077,141910.5,19.34,ok
7586,141917.8,16.97,ok
11764,141935.3,600,penalty
3836,141917.8,600,penalty
12212,141930.5,34.72,ok
10532,141965.7,9.55,ok
14839,141975.7,600,penalty
11881,141917.8,600,penalty
10606,141998.5,31.71,ok
13940,141999.0,33.3,ok
15172,142030.7,16.39,ok
23393,142032.6,20.46,ok
14716,142039.9,23.73,ok
9702,142064.0,13.83,ok
13026,142039.9,68.17,ok
25700,142053.5,78.25,ok
25356,142047.6,110.09,ok
7346,142159.1,600,penalty
25382,142159.1,600,penalty
11198,142159.1,46.36,ok
12035,142206.0,31.23,ok
14998,142237.7,13.91,ok
25413,142250.3,12.53,ok
13276,142251.9,17.02,ok
17650,142269.3,3.85,ok
7653,142263.3,21.31,ok
13808,142267.1,23.33,ok
25353,142273.5,29.66,ok
9447,142159.1,148.47,ok
12855,142285.0,25.28,ok
6066,142303.5,24.76,ok
8812,142307.9,37.59,ok
13162,142328.6,22.58,ok
8678,142345.9,20.15,ok
19186,142310.6,97.44,ok
25373,142351.7,60.95,ok
11638,142413.2,600,penalty
10499,142408.4,600,penalty
25631,142290.8,145.41,ok
14471,142436.6,18.74,ok
25441,142455.9,6.82,ok
11764,142366.5,100.09,ok
10322,142483.5,600,penalty
10371,142463.2,67.16,ok
11479,142530.8,36.31,ok
14194,142549.3,18.69,ok
11769,142568.8,600,penalty
25563,142567.6,23.9,ok
12764,142591.9,21.39,ok
4883,142613.8,20.41,ok
12096,142632.2,24.19,ok
17870,142656.7,600,penalty
25672,142483.8,210.55,ok
25781,142694.8,9.78,ok
15954,142720.5,600,penalty
4399,142704.9,19.02,ok
13813,142724.4,17.28,ok
25271,142742.0,6.34,ok
11542,142634.6,113.9,ok
25746,142748.9,22.44,ok
22566,142748.8,33.05,ok
15619,142784.3,600,penalty
12940,142782.2,600,penalty
25446,142771.8,600,penalty
11881,142467.2,325.66,ok
16743,142793.2,5.5,ok
25425,142799.0,10.33,ok
10821,142809.7,1.96,ok
12889,142812.0,15.73,ok
11928,142828.0,1.94,ok
16849,142830.3,5.42,ok
19673,142836.0,8.48,ok
8706,142844.8,10.91,ok
7802,142856.3,21.96,ok
14308,142848.3,49.71,ok
18604,142847.2,92.21,ok
15697,142847.2,600,penalty
7107,142939.8,46.16,ok
16858,142878.6,142.85,ok
25552,142986.4,35.88,ok
25386,143021.8,16.67,ok
25294,143038.9,600,penalty
11087,142898.5,159.34,ok
25623,143022.7,600,penalty
25284,143058.2,11.78,ok
10075,143004.8,78.13,ok
11236,143070.3,37.85,ok
16206,143108.5,3.22,ok
25559,143123.8,3.81,ok
25523,143128.1,10.75,ok
5780,143083.3,98.79,ok
13229,143112.2,114.84,ok
8078,143116.0,130.91,ok
9117,143182.6,600,penalty
9057,143139.2,128.14,ok
3609,143267.8,12.45,ok
25488,143280.6,13.2,ok
11952,143247.2,50.45,ok
10350,143294.2,12.73,ok
19224,143307.2,600,penalty
25388,143298.1,600,penalty
16107,143321.9,12.14,ok
14610,143334.3,24.79,ok
13503,143377.0,14.27,ok
8507,143391.7,10.49,ok
25680,143372.8,43.24,ok
25765,143402.6,14.76,ok
12280,143359.5,74.2,ok
25134,143416.9,17.05,ok
12077,143418.0,18.2,ok
25519,143227.3,212.24,ok
10695,143434.3,35.59,ok
11287,143441.7,28.76,ok
13827,143470.2,7.04,ok
13404,143470.9,600,penalty
13438,143477.7,600,penalty
25263,143435.3,600,penalty
11399,143437.1,55.51,ok
13465,143492.9,10.71,ok
14672,143542.3,31.08,ok
3969,143503.9,79.33,ok
11543,143573.8,18.09,ok
12183,143583.7,11.07,ok
5076,143595.2,3.24,ok
5765,143598.9,6.65,ok
25362,143605.9,5.17,ok
12511,143542.7,99.63,ok
10506,143642.7,24.63,ok
4412,143667.8,19.82,ok
7316,143542.3,600,penalty
14315,143688.3,33.22,ok
17168,143721.9,19.52,ok
12190,143741.8,15.06,ok
8139,143757.2,8.51,ok
25530,143592.2,173.48,ok
25335,143766.1,17.36,ok
13626,143777.8,17.59,ok
10601,143795.8,10.11,ok
8156,143806.3,6.01,ok
13133,143611.5,236.77,ok
9210,143848.6,600,penalty
11696,143812.7,600,penalty
16410,143783.9,600,penalty
16761,143766.1,103.55,ok
13790,143869.9,1.49,ok
13093,143871.7,17.5,ok
25654,143889.6,20.96,ok
10368,143910.5,4.99,ok
14549,143910.8,6.95,ok
14854,143915.9,3.31,ok
15728,143912.4,14.32,ok
12545,143911.4,15.31,ok
25533,143927.3,19.16,ok
13417,143927.1,32.16,ok
13540,143959.7,9.69,ok
3752,143969.9,600,penalty
23470,143918.2,58.86,ok
18602,143946.9,46.68,ok
14132,143977.5,23.33,ok
25632,143994.0,15.93,ok
25673,144001.2,10.03,ok
10906,144011.5,11.11,ok
19920,144010.8,12.88,ok
9702,144024.0,4.3,ok
16547,144022.9,6.48,ok
9956,144028.6,31.75,ok
4722,144060.7,7.75,ok
7391,144068.8,12.82,ok
13199,144082.0,24.24,ok
13114,143919.7,201.89,ok
14381,144122.0,600,penalty
9421,144034.0,107.17,ok
7857,144141.7,14.55,ok
25641,144156.6,13.29,ok
7520,144186.1,600,penalty
10804,144106.5,600,penalty
12150,144170.3,18.72,ok
16299,144029.7,159.52,ok
10738,144189.8,31.27,ok
12975,144189.4,46.9,ok
25702,144221.5,14.86,ok
9593,144236.6,4.9,ok
9410,144250.7,600,penalty
13597,144236.6,83.83,ok
14786,144333.3,600,penalty
18934,144250.7,123.7,ok
4690,144398.1,10.38,ok
8178,144374.7,47.29,ok
15508,144408.9,21.68,ok
25251,144422.5,8.33,ok
13352,144431.4,32.54,ok
7674,144464.4,3.69,ok
12054,144321.0,166.96,ok
13712,144242.1,247.71,ok
25576,144488.3,9.7,ok
11878,144468.4,35.2,ok
15024,144504.0,6.8,ok
18656,144431.0,99.2,ok
15172,144530.7,15.5,ok
10406,144498.4,59.76,ok
14370,144546.5,16.87,ok
11740,144559.5,600,penalty
11417,144563.7,600,penalty
11631,144490.2,600,penalty
25435,144511.2,56.53,ok
11235,144568.1,2.46,ok
10334,144570.8,17.51,ok
7660,144626.4,18.74,ok
10458,144645.6,10.07,ok
19992,144656.1,15.4,ok
17297,144626.4,600,penalty
6518,144626.4,600,penalty
10237,144588.7,600,penalty
25396,144671.8,600,penalty
7400,144735.0,18.5,ok
13995,144734.3,23.73,ok
7368,144734.4,27.3,ok
13614,144754.0,600,penalty
12610,144762.5,600,penalty
11830,144734.4,600,penalty
17536,144758.5,600,penalty
25434,144830.5,600,penalty
9876,144832.0,600,penalty
19865,144830.5,600,penalty
16563,144830.5,600,penalty
18664,144903.7,9.68,ok
15973,144913.7,10.86,ok
7164,144904.0,38.48,ok
10173,144924.9,19.36,ok
11661,144942.9,600,penalty
6292,144904.1,600,penalty
13877,144904.1,600,penalty
6135,144944.8,600,penalty
8805,145015.9,9.47,ok
25748,145015.3,600,penalty
10990,145015.9,600,penalty
16969,145027.3,12.67,ok
25577,145015.3,600,penalty
12305,145050.3,2.22,ok
25367,145052.8,11.7,ok
10639,145064.8,13.23,ok
25377,145078.4,9.02,ok
15092,145102.2,9.92,ok
15877,145102.2,10.03,ok
5114,145087.7,27.79,ok
17162,145113.4,17.86,ok
14710,145117.9,21.46,ok
25310,145101.4,61.51,ok
11883,145163.3,600,penalty
18465,145113.4,600,penalty
15077,145139.8,26.6,ok
10569,145166.8,19.79,ok
12467,145131.7,55.4,ok
14904,145187.1,22.56,ok
8332,145228.2,6.15,ok
12909,145210.0,27.7,ok
25753,145238.1,8.48,ok
14203,145234.7,22.71,ok
15243,145247.0,24.34,ok
25336,145271.7,600,penalty
19434,145228.4,99.48,ok
6725,145341.3,600,penalty
10526,145328.2,24.86,ok
9398,145353.4,600,penalty
4443,145187.4,600,penalty
14246,145257.9,600,penalty
10722,145406.3,600,penalty
10335,145434.9,1.74,ok
10618,145471.3,14.92,ok
9076,145486.6,3.03,ok
13587,145471.2,60.13,ok
18457,145471.2,61.19,ok
10110,145490.0,46.02,ok
12950,145536.8,9.03,ok
10548,145531.7,19.09,ok
25714,146309.0,12.64,ok
7308,146319.0,80.28,ok
14043,146314.8,102.22,ok
6409,146322.1,95.08,ok
13827,146417.6,9.32,ok
25492,146399.9,47.45,ok
10075,146417.3,40.1,ok
10031,146447.9,19.19,ok
11399,146427.4,46.5,ok
13308,146457.9,16.58,ok
10189,146467.7,16.04,ok
9669,146484.2,5.67,ok
25759,146490.3,13.41,ok
11182,146504.3,9.56,ok
19727,146514.2,11.97,ok
15300,146526.7,4.75,ok
10407,146532.0,2.3,ok
8793,146534.7,12.77,ok
10664,146474.2,119.35,ok
12293,146304.0,303.96,ok
25676,146608.4,600,penalty
25622,146474.8,155.81,ok
14464,146631.0,600,penalty
10122,146594.1,53.07,ok
25487,146647.6,7.52,ok
25650,146655.6,7.23,ok
11163,146663.3,600,penalty
25419,146678.5,600,penalty
10015,146547.9,600,penalty
2843,146693.0,20.61,ok
25604,146714.0,6.85,ok
25678,146721.2,17.63,ok
16206,146741.0,9.51,ok
25251,146741.0,600,penalty
10833,146750.9,600,penalty
25682,146741.0,600,penalty
14998,146739.1,21.38,ok
8156,146760.8,4.41,ok
18294,146816.2,7.14,ok
25628,146818.3,600,penalty
25617,146816.8,21.34,ok
7356,146765.5,117.88,ok
25498,146883.8,68.83,ok
11325,146953.0,9.57,ok
9553,146823.7,172.42,ok
15534,146996.5,600,penalty
11479,146963.0,37.64,ok
15204,146838.6,163.65,ok
17987,147001.2,18.79,ok
5119,146890.7,133.61,ok
25303,147002.7,27.67,ok
12102,147020.4,15.72,ok
25533,147036.5,37.5,ok
12545,147074.4,17.2,ok
11038,147060.7,47.95,ok
12473,147092.1,16.79,ok
7203,147109.0,6.5,ok
12689,147116.0,6.56,ok
12465,147123.0,600,penalty
12646,147024.6,147.48,ok
19920,147172.5,20.31,ok
25737,147193.3,600,penalty
6279,147109.3,116.97,ok
12849,147030.9,199.5,ok
25413,147230.7,12.17,ok
14194,147226.7,20.16,ok
14342,147247.3,24.37,ok
10755,147272.0,600,penalty
10211,147243.3,59.61,ok
13210,147264.1,59.49,ok
7393,147324.0,23.75,ok
15954,147348.1,600,penalty
12735,147303.3,56.46,ok
13237,147360.2,29.42,ok
10170,147335.5,72.13,ok
7559,147410.5,600,penalty
10274,147408.0,600,penalty
8953,147186.7,600,penalty
5310,147390.0,600,penalty
11540,147476.7,600,penalty
23725,147476.7,600,penalty
25433,147474.7,600,penalty
13479,147476.7,600,penalty
13093,147549.9,600,penalty
13837,147550.0,14.35,ok
25441,147550.0,22.85,ok
25683,147550.0,32.49,ok
13591,147565.0,30.31,ok
17471,147595.7,58.33,ok
10548,147654.4,17.82,ok
10738,147672.5,28.22,ok
25457,147573.4,132.77,ok
5888,147706.5,600,penalty
14790,147701.2,30.2,ok
10993,147582.8,157.64,ok
25342,147731.7,24.25,ok
6727,147740.9,18.26,ok
5123,147775.8,8.54,ok
6703,147784.7,600,penalty
11878,147756.3,44.29,ok
25366,147760.1,47.43,ok
13586,147620.7,198.45,ok
11928,147801.0,32.64,ok
13912,147819.5,28.61,ok
13162,147847.2,21.69,ok
6705,147869.3,600,penalty
10861,147848.5,49.73,ok
11364,147898.6,20.11,ok
3714,147919.0,20.97,ok
11215,147834.0,111.01,ok
8678,147940.5,19.47,ok
25400,147960.3,600,penalty
25415,147807.9,600,penalty
25396,147945.4,600,penalty
16853,147932.0,56.07,ok
25425,148028.0,30.54,ok
6066,148027.3,31.63,ok
12184,148059.7,34.53,ok
25305,148094.7,7.86,ok
13133,147988.4,126.16,ok
25741,148059.1,102.58,ok
12212,148103.0,66.93,ok
12429,148115.0,75.77,ok
25369,148170.3,27.48,ok
13597,148027.3,180.18,ok
11778,148191.1,21.55,ok
12118,148198.1,26.81,ok
19673,148207.8,40.37,ok
9814,148248.5,2.64,ok
13009,148251.6,16.71,ok
15697,148162.3,108.26,ok
25223,148268.7,9.84,ok
25300,148270.9,13.55,ok
14716,148279.1,16.85,ok
9997,148296.5,4.22,ok
25261,148301.2,600,penalty
12054,148364.9,600,penalty
12508,148225.3,149.17,ok
18038,148374.9,600,penalty
25564,148427.0,600,penalty
13917,148213.0,224.91,ok
10872,148438.2,17.41,ok
25398,148456.0,4.89,ok
9202,148284.9,192.13,ok
13250,148477.4,17.33,ok
15733,148480.8,14.01,ok
13593,148496.2,21.96,ok
10817,148518.5,17.75,ok
13229,148536.7,600,penalty
18926,148496.2,78.24,ok
13127,148461.2,129.37,ok
25701,148591.0,50.92,ok
9117,148496.6,600,penalty
25385,148600.0,600,penalty
11883,148642.5,600,penalty
7400,148731.0,21.56,ok
12384,148731.0,26.05,ok
12305,148752.9,5.05,ok
14672,148758.0,13.43,ok
25478,148758.3,18.55,ok
12381,148772.7,19.13,ok
15574,148777.6,17.81,ok
9822,148792.5,27.12,ok
12711,148820.0,22.43,ok
7234,148574.8,268.17,ok
13074,148842.8,24.55,ok
12107,148795.7,84.06,ok
11287,148880.3,5.65,ok
16115,148886.6,20.47,ok
13902,148907.4,2.38,ok
11474,148731.0,183.29,ok
6917,148914.9,5.58,ok
14628,148843.4,77.82,ok
25355,148867.8,62.63,ok
7141,148922.3,14.57,ok
9409,148932.2,9.58,ok
25691,148942.2,600,penalty
15015,148910.5,54.9,ok
10705,148965.8,8.34,ok
23393,148974.5,3.62,ok
6412,148921.0,67.39,ok
17125,148937.4,78.01,ok
17190,149012.0,19.31,ok
15014,149015.9,52.83,ok
14099,149069.0,31.39,ok
25631,149031.8,107.37,ok
19490,149139.6,2.24,ok
7107,149100.9,43.58,ok
22013,149145.6,12.72,ok
10243,149145.7,13.51,ok
3955,149161.3,35.35,ok
10821,149198.8,3.11,ok
25435,149202.3,16.05,ok
25354,148988.9,255.37,ok
25426,149244.7,21.32,ok
18997,149266.5,6.31,ok
25765,149273.2,12.43,ok
10073,149286.0,2.56,ok
5069,149289.1,12.75,ok
16032,149302.2,21.66,ok
25144,149324.1,0.98,ok
25519,148978.4,357.06,ok
11063,149219.2,120.05,ok
11614,149161.4,180.97,ok
11798,149342.7,4.32,ok
12891,149335.9,17.35,ok
25582,149325.4,33.38,ok
21454,149339.6,30.85,ok
8053,149347.5,28.96,ok
10137,149359.8,21.91,ok
7414,149370.8,25.91,ok
9968,149377.2,23.89,ok
10803,149382.3,21.76,ok
25356,149401.5,600,penalty
13292,149397.0,600,penalty
10829,149353.6,600,penalty
12183,149404.7,600,penalty
16462,149497.3,13.84,ok
11216,149497.3,600,penalty
18783,149511.6,600,penalty
5114,149497.3,600,penalty
25414,149497.3,600,penalty
15973,149612.2,6.27,ok
10695,149612.2,600,penalty
12878,149620.2,600,penalty
16743,149612.2,25.77,ok
8060,149612.2,600,penalty
5080,149688.3,17.56,ok
24675,149687.2,23.13,ok
11582,149702.0,20.19,ok
13826,149706.3,22.0,ok
10533,149710.8,22.62,ok
10375,149728.7,23.89,ok
25389,149733.9,19.99,ok
11345,149753.0,22.86,ok
12950,149754.3,23.99,ok
25269,149778.7,6.79,ok
11227,149785.9,14.23,ok
8925,149776.2,32.98,ok
4291,149809.5,10.38,ok
25642,149820.4,14.79,ok
9351,149722.6,142.94,ok
25518,149865.9,14.45,ok
10371,149835.6,48.52,ok
25324,149884.8,5.57,ok
25623,149638.3,273.68,ok
14553,149912.3,24.53,ok
7034,149937.2,11.35,ok
11911,149948.9,6.33,ok
15194,149955.5,20.05,ok
7346,149975.9,51.31,ok
10187,150027.5,2.32,ok
10262,149880.8,223.42,ok
11829,150105.5,3.19,ok
14362,150109.4,46.51,ok
16740,150156.3,9.57,ok
25386,150166.2,6.91,ok
10368,150173.5,2.38,ok
11341,150176.2,8.14,ok
16367,150184.7,23.31,ok
11170,150208.3,5.01,ok
9956,150213.6,9.75,ok
10906,150223.7,10.71,ok
13123,150234.7,26.5,ok
3487,150261.6,23.33,ok
25646,150285.5,15.82,ok
8078,149800.6,511.86,ok
6158,150312.9,3.35,ok
18706,150316.7,3.16,ok
10439,150301.7,34.64,ok
25687,150337.0,23.12,ok
9862,149890.8,473.36,ok
12096,150361.3,3.19,ok
7255,150365.5,5.06,ok
25680,150320.3,54.32,ok
23626,150365.3,10.09,ok
4883,150375.0,4.37,ok
15508,150375.9,4.05,ok
2837,150030.2,352.88,ok
12150,150380.2,600,penalty
9398,150383.6,600,penalty
17332,150379.9,600,penalty
17832,150496.8,19.57,ok
25624,150496.8,107.86,ok
12877,150496.8,107.97,ok
25279,150517.0,88.07,ok
14507,150605.3,25.91,ok
25766,150606.0,25.37,ok
25526,150605.1,31.16,ok
10678,150631.6,14.24,ok
10866,150636.6,13.86,ok
8507,150651.5,13.35,ok
10342,150646.2,600,penalty
11703,150371.2,600,penalty
11266,150631.7,73.98,ok
15567,150706.1,27.56,ok
6292,150740.6,600,penalty
10173,150732.3,17.04,ok
14972,150749.8,8.5,ok
17391,150734.1,98.16,ok
19186,150806.6,52.81,ok
25574,150859.8,16.65,ok
11959,150876.9,17.36,ok
10549,150894.6,7.92,ok
10563,150832.7,71.15,ok
14364,150758.7,161.65,ok
15217,150904.2,35.9,ok
6765,150920.7,25.82,ok
14183,150947.5,600,penalty
25336,150940.4,14.33,ok
25377,150955.2,12.56,ok
10499,150902.8,600,penalty
4443,150665.2,328.46,ok
11437,150968.2,53.48,ok
12245,151015.3,9.77,ok
12764,151022.1,37.77,ok
10682,151060.5,3.25,ok
8487,150994.1,95.58,ok
11952,151090.7,46.43,ok
9651,151025.5,111.63,ok
25712,151138.9,4.82,ok
13216,151064.5,86.0,ok
10893,151138.9,30.99,ok
15172,151151.3,86.31,ok
10916,151144.3,97.39,ok
5254,151170.3,89.0,ok
10088,151238.6,52.1,ok
16373,151242.0,110.25,ok
19844,151259.6,93.02,ok
3501,151291.4,93.47,ok
23470,151353.0,34.65,ok
15063,151048.3,351.7,ok
15828,151400.5,2.45,ok
8198,151403.4,26.25,ok
25284,151388.1,44.54,ok
13380,151430.2,600,penalty
25420,151433.1,600,penalty
7502,151353.0,600,penalty
5216,151385.2,56.15,ok
10316,151441.7,16.89,ok
3585,151458.9,4.46,ok
13352,151463.7,17.95,ok
25541,151481.9,22.0,ok
5543,151504.6,23.69,ok
14250,151504.6,31.95,ok
7316,151537.2,600,penalty
17693,151504.2,60.43,ok
12991,151565.2,23.32,ok
21150,151504.1,88.53,ok
13877,151528.8,70.9,ok
4601,151593.0,33.74,ok
12647,151616.6,22.95,ok
13516,151640.3,6.46,ok
25464,151588.9,60.21,ok
14607,151651.4,24.96,ok
25283,151647.2,36.44,ok
18881,151677.0,10.88,ok
25315,151684.0,15.6,ok
10334,151688.3,36.83,ok
16849,151725.5,8.55,ok
25372,151734.5,9.25,ok
12575,151627.2,145.3,ok
13321,151700.1,74.54,ok
14710,151774.9,24.4,ok
11661,151774.4,44.82,ok
20270,151600.1,600,penalty
11821,151819.7,600,penalty
11236,151799.8,600,penalty
17163,151744.1,595.68,ok
11949,152340.2,600,penalty
25746,152386.4,31.76,ok
14823,152410.8,12.46,ok
5244,152423.6,600,penalty
12915,152386.0,600,penalty
10569,152386.4,600,penalty
25476,152418.5,600,penalty
25471,152489.1,26.45,ok
6553,152489.1,29.22,ok
11518,152515.9,22.16,ok
13922,152518.6,50.08,ok
11999,152569.2,1.95,ok
25365,152571.4,12.56,ok
25321,152538.5,60.66,ok
14381,152599.5,3.19,ok
11541,152584.3,23.74,ok
10990,152608.4,600,penalty
17297,152489.1,194.87,ok
25531,152684.4,5.34,ok
25335,152690.2,9.97,ok
5085,152491.2,242.72,ok
14315,152734.3,600,penalty
5532,152700.6,600,penalty
10796,152603.2,600,penalty
7857,152729.5,14.25,ok
7586,152744.0,2.52,ok
12388,152746.9,15.02,ok
17162,152798.0,13.51,ok
25499,152812.0,600,penalty
12237,152798.0,17.29,ok
9182,152762.2,59.22,ok
16586,152815.8,27.81,ok
25434,152821.9,26.47,ok
13417,152844.0,18.47,ok
13364,152848.7,22.85,ok
3752,152876.3,600,penalty
8569,152940.6,600,penalty
15887,152798.0,203.27,ok
18934,152872.0,131.46,ok
9726,153003.6,5.96,ok
7306,153010.0,16.48,ok
25469,153026.9,12.5,ok
13406,153001.8,40.64,ok
10001,153042.9,16.89,ok
12805,153039.7,24.86,ok
17536,153060.2,17.7,ok
10319,153065.0,36.93,ok
15338,153102.4,600,penalty
14063,153003.9,128.36,ok
7258,153132.7,15.32,ok
11123,153148.5,9.56,ok
6456,153158.5,3.42,ok
25379,153162.3,6.69,ok
14839,153169.5,600,penalty
13282,153166.3,30.43,ok
15776,153078.3,118.95,ok
16494,153197.6,69.38,ok
12889,153233.9,49.62,ok
22566,153283.9,600,penalty
25704,152862.9,429.51,ok
11638,153197.2,114.9,ok
18602,153292.8,62.05,ok
13678,153355.2,600,penalty
16447,153351.7,17.78,ok
7399,153369.9,11.62,ok
14222,153381.9,12.16,ok
12760,153312.5,600,penalty
9924,153267.5,152.48,ok
13423,153426.9,600,penalty
11974,153420.4,10.12,ok
25496,153394.4,72.28,ok
25382,153431.0,51.73,ok
13813,153467.2,27.18,ok
7660,153489.0,17.5,ok
7802,153507.0,9.2,ok
12343,153494.8,23.95,ok
9511,153516.6,4.33,ok
7605,153521.4,3.72,ok
10914,153519.1,19.11,ok
13313,153538.6,600,penalty
18656,153459.3,91.65,ok
14936,153525.6,39.22,ok
19031,153483.1,100.03,ok
7164,153565.1,21.2,ok
15046,153583.5,14.8,ok
11726,153586.8,16.69,ok
17919,153598.7,13.88,ok
25745,153613.1,600,penalty
25699,153603.7,600,penalty
14468,153551.3,70.45,ok
14569,153622.2,22.99,ok
9421,153604.4,46.26,ok
10765,153645.5,8.14,ok
11559,153651.0,4.14,ok
10412,153654.0,4.98,ok
4412,153659.3,14.33,ok
14370,153677.5,31.14,ok
17087,153677.5,41.57,ok
6064,153719.4,600,penalty
25310,153673.9,70.25,ok
25593,153709.4,81.81,ok
12402,153744.5,49.45,ok
12846,153794.9,9.1,ok
10361,153814.8,25.27,ok
25397,153791.6,142.69,ok
17789,153804.4,162.61,ok
8693,153840.5,136.03,ok
10696,153967.5,27.87,ok
15396,153977.5,20.23,ok
12232,153995.9,5.72,ok
9752,154002.0,5.62,ok
14695,153998.7,35.08,ok
14854,154034.1,2.33,ok
10555,154008.0,30.02,ok
16386,154036.9,5.84,ok
9414,154043.1,3.1,ok
25773,154038.4,20.38,ok
15889,154059.2,2.38,ok
23616,154061.9,13.18,ok
23782,154075.4,14.61,ok
12511,154090.4,32.68,ok
15503,153934.7,195.39,ok
25689,154130.5,3.51,ok
9000,154123.4,36.55,ok
11830,154134.3,38.43,ok
25350,154173.2,40.34,ok
10808,153655.5,585.15,ok
10606,154214.0,62.25,ok
16989,154241.0,62.66,ok
11198,154276.7,66.22,ok
16510,154304.1,51.43,ok
25579,154160.5,202.63,ok
25271,154363.4,24.37,ok
25367,154356.0,37.96,ok
13360,154388.2,24.02,ok
14830,154394.3,21.51,ok
5055,154412.7,7.27,ok
6607,154343.4,82.82,ok
12457,154420.4,15.2,ok
12829,154426.7,15.48,ok
11753,154046.5,429.69,ok
25304,154436.1,78.78,ok
12181,154476.7,600,penalty
11631,154416.3,600,penalty
16233,154442.5,600,penalty
15092,154584.7,70.41,ok
19434,154610.2,65.67,ok
11543,154610.2,90.0,ok
7497,154659.5,44.02,ok
12156,154705.0,600,penalty
11696,154702.9,600,penalty
6936,154610.2,600,penalty
25361,154676.2,600,penalty
12243,154772.1,24.14,ok
8004,154772.1,27.66,ok
25334,154772.1,34.17,ok
10199,154800.2,11.64,ok
25329,154796.6,15.61,ok
17856,154807.2,5.52,ok
6388,154812.1,22.28,ok
10601,154814.3,25.77,ok
9618,154834.9,13.14,ok
7520,154840.5,38.3,ok
12269,154814.3,600,penalty
13541,154848.5,600,penalty
12610,154879.2,600,penalty
5765,154961.6,50.95,ok
13092,154961.7,124.51,ok
8447,154961.6,124.6,ok
12533,155013.1,87.59,ok
14677,154772.7,343.81,ok
8046,155116.8,600,penalty
13932,155086.6,600,penalty
11417,155086.7,600,penalty
10639,155101.1,600,penalty
3924,155179.3,29.09,ok
11007,155180.0,39.84,ok
15832,155208.7,27.3,ok
25523,155236.4,10.02,ok
17034,155180.0,81.05,ok
12941,155220.3,40.86,ok
7609,155179.3,600,penalty
5460,155246.8,600,penalty
10128,155261.5,600,penalty
14610,155261.9,600,penalty
25246,155382.6,14.51,ok
23340,155382.5,17.48,ok
17970,155397.5,9.09,ok
15178,155406.9,600,penalty
12280,155382.6,600,penalty
16410,155382.6,600,penalty
25703,155400.4,600,penalty
12518,155483.1,600,penalty
24380,155483.1,600,penalty
9157,155483.1,600,penalty
13615,155577.0,7.58,ok
8332,155577.0,13.62,ok
8403,155585.0,29.37,ok
7674,155614.7,3.68,ok
6135,155618.8,600,penalty
25373,155577.0,600,penalty
4886,155483.1,600,penalty
25752,155591.1,600,penalty
25353,155682.2,30.18,ok
4690,155712.9,23.04,ok
15093,155736.3,3.83,ok
25507,155740.6,600,penalty
25508,155683.5,600,penalty
25436,155682.2,600,penalty
7175,155682.2,600,penalty
15662,155803.6,8.9,ok
17870,155803.6,600,penalty
25654,155803.1,600,penalty
12077,155803.6,600,penalty
25278,155812.9,600,penalty
25370,155891.7,7.99,ok
3050,155892.0,17.63,ok
13540,155910.1,20.41,ok
6518,155892.2,53.88,ok
16177,155900.0,47.19,ok
16547,155931.1,17.98,ok
10501,155946.5,12.02,ok
16171,155958.9,5.78,ok
11100,155949.6,25.91,ok
14246,155976.1,600,penalty
6289,155965.2,600,penalty
11469,155947.5,600,penalty
25317,155891.7,147.75,ok
11112,156039.0,25.79,ok
11787,156039.0,32.48,ok
25600,156065.4,25.09,ok
7653,156040.9,78.97,ok
18457,156039.0,83.5,ok
9076,156120.3,15.64,ok
13341,156136.3,600,penalty
25392,156072.0,600,penalty
25048,156123.2,600,penalty
17966,156091.7,600,penalty
25780,156198.5,4.13,ok
16107,156198.2,27.53,ok
25206,156198.6,27.34,ok
18059,156226.4,6.95,ok
12951,156226.2,600,penalty
14199,156233.7,600,penalty
11804,156198.2,46.12,ok
14719,156244.7,17.95,ok
18604,156203.0,61.67,ok
13673,156265.0,2.11,ok
10526,156263.0,4.37,ok
10644,156267.8,13.32,ok
14471,156281.6,7.24,ok
4618,156267.4,25.25,ok
10754,156289.1,33.66,ok
14578,156323.1,600,penalty
25658,156299.7,600,penalty
8812,156299.8,600,penalty
25666,156293.1,600,penalty
13940,156392.1,17.75,ok
14320,156391.3,600,penalty
25134,156392.1,600,penalty
13899,156391.3,600,penalty
25249,156410.8,600,penalty
9594,156473.4,11.16,ok
25563,156473.4,600,penalty
5957,156473.4,600,penalty
12959,156484.9,600,penalty
12462,156473.0,600,penalty
13995,156548.0,23.42,ok
11912,156548.0,600,penalty
11968,156548.0,600,penalty
25505,156571.9,600,penalty
11446,156547.5,600,penalty
11082,156638.7,600,penalty
14239,156638.7,600,penalty
25553,156638.7,600,penalty
17168,156638.4,600,penalty
15126,156729.7,7.59,ok
25632,156730.2,18.65,ok
16119,156730.2,23.19,ok
14114,156729.7,40.77,ok
25446,156770.9,600,penalty
25750,156749.2,600,penalty
13925,156737.7,600,penalty
13503,156753.7,600,penalty
14018,156833.0,11.91,ok
25083,156833.4,29.72,ok
12137,156845.7,23.43,ok
11628,156863.5,13.72,ok
14066,156869.4,16.59,ok
3969,156877.6,600,penalty
19969,156833.4,600,penalty
10091,156833.4,600,penalty
12083,156886.6,600,penalty
25394,156949.5,600,penalty
14725,156949.0,600,penalty
25097,156949.3,600,penalty
25501,156959.8,600,penalty
15614,157033.1,29.04,ok
11719,157062.6,600,penalty
25577,157031.6,600,penalty
11740,157031.6,600,penalty
8218,157031.6,600,penalty
9210,157127.5,600,penalty
10155,157127.5,600,penalty
7392,157127.5,600,penalty
25629,157127.5,600,penalty
25545,157213.8,23.88,ok
10259,157212.9,27.0,ok
25262,157212.9,29.47,ok
12526,157240.3,7.74,ok
9855,157213.3,37.83,ok
14203,157242.8,17.69,ok
12855,157261.4,33.2,ok
20789,157238.1,600,penalty
25258,157295.0,600,penalty
22761,157251.5,600,penalty
25287,157248.4,600,penalty
9702,157358.3,18.32,ok
6294,157358.3,34.88,ok
12035,157377.1,600,penalty
14371,157358.3,600,penalty
5646,157393.9,600,penalty
25771,157358.3,600,penalty
13839,157458.7,10.91,ok
25340,157470.1,36.34,ok
9410,157506.8,600,penalty
12839,157458.5,600,penalty
5780,157458.2,600,penalty
25403,157458.6,50.85,ok
11547,157509.7,27.11,ok
13808,157537.1,7.16,ok
14409,157544.6,1.66,ok
5053,157546.6,2.8,ok
25753,157549.7,7.06,ok
10074,157557.1,8.23,ok
4745,157570.0,6.85,ok
13612,157565.6,11.89,ok
25781,157570.5,17.98,ok
14691,157578.1,20.68,ok
7226,157599.1,3.13,ok
10335,157588.9,13.8,ok
25362,157603.0,5.4,ok
8178,157570.0,40.63,ok
5076,157608.8,9.04,ok
12190,157602.6,24.14,ok
13135,157611.0,21.43,ok
25641,157618.2,20.32,ok
7551,157627.1,27.28,ok
12664,157632.9,22.07,ok
13438,157655.3,600,penalty
12661,157638.8,600,penalty
10330,157654.7,600,penalty
15351,157577.5,600,penalty
10110,157721.6,22.97,ok
14034,157745.0,600,penalty
10340,157721.0,600,penalty
16434,157721.5,600,penalty
3609,157721.3,600,penalty
25345,157806.9,18.04,ok
19865,157807.0,24.69,ok
12431,157808.9,25.77,ok
15192,157825.3,18.66,ok
13575,157832.1,12.85,ok
25559,157845.3,7.6,ok
25709,157835.1,600,penalty
15010,157808.8,600,penalty
10521,157844.5,600,penalty
8805,157917.2,20.37,ok
19122,157917.2,94.02,ok
20103,157938.4,78.62,ok
22447,158011.6,10.92,ok
9920,157917.2,105.94,ok
13055,158022.8,16.67,ok
11052,157853.2,600,penalty
19605,158023.7,28.02,ok
25294,158052.2,600,penalty
12467,158017.5,600,penalty
25688,158039.8,600,penalty
11095,158112.5,4.97,ok
25454,158118.4,18.88,ok
15619,158114.2,27.0,ok
10172,158114.2,39.72,ok
10742,158137.6,27.73,ok
5463,158141.7,600,penalty
25570,158154.3,600,penalty
10556,158114.2,600,penalty
4722,158165.7,600,penalty
15563,158247.6,13.15,ok
7011,158247.6,16.41,ok
25250,158264.4,600,penalty
25388,158247.6,600,penalty
9012,158261.4,600,penalty
19992,158247.6,600,penalty
4399,158332.4,30.99,ok
2895,158332.6,37.08,ok
14521,158332.6,600,penalty
25437,158363.7,600,penalty
14051,158370.1,12.98,ok
10446,158444.0,22.13,ok
13404,158466.6,9.04,ok
14706,158476.1,11.88,ok
13614,158444.0,45.84,ok
15678,158488.3,20.51,ok
17322,158490.2,23.25,ok
20307,158336.1,178.95,ok
13626,158515.6,15.29,ok
14319,158509.4,22.12,ok
16751,158531.5,11.51,ok
10759,158532.2,31.42,ok
13199,158514.1,55.8,ok
8730,158564.1,14.25,ok
10848,158578.8,2.24,ok
13509,158581.6,3.06,ok
17817,158570.3,34.32,ok
25576,158605.0,8.07,ok
23615,158613.4,600,penalty
16299,158543.5,600,penalty
10722,158585.1,41.12,ok
12406,158383.4,254.5,ok
16846,158638.3,2.75,ok
10406,158641.5,35.43,ok
6725,158677.3,600,penalty
5887,158678.2,600,penalty
8474,158678.2,600,penalty
25700,158626.6,57.88,ok
14132,158684.8,37.59,ok
3030,158722.7,8.61,ok
6697,158731.6,2.01,ok
10618,158745.4,25.92,ok
3836,158734.0,49.18,ok
11889,158783.5,600,penalty
10804,158745.4,600,penalty
7205,158771.8,600,penalty
19571,158745.4,97.95,ok
25481,158846.5,16.79,ok
4076,158843.7,32.64,ok
11154,158846.6,103.26,ok
7391,158950.2,14.64,ok
10543,158877.0,88.21,ok
10731,158965.8,600,penalty
10237,158863.8,600,penalty
4383,158965.3,12.36,ok
15679,158848.2,136.9,ok
8147,158978.1,11.57,ok
17514,158985.4,5.55,ok
14549,159032.2,4.88,ok
17793,159032.2,9.78,ok
25282,159042.4,600,penalty
20054,159037.4,600,penalty
9447,158990.3,600,penalty
14996,158991.4,600,penalty
9593,159106.6,4.11,ok
11235,159107.0,29.54,ok
10125,159106.6,31.89,ok
13920,159137.0,600,penalty
14313,159138.9,9.59,ok
11028,159106.6,52.81,ok
14809,159159.8,9.45,ok
10322,159111.4,59.3,ok
7368,159171.1,10.66,ok
13790,159169.8,14.69,ok
11764,159182.2,600,penalty
23895,159148.9,600,penalty
12380,159195.4,8.63,ok
8706,159203.3,12.27,ok
8139,159215.9,12.79,ok
9792,159248.0,7.93,ok
25562,159248.0,15.74,ok
17875,159256.3,600,penalty
19262,159264.2,600,penalty
16761,159204.4,600,penalty
6107,159229.3,600,penalty
25679,159332.1,600,penalty
25748,159331.9,30.95,ok
17213,159363.3,46.86,ok
25762,159417.3,13.51,ok
7254,159431.3,10.17,ok
25552,159410.6,35.16,ok
25488,159446.2,12.28,ok
17922,159332.1,137.88,ok
11542,159331.9,174.58,ok
18767,159441.8,68.22,ok
12827,159510.6,15.67,ok
11881,159526.6,600,penalty
10109,159458.8,110.79,ok
8334,159592.2,600,penalty
12125,159470.8,600,penalty
13546,159570.0,600,penalty
9972,159506.8,600,penalty
25313,159655.1,16.72,ok
17650,159672.2,14.88,ok
25494,159655.1,600,penalty
14786,159654.6,600,penalty
8614,159687.4,600,penalty
13465,159655.1,600,penalty
7670,159757.6,600,penalty
15888,159757.6,600,penalty
25263,159757.6,600,penalty
13587,159876.1,25.87,ok
12909,159876.1,32.46,ok
10094,159902.3,21.8,ok
25736,159909.0,31.19,ok
3676,159757.6,600,penalty
14129,159876.1,600,penalty
9057,159924.6,600,penalty
25395,159940.7,519.35,ok
14770,160470.4,24.05,ok
17331,160494.8,11.62,ok
25770,160514.4,600,penalty
6618,160494.8,600,penalty
14904,160514.4,600,penalty
23189,160507.0,600,penalty
12860,160706.1,31.41,ok
10614,160706.1,600,penalty
5365,160706.1,600,penalty
22838,160738.0,600,penalty
25651,160706.1,44.15,ok
15024,160802.5,26.56,ok
25530,160750.6,114.34,ok
25644,160829.6,43.36,ok
12019,160800.2,600,penalty
10867,160800.3,600,penalty
11087,160873.3,600,penalty
7777,160865.3,600,penalty
6383,160938.1,600,penalty
25672,160938.0,600,penalty
5529,160938.0,600,penalty
15078,160938.0,22.18,ok
15409,160960.5,19.88,ok
25448,160980.7,11.54,ok
11855,160992.6,4.85,ok
10646,160997.8,7.98,ok
16606,161020.7,21.08,ok
11895,161020.7,38.1,ok
10818,161059.2,3.06,ok
6251,161006.1,106.68,ok
10182,161062.6,61.5,ok
10119,161042.1,88.93,ok
10225,161113.2,40.54,ok
15022,161154.5,4.9,ok
9876,161160.0,15.1,ok
8282,161131.4,61.91,ok
12346,161124.7,69.17,ok
11982,161175.5,25.34,ok
11810,161193.7,12.4,ok
17697,161194.3,11.83,ok
11355,161206.4,3.17,ok
13935,161201.2,8.69,ok
13276,161206.4,23.59,ok
15728,161230.5,9.58,ok
14308,161209.9,38.34,ok
12142,161210.2,41.38,ok
16969,161248.7,3.05,ok
17169,161252.1,4.1,ok
13114,161021.0,246.79,ok
13949,161256.6,19.73,ok
13805,161252.3,44.47,ok
12297,161268.2,600,penalty
11069,161297.2,11.61,ok
19169,161240.4,109.12,ok
16435,161350.0,2.54,ok
9501,161352.9,19.45,ok
25486,161367.8,600,penalty
7026,161372.8,10.8,ok
13485,161384.0,9.87,ok
12370,161394.4,600,penalty
9844,161309.3,108.63,ok
25037,161418.3,22.17,ok
17990,161276.7,174.43,ok
25690,161451.6,10.07,ok
25447,161463.2,600,penalty
16525,161462.1,600,penalty
12158,161444.8,67.22,ok
11796,161441.0,80.68,ok
10350,161512.4,9.46,ok
19224,161522.2,13.33,ok
11769,161522.0,14.73,ok
15243,161537.1,28.69,ok
19677,161535.8,31.4,ok
11927,161566.8,600,penalty
16563,161567.6,600,penalty
12940,161538.0,600,penalty
25375,161538.0,600,penalty
13307,161630.5,10.8,ok
13063,161642.3,22.56,ok
13486,161630.5,35.52,ok
11919,161631.3,35.22,ok
15906,161665.2,27.6,ok
15077,161693.1,16.98,ok
25715,161710.4,600,penalty
13026,161667.0,600,penalty
19935,161666.5,600,penalty
12975,161630.5,600,penalty
18664,161775.8,4.16,ok
15259,161775.8,16.29,ok
17018,161780.3,20.11,ok
4676,161801.0,7.4,ok
10458,161808.7,21.57,ok
8624,161775.7,58.39,ok
22951,161792.4,49.36,ok
25756,161830.7,19.55,ok
12530,161842.2,10.31,ok
15326,161834.5,35.2,ok
4464,161870.1,10.4,ok
10532,161881.0,10.49,ok
7186,161891.8,3.04,ok
9179,161895.2,11.38,ok
11807,161914.4,53.54,ok
25566,161980.5,20.45,ok
15020,162002.1,7.61,ok
25718,162010.6,600,penalty
17175,161852.9,221.64,ok
25412,162075.0,31.94,ok
11584,162107.2,5.34,ok
6373,162112.9,12.53,ok
8277,161850.9,280.93,ok
25673,162132.2,17.65,ok
23703,162150.6,9.72,ok
10506,162119.6,51.56,ok
14160,162160.8,35.58,ok
22018,162196.7,10.24,ok
7587,162171.5,38.61,ok
25648,162207.3,24.23,ok
25702,162232.0,34.92,ok
13712,161775.7,505.45,ok
16858,162210.5,600,penalty
11565,162281.6,600,penalty
11039,162125.8,171.29,ok
18465,162267.5,38.01,ok
15877,162297.5,9.52,ok
10688,162305.9,5.26,ok
12245,162339.1,20.46,ok
15077,162348.6,38.5,ok
25476,162387.5,13.76,ok
11028,162343.9,74.06,ok
25398,162418.6,5.36,ok
11543,162412.2,25.27,ok
8614,162333.9,600,penalty
11796,162348.2,600,penalty
25395,162387.6,600,penalty
17213,162418.8,600,penalty
11100,162435.9,600,penalty
12545,163054.2,3.39,ok
10088,163057.9,1.74,ok
10759,163059.9,5.12,ok
13341,163093.8,12.77,ok
12096,163093.7,20.56,ok
16107,163093.8,22.94,ok
8678,163116.9,600,penalty
10867,163065.4,600,penalty
10340,163114.3,600,penalty
12764,163116.8,600,penalty
7497,163093.8,600,penalty
16969,163245.6,17.12,ok
22018,163245.6,27.92,ok
16171,163267.6,60.13,ok
10412,163273.5,55.33,ok
25691,163226.7,105.6,ok
9822,163246.8,101.24,ok
13626,163273.5,82.11,ok
13541,163329.7,39.79,ok
5244,163344.3,32.02,ok
5055,163363.5,13.16,ok
13808,163329.7,47.37,ok
10335,163363.5,36.22,ok
18664,163378.1,34.6,ok
9702,163377.8,35.12,ok
18997,163403.8,41.96,ok
21454,163413.2,38.85,ok
25672,163413.4,600,penalty
13074,163446.4,600,penalty
11719,163372.8,600,penalty
6936,163377.8,600,penalty
12118,163508.9,600,penalty
18783,163344.4,201.91,ok
25435,163546.7,600,penalty
12137,163581.2,22.66,ok
10350,163581.2,23.19,ok
10549,163581.2,23.7,ok
17331,163581.2,27.13,ok
12805,163605.0,19.32,ok
12243,163608.4,23.87,ok
12915,163605.0,41.55,ok
25310,163632.6,600,penalty
25382,163646.5,600,penalty
25623,163621.8,600,penalty
14034,163647.4,600,penalty
10319,163624.7,55.38,ok
18604,163680.4,18.87,ok
25223,163709.2,20.28,ok
12406,163581.2,159.84,ok
8046,163709.2,600,penalty
12429,163699.6,600,penalty
25342,163709.2,600,penalty
13210,163748.5,600,penalty
24380,163730.0,600,penalty
25642,163729.9,600,penalty
13587,163811.0,105.9,ok
13135,163811.0,107.59,ok
14371,163811.3,600,penalty
3501,163810.6,600,penalty
8403,163809.8,600,penalty
8218,163811.0,600,penalty
5053,163918.3,600,penalty
6064,163926.0,600,penalty
25650,163988.0,14.99,ok
10110,163988.0,22.11,ok
17536,163988.3,29.52,ok
7777,163988.3,34.88,ok
16434,164017.9,600,penalty
14706,164017.9,600,penalty
17697,163987.4,600,penalty
10075,163987.4,600,penalty
9210,164032.4,600,penalty
13216,164032.4,600,penalty
25632,164094.6,20.69,ok
13839,164094.9,32.0,ok
15172,164094.6,600,penalty
6279,164093.9,600,penalty
25641,164094.9,600,penalty
25206,164136.5,600,penalty
14607,164136.5,600,penalty
25714,164093.9,600,penalty
15338,164198.1,600,penalty
25604,164198.7,600,penalty
25370,164198.7,13.5,ok
13026,164201.1,600,penalty
11982,164198.7,17.91,ok
14194,164212.5,5.45,ok
25486,164201.1,21.4,ok
6727,164217.0,23.51,ok
10225,164218.3,27.24,ok
18059,164240.9,12.31,ok
3924,164246.0,26.84,ok
14854,164267.2,6.85,ok
9618,164253.6,26.6,ok
14203,164280.2,14.63,ok
7653,164274.1,21.33,ok
10439,164280.3,600,penalty
13404,164295.5,600,penalty
25628,164267.5,600,penalty
25700,164222.9,600,penalty
10259,164295.6,600,penalty
25508,164297.9,600,penalty
25563,164359.4,23.08,ok
10243,164361.9,600,penalty
15832,164360.2,600,penalty
11341,164360.4,600,penalty
12951,164359.4,600,penalty
25388,164360.4,600,penalty
11830,164388.8,600,penalty
10618,164450.7,600,penalty
10458,164450.8,600,penalty
11039,164450.8,600,penalty
14628,164461.1,600,penalty
7857,164450.8,600,penalty
9553,164450.8,600,penalty
11821,164522.5,600,penalty
12849,164525.1,600,penalty
10155,164526.8,600,penalty
18038,164525.0,600,penalty
7254,164522.5,600,penalty
3955,164526.8,600,penalty
13292,164595.4,600,penalty
25097,164595.4,600,penalty
12388,164597.0,600,penalty
17168,164598.2,600,penalty
13127,164598.1,600,penalty
25718,164596.9,600,penalty
6292,164671.8,600,penalty
25687,164669.7,600,penalty
6725,164669.7,600,penalty
10738,164672.6,600,penalty
13949,164672.4,600,penalty
25436,164669.7,600,penalty
15243,164741.0,29.65,ok
13485,164741.7,600,penalty
14710,164741.1,600,penalty
4443,164771.1,600,penalty
12019,164771.2,600,penalty
11236,164741.4,600,penalty
5216,164741.2,600,penalty
10755,164838.5,20.04,ok
13790,164839.2,20.31,ok
6705,164839.9,34.11,ok
15534,164873.9,600,penalty
10501,164873.9,600,penalty
14786,164838.5,600,penalty
15508,164839.5,600,penalty
25313,164922.8,26.28,ok
15563,164997.4,8.57,ok
10639,164949.5,104.52,ok
10705,164997.3,84.84,ok
11807,164997.4,84.93,ok
9814,165083.0,9.65,ok
25249,165097.8,12.91,ok
11437,165111.2,600,penalty
5085,164997.4,600,penalty
3487,165085.0,54.43,ok
12381,165140.8,52.45,ok
4399,165205.0,33.98,ok
5119,165204.9,88.62,ok
8282,165239.4,63.4,ok
25350,165293.9,30.46,ok
23393,165324.9,3.96,ok
7393,165193.7,145.19,ok
10262,165054.8,297.62,ok
4412,165352.9,600,penalty
13597,165303.2,600,penalty
9862,164838.4,600,penalty
9651,165339.2,74.68,ok
18602,165329.3,87.95,ok
10182,165414.3,15.0,ok
16447,165417.8,12.09,ok
10696,165429.9,16.5,ok
7141,165446.8,8.73,ok
17332,165430.2,25.74,ok
25576,165456.9,16.17,ok
25324,165456.8,17.97,ok
19992,165456.8,21.17,ok
12150,165456.0,600,penalty
11479,165475.1,600,penalty
25258,165475.7,600,penalty
17789,165473.5,600,penalty
25317,165055.0,600,penalty
12661,165548.5,26.09,ok
5532,165580.3,600,penalty
12465,165591.7,600,penalty
20307,165580.3,600,penalty
11703,165591.8,600,penalty
9179,165580.3,600,penalty
14507,165574.9,18.73,ok
13805,165593.9,10.34,ok
22566,165604.6,14.43,ok
13479,165619.3,7.62,ok
12940,165627.3,26.11,ok
4464,165655.1,19.29,ok
12689,165656.9,21.53,ok
10872,165655.1,29.4,ok
5114,165653.7,38.63,ok
16462,165684.3,10.07,ok
17987,165656.9,42.74,ok
12647,165692.9,26.48,ok
25680,165656.3,69.73,ok
25284,165693.1,43.46,ok
7203,165734.0,6.95,ok
8925,165711.1,47.14,ok
25574,165734.2,26.53,ok
12829,165757.7,17.94,ok
25498,165678.3,98.59,ok
25469,165775.6,26.14,ok
10833,165802.0,600,penalty
17322,165776.8,600,penalty
16435,165803.6,600,penalty
25746,165775.9,600,penalty
25361,165711.3,600,penalty
10808,165758.0,116.98,ok
14972,165865.6,29.87,ok
13940,165865.9,30.99,ok
12237,165897.0,18.94,ok
25300,165897.0,34.45,ok
25678,165866.1,77.98,ok
25654,165866.1,98.35,ok
18656,165944.0,66.16,ok
13250,165964.7,54.99,ok
25518,165964.7,69.32,ok
5780,165931.5,122.49,ok
14998,166034.3,20.34,ok
16761,165866.4,198.0,ok
25570,166048.6,20.12,ok
15020,166064.6,6.99,ok
6158,166057.9,14.32,ok
3030,166048.9,31.9,ok
4676,166071.6,11.74,ok
10031,166071.6,15.05,ok
9792,166073.2,21.43,ok
8569,166073.2,600,penalty
5365,166094.7,600,penalty
12991,166083.5,600,penalty
6289,166094.7,600,penalty
25553,165964.7,600,penalty
6607,166117.7,6.28,ok
25144,166124.3,0.73,ok
14770,166125.3,5.38,ok
11927,166131.0,17.78,ok
16525,166170.2,600,penalty
19677,166170.2,600,penalty
14160,166170.2,27.04,ok
14362,166170.2,600,penalty
22761,166197.6,600,penalty
12467,166149.1,600,penalty
25741,166170.2,600,penalty
10361,166249.3,600,penalty
6066,166260.3,600,penalty
9501,166249.3,600,penalty
5460,166260.3,600,penalty
6412,166260.5,600,penalty
10526,166260.5,600,penalty
9726,166327.2,7.34,ok
11345,166326.6,28.24,ok
13162,166326.9,30.76,ok
10274,166357.8,10.06,ok
25315,166327.6,54.34,ok
25335,166367.9,27.24,ok
13352,166327.5,77.02,ok
25261,166395.0,600,penalty
18926,166404.7,600,penalty
25336,166404.6,600,penalty
18465,166357.9,600,penalty
8953,166326.8,600,penalty
15078,166406.5,1.43,ok
25367,166408.2,11.69,ok
9968,166420.3,8.86,ok
13055,166429.4,1.39,ok
12735,166468.2,600,penalty
10015,166431.1,600,penalty
4886,166468.7,600,penalty
17919,166468.8,13.88,ok
12711,166468.8,15.15,ok
11928,166483.4,11.83,ok
25582,166469.9,27.99,ok
25644,166484.4,15.3,ok
25271,166500.1,12.17,ok
25766,166512.7,14.3,ok
11959,166496.2,33.37,ok
12370,166530.0,600,penalty
21150,166544.5,122.36,ok
12346,166527.5,141.99,ok
10322,166669.5,55.68,ok
16858,166598.4,131.18,ok
17990,166533.4,222.47,ok
6917,166725.6,30.61,ok
25750,166756.9,22.9,ok
12891,166730.1,56.8,ok
25329,166785.8,600,penalty
15954,166756.4,600,penalty
11227,166780.3,600,penalty
25415,166498.3,600,penalty
10742,166812.3,3.27,ok
11474,166533.5,317.86,ok
7605,166874.9,16.42,ok
12293,166815.9,600,penalty
11631,166851.6,600,penalty
15503,166874.8,600,penalty
11325,166891.9,600,penalty
7368,166874.8,600,penalty
25433,166874.8,600,penalty
